method,path,auth,contract,actor,status_category,all_categories,test_source,test_result,limitation
GET,/api/health,public,api.health,anonymous,security-property-asserted,security-property-asserted; allowed-control-asserted,tests/release-health.test.ts:30; tests/security-audit-public-head.test.ts:541,Public integrity degradation response is restricted to public state rather than operator resource details: Exact ok/status object after corruption; returns healthy after repair | Expected authorized/public status control: public static metadata: HTTP 200; real HEAD has zero body bytes; GET authorization status matches,Disposable test instance; this assertion covers the named scenario only. | Real ephemeral HTTP for every HEAD and SSE GET; other GET counterparts use disposable harness injection. Named bearer/grant lifecycle case only; no deployed authenticated actors.
GET,/api/health,public,api.health,forged-session,not-checked,not-checked,,No attributed endpoint/actor evidence: Not checked,No claim of runtime testing or source review for this cell; may be outside intended authority.
GET,/api/health,public,api.health,ordinary-member,not-checked,not-checked,,No attributed endpoint/actor evidence: Not checked,No claim of runtime testing or source review for this cell; may be outside intended authority.
GET,/api/health,public,api.health,other-member,not-checked,not-checked,,No attributed endpoint/actor evidence: Not checked,No claim of runtime testing or source review for this cell; may be outside intended authority.
GET,/api/health,public,api.health,administrator,not-checked,not-checked,,No attributed endpoint/actor evidence: Not checked,No claim of runtime testing or source review for this cell; may be outside intended authority.
GET,/api/health,public,api.health,share-holder,not-checked,not-checked,,No attributed endpoint/actor evidence: Not checked,No claim of runtime testing or source review for this cell; may be outside intended authority.
GET,/api/health,public,api.health,request-guest,not-checked,not-checked,,No attributed endpoint/actor evidence: Not checked,No claim of runtime testing or source review for this cell; may be outside intended authority.
GET,/api/health,public,api.health,nearby-guest,not-checked,not-checked,,No attributed endpoint/actor evidence: Not checked,No claim of runtime testing or source review for this cell; may be outside intended authority.
GET,/api/health,public,api.health,same-network-stranger,not-checked,not-checked,,No attributed endpoint/actor evidence: Not checked,No claim of runtime testing or source review for this cell; may be outside intended authority.
GET,/api/health,public,api.health,cross-site-browser,not-checked,not-checked,,No attributed endpoint/actor evidence: Not checked,No claim of runtime testing or source review for this cell; may be outside intended authority.
GET,/api/health,public,api.health,session-without-csrf,not-checked,not-checked,,No attributed endpoint/actor evidence: Not checked,No claim of runtime testing or source review for this cell; may be outside intended authority.
GET,/api/health,public,api.health,rebound-host,not-checked,not-checked,,No attributed endpoint/actor evidence: Not checked,No claim of runtime testing or source review for this cell; may be outside intended authority.
GET,/api/health,public,api.health,revoked-member,not-checked,not-checked,,No attributed endpoint/actor evidence: Not checked,No claim of runtime testing or source review for this cell; may be outside intended authority.
GET,/api/health,public,api.health,authentication-bearer,not-checked,not-checked,,No attributed endpoint/actor evidence: Not checked,No claim of runtime testing or source review for this cell; may be outside intended authority.
GET,/api/health,public,api.health,local-helper,not-checked,not-checked,,No attributed endpoint/actor evidence: Not checked,No claim of runtime testing or source review for this cell; may be outside intended authority.
HEAD,/api/health,public,api.health,anonymous,allowed-control-asserted,allowed-control-asserted,tests/security-audit-public-head.test.ts:541,Expected authorized/public status control: public static metadata: HTTP 200; real HEAD has zero body bytes; GET authorization status matches,Real ephemeral HTTP for every HEAD and SSE GET; other GET counterparts use disposable harness injection. Named bearer/grant lifecycle case only; no deployed authenticated actors.
HEAD,/api/health,public,api.health,forged-session,not-checked,not-checked,,No attributed endpoint/actor evidence: Not checked,No claim of runtime testing or source review for this cell; may be outside intended authority.
HEAD,/api/health,public,api.health,ordinary-member,not-checked,not-checked,,No attributed endpoint/actor evidence: Not checked,No claim of runtime testing or source review for this cell; may be outside intended authority.
HEAD,/api/health,public,api.health,other-member,not-checked,not-checked,,No attributed endpoint/actor evidence: Not checked,No claim of runtime testing or source review for this cell; may be outside intended authority.
HEAD,/api/health,public,api.health,administrator,not-checked,not-checked,,No attributed endpoint/actor evidence: Not checked,No claim of runtime testing or source review for this cell; may be outside intended authority.
HEAD,/api/health,public,api.health,share-holder,not-checked,not-checked,,No attributed endpoint/actor evidence: Not checked,No claim of runtime testing or source review for this cell; may be outside intended authority.
HEAD,/api/health,public,api.health,request-guest,not-checked,not-checked,,No attributed endpoint/actor evidence: Not checked,No claim of runtime testing or source review for this cell; may be outside intended authority.
HEAD,/api/health,public,api.health,nearby-guest,not-checked,not-checked,,No attributed endpoint/actor evidence: Not checked,No claim of runtime testing or source review for this cell; may be outside intended authority.
HEAD,/api/health,public,api.health,same-network-stranger,not-checked,not-checked,,No attributed endpoint/actor evidence: Not checked,No claim of runtime testing or source review for this cell; may be outside intended authority.
HEAD,/api/health,public,api.health,cross-site-browser,not-checked,not-checked,,No attributed endpoint/actor evidence: Not checked,No claim of runtime testing or source review for this cell; may be outside intended authority.
HEAD,/api/health,public,api.health,session-without-csrf,not-checked,not-checked,,No attributed endpoint/actor evidence: Not checked,No claim of runtime testing or source review for this cell; may be outside intended authority.
HEAD,/api/health,public,api.health,rebound-host,not-checked,not-checked,,No attributed endpoint/actor evidence: Not checked,No claim of runtime testing or source review for this cell; may be outside intended authority.
HEAD,/api/health,public,api.health,revoked-member,not-checked,not-checked,,No attributed endpoint/actor evidence: Not checked,No claim of runtime testing or source review for this cell; may be outside intended authority.
HEAD,/api/health,public,api.health,authentication-bearer,not-checked,not-checked,,No attributed endpoint/actor evidence: Not checked,No claim of runtime testing or source review for this cell; may be outside intended authority.
HEAD,/api/health,public,api.health,local-helper,not-checked,not-checked,,No attributed endpoint/actor evidence: Not checked,No claim of runtime testing or source review for this cell; may be outside intended authority.
GET,/api/session,member,api.session.get,anonymous,boundary-asserted,boundary-asserted; observed-request-only,tests/admin.test.ts:211:35; tests/admin.test.ts:217:37; tests/auth.test.ts:214:37; tests/auth.test.ts:28:38; tests/auth.test.ts:38:38; tests/auth.test.ts:51:37; tests/auth.test.ts:551:37; tests/auth.test.ts:567:38; tests/security-audit-auth-direct.test.ts:36:17; tests/security-audit-matrix.test.ts:116:37; tests/security-audit-matrix.test.ts:89:36; tests/setup.test.ts:34:39; tests/security-audit-matrix.test.ts,"authentication boundary: HTTP 401; assertion passed | Request observed in completed test suite; assertion and purpose not inferred: HTTP status counts {""401"": 15, ""403"": 1}","Disposable Fastify injection; missing resource IDs exercise global hooks, not resource ownership or valid payload processing. | May be fixture setup, valid feature/control or malformed request. Preload actor is best-effort at request start; share-bearer paths, revoked cookies and helper/network calls are not reliably classified. No payloads, credentials, fixture usernames or concrete token paths are exported."
GET,/api/session,member,api.session.get,forged-session,boundary-asserted,boundary-asserted,tests/security-audit-matrix.test.ts,authentication boundary: HTTP 401; assertion passed,"Disposable Fastify injection; missing resource IDs exercise global hooks, not resource ownership or valid payload processing."
GET,/api/session,member,api.session.get,ordinary-member,observed-request-only,observed-request-only; read-only-reviewed,tests/admin.test.ts:162:32; tests/admin.test.ts:175:32; tests/admin.test.ts:190:26; tests/admin.test.ts:70:34; tests/admin.test.ts:84:35; tests/auth-passkeys.test.ts:178:19; tests/auth.test.ts:191:33; tests/auth.test.ts:213:16; tests/auth.test.ts:242:29; tests/auth.test.ts:320:18; tests/auth.test.ts:49:34; tests/auth.test.ts:549:31; tests/auth.test.ts:568:18; tests/auth.test.ts:91:36; tests/deliveries.test.ts:195:44; tests/deliveries.test.ts:24:33; tests/link-options.test.ts:226:32; tests/links.test.ts:281:34; tests/local.test.ts:122:32; tests/local.test.ts:308:29; tests/local.test.ts:366:32; tests/nearby.test.ts:103:30; tests/nearby.test.ts:146:32; tests/nearby.test.ts:148:30; tests/nearby.test.ts:51:36; tests/requests.test.ts:337:34; tests/requests.test.ts:586:33; tests/requests.test.ts:752:34; tests/security-audit-auth-direct.test.ts:174:29; tests/security-audit-auth-direct.test.ts:179:42; tests/security-audit-auth-direct.test.ts:242:33; tests/security-audit-auth-direct.test.ts:364:34; tests/security-audit-auth-direct.test.ts:365:38; tests/security-audit-auth-direct.test.ts:77:27; tests/setup.test.ts:250:27; tests/setup.test.ts:256:26; tests/setup.test.ts:267:29; tests/setup.test.ts:63:30; tests/transfers.test.ts:146:29; tests/transfers.test.ts:212:29; tests/transfers.test.ts:406:28; work/security-audit/account-verification.md,"Request observed in completed test suite; assertion and purpose not inferred: HTTP status counts {""200"": 48} | Current session/account/password and passkey ceremony authorization code reviewed: Scoped source review; no additional endpoint/actor runtime assertion claimed","May be fixture setup, valid feature/control or malformed request. Preload actor is best-effort at request start; share-bearer paths, revoked cookies and helper/network calls are not reliably classified. No payloads, credentials, fixture usernames or concrete token paths are exported. | Review describes shared logic; does not prove this exact actor/method/payload combination was exercised."
GET,/api/session,member,api.session.get,other-member,not-checked,not-checked,,No attributed endpoint/actor evidence: Not checked,No claim of runtime testing or source review for this cell; may be outside intended authority.
GET,/api/session,member,api.session.get,administrator,observed-request-only,observed-request-only,tests/admin.test.ts:176:32; tests/auth.test.ts:290:31; tests/auth.test.ts:291:32; tests/auth.test.ts:294:31; tests/security-audit-auth-direct.test.ts:347:18; tests/setup.test.ts:54:32,"Request observed in completed test suite; assertion and purpose not inferred: HTTP status counts {""200"": 6}","May be fixture setup, valid feature/control or malformed request. Preload actor is best-effort at request start; share-bearer paths, revoked cookies and helper/network calls are not reliably classified. No payloads, credentials, fixture usernames or concrete token paths are exported."
GET,/api/session,member,api.session.get,share-holder,boundary-asserted,boundary-asserted; observed-request-only,tests/security-audit-matrix.test.ts; tests/security-audit-matrix.test.ts:89:36,"authentication boundary: HTTP 401; assertion passed | Request observed in completed test suite; assertion and purpose not inferred: HTTP status counts {""401"": 1}","Disposable Fastify injection; missing resource IDs exercise global hooks, not resource ownership or valid payload processing. | May be fixture setup, valid feature/control or malformed request. Preload actor is best-effort at request start; share-bearer paths, revoked cookies and helper/network calls are not reliably classified. No payloads, credentials, fixture usernames or concrete token paths are exported."
GET,/api/session,member,api.session.get,request-guest,boundary-asserted,boundary-asserted; observed-request-only,tests/security-audit-matrix.test.ts; tests/security-audit-matrix.test.ts:89:36,"authentication boundary: HTTP 401; assertion passed | Request observed in completed test suite; assertion and purpose not inferred: HTTP status counts {""401"": 1}","Disposable Fastify injection; missing resource IDs exercise global hooks, not resource ownership or valid payload processing. | May be fixture setup, valid feature/control or malformed request. Preload actor is best-effort at request start; share-bearer paths, revoked cookies and helper/network calls are not reliably classified. No payloads, credentials, fixture usernames or concrete token paths are exported."
GET,/api/session,member,api.session.get,nearby-guest,boundary-asserted,boundary-asserted; observed-request-only,tests/security-audit-matrix.test.ts; tests/security-audit-matrix.test.ts:89:36,"authentication boundary: HTTP 401; assertion passed | Request observed in completed test suite; assertion and purpose not inferred: HTTP status counts {""401"": 1}","Disposable Fastify injection; missing resource IDs exercise global hooks, not resource ownership or valid payload processing. | May be fixture setup, valid feature/control or malformed request. Preload actor is best-effort at request start; share-bearer paths, revoked cookies and helper/network calls are not reliably classified. No payloads, credentials, fixture usernames or concrete token paths are exported."
GET,/api/session,member,api.session.get,same-network-stranger,boundary-asserted,boundary-asserted; observed-request-only,tests/security-audit-matrix.test.ts; tests/security-audit-matrix.test.ts:89:36,"authentication boundary: HTTP 401; assertion passed | Request observed in completed test suite; assertion and purpose not inferred: HTTP status counts {""401"": 1}","Disposable Fastify injection; missing resource IDs exercise global hooks, not resource ownership or valid payload processing. | May be fixture setup, valid feature/control or malformed request. Preload actor is best-effort at request start; share-bearer paths, revoked cookies and helper/network calls are not reliably classified. No payloads, credentials, fixture usernames or concrete token paths are exported."
GET,/api/session,member,api.session.get,cross-site-browser,not-checked,not-checked,,No attributed endpoint/actor evidence: Not checked,No claim of runtime testing or source review for this cell; may be outside intended authority.
GET,/api/session,member,api.session.get,session-without-csrf,not-checked,not-checked,,No attributed endpoint/actor evidence: Not checked,No claim of runtime testing or source review for this cell; may be outside intended authority.
GET,/api/session,member,api.session.get,rebound-host,boundary-asserted,boundary-asserted,tests/security-audit-matrix.test.ts,Host validation: HTTP 403; assertion passed,"Disposable Fastify injection; missing resource IDs exercise global hooks, not resource ownership or valid payload processing."
GET,/api/session,member,api.session.get,revoked-member,boundary-asserted,boundary-asserted; read-only-reviewed,tests/security-audit-account-lifecycle.test.ts:92; tests/security-audit-auth-direct.test.ts:250; work/security-audit/account-verification.md,"Password change, disable and reset invalidate older sessions: 401 | Expired originating session loses read and mutation authority immediately: 401; second valid same-account session remains usable | Current session/account/password and passkey ceremony authorization code reviewed: Scoped source review; no additional endpoint/actor runtime assertion claimed",Disposable test instance; this assertion covers the named scenario only. | Review describes shared logic; does not prove this exact actor/method/payload combination was exercised.
GET,/api/session,member,api.session.get,authentication-bearer,not-checked,not-checked,,No attributed endpoint/actor evidence: Not checked,No claim of runtime testing or source review for this cell; may be outside intended authority.
GET,/api/session,member,api.session.get,local-helper,not-checked,not-checked,,No attributed endpoint/actor evidence: Not checked,No claim of runtime testing or source review for this cell; may be outside intended authority.
HEAD,/api/session,member,api.session.get,anonymous,boundary-asserted,boundary-asserted; observed-request-only,tests/security-audit-matrix.test.ts; tests/security-audit-matrix.test.ts:116:37; tests/security-audit-matrix.test.ts:89:36,"authentication boundary: HTTP 401; assertion passed | Request observed in completed test suite; assertion and purpose not inferred: HTTP status counts {""401"": 2, ""403"": 1}","Disposable Fastify injection; missing resource IDs exercise global hooks, not resource ownership or valid payload processing. | May be fixture setup, valid feature/control or malformed request. Preload actor is best-effort at request start; share-bearer paths, revoked cookies and helper/network calls are not reliably classified. No payloads, credentials, fixture usernames or concrete token paths are exported."
HEAD,/api/session,member,api.session.get,forged-session,boundary-asserted,boundary-asserted,tests/security-audit-matrix.test.ts,authentication boundary: HTTP 401; assertion passed,"Disposable Fastify injection; missing resource IDs exercise global hooks, not resource ownership or valid payload processing."
HEAD,/api/session,member,api.session.get,ordinary-member,read-only-reviewed,read-only-reviewed,work/security-audit/account-verification.md,Current session/account/password and passkey ceremony authorization code reviewed: Scoped source review; no additional endpoint/actor runtime assertion claimed,Review describes shared logic; does not prove this exact actor/method/payload combination was exercised.
HEAD,/api/session,member,api.session.get,other-member,not-checked,not-checked,,No attributed endpoint/actor evidence: Not checked,No claim of runtime testing or source review for this cell; may be outside intended authority.
HEAD,/api/session,member,api.session.get,administrator,not-checked,not-checked,,No attributed endpoint/actor evidence: Not checked,No claim of runtime testing or source review for this cell; may be outside intended authority.
HEAD,/api/session,member,api.session.get,share-holder,boundary-asserted,boundary-asserted; observed-request-only,tests/security-audit-matrix.test.ts; tests/security-audit-matrix.test.ts:89:36,"authentication boundary: HTTP 401; assertion passed | Request observed in completed test suite; assertion and purpose not inferred: HTTP status counts {""401"": 1}","Disposable Fastify injection; missing resource IDs exercise global hooks, not resource ownership or valid payload processing. | May be fixture setup, valid feature/control or malformed request. Preload actor is best-effort at request start; share-bearer paths, revoked cookies and helper/network calls are not reliably classified. No payloads, credentials, fixture usernames or concrete token paths are exported."
HEAD,/api/session,member,api.session.get,request-guest,boundary-asserted,boundary-asserted; observed-request-only,tests/security-audit-matrix.test.ts; tests/security-audit-matrix.test.ts:89:36,"authentication boundary: HTTP 401; assertion passed | Request observed in completed test suite; assertion and purpose not inferred: HTTP status counts {""401"": 1}","Disposable Fastify injection; missing resource IDs exercise global hooks, not resource ownership or valid payload processing. | May be fixture setup, valid feature/control or malformed request. Preload actor is best-effort at request start; share-bearer paths, revoked cookies and helper/network calls are not reliably classified. No payloads, credentials, fixture usernames or concrete token paths are exported."
HEAD,/api/session,member,api.session.get,nearby-guest,boundary-asserted,boundary-asserted; observed-request-only,tests/security-audit-matrix.test.ts; tests/security-audit-matrix.test.ts:89:36,"authentication boundary: HTTP 401; assertion passed | Request observed in completed test suite; assertion and purpose not inferred: HTTP status counts {""401"": 1}","Disposable Fastify injection; missing resource IDs exercise global hooks, not resource ownership or valid payload processing. | May be fixture setup, valid feature/control or malformed request. Preload actor is best-effort at request start; share-bearer paths, revoked cookies and helper/network calls are not reliably classified. No payloads, credentials, fixture usernames or concrete token paths are exported."
HEAD,/api/session,member,api.session.get,same-network-stranger,boundary-asserted,boundary-asserted; observed-request-only,tests/security-audit-matrix.test.ts; tests/security-audit-matrix.test.ts:89:36,"authentication boundary: HTTP 401; assertion passed | Request observed in completed test suite; assertion and purpose not inferred: HTTP status counts {""401"": 1}","Disposable Fastify injection; missing resource IDs exercise global hooks, not resource ownership or valid payload processing. | May be fixture setup, valid feature/control or malformed request. Preload actor is best-effort at request start; share-bearer paths, revoked cookies and helper/network calls are not reliably classified. No payloads, credentials, fixture usernames or concrete token paths are exported."
HEAD,/api/session,member,api.session.get,cross-site-browser,not-checked,not-checked,,No attributed endpoint/actor evidence: Not checked,No claim of runtime testing or source review for this cell; may be outside intended authority.
HEAD,/api/session,member,api.session.get,session-without-csrf,not-checked,not-checked,,No attributed endpoint/actor evidence: Not checked,No claim of runtime testing or source review for this cell; may be outside intended authority.
HEAD,/api/session,member,api.session.get,rebound-host,boundary-asserted,boundary-asserted,tests/security-audit-matrix.test.ts,Host validation: HTTP 403; assertion passed,"Disposable Fastify injection; missing resource IDs exercise global hooks, not resource ownership or valid payload processing."
HEAD,/api/session,member,api.session.get,revoked-member,read-only-reviewed,read-only-reviewed,work/security-audit/account-verification.md,Current session/account/password and passkey ceremony authorization code reviewed: Scoped source review; no additional endpoint/actor runtime assertion claimed,Review describes shared logic; does not prove this exact actor/method/payload combination was exercised.
HEAD,/api/session,member,api.session.get,authentication-bearer,not-checked,not-checked,,No attributed endpoint/actor evidence: Not checked,No claim of runtime testing or source review for this cell; may be outside intended authority.
HEAD,/api/session,member,api.session.get,local-helper,not-checked,not-checked,,No attributed endpoint/actor evidence: Not checked,No claim of runtime testing or source review for this cell; may be outside intended authority.
DELETE,/api/session,member,api.session.signOut,anonymous,boundary-asserted,boundary-asserted; observed-request-only,tests/security-audit-auth-direct.test.ts:36:17; tests/security-audit-matrix.test.ts:101:39; tests/security-audit-matrix.test.ts:116:37; tests/security-audit-matrix.test.ts:89:36; tests/security-audit-matrix.test.ts,"authentication boundary: HTTP 401; assertion passed | Request observed in completed test suite; assertion and purpose not inferred: HTTP status counts {""401"": 3, ""403"": 3}","Disposable Fastify injection; missing resource IDs exercise global hooks, not resource ownership or valid payload processing. | May be fixture setup, valid feature/control or malformed request. Preload actor is best-effort at request start; share-bearer paths, revoked cookies and helper/network calls are not reliably classified. No payloads, credentials, fixture usernames or concrete token paths are exported."
DELETE,/api/session,member,api.session.signOut,forged-session,boundary-asserted,boundary-asserted,tests/security-audit-matrix.test.ts,authentication boundary: HTTP 401; assertion passed,"Disposable Fastify injection; missing resource IDs exercise global hooks, not resource ownership or valid payload processing."
DELETE,/api/session,member,api.session.signOut,ordinary-member,security-property-asserted,security-property-asserted; observed-request-only,tests/auth.test.ts:390; tests/auth.test.ts:390:17; tests/deliveries.test.ts:212:17; tests/local.test.ts:293:20; tests/security-audit-auth-direct.test.ts:213:16; tests/security-audit-auth-direct.test.ts:551:18,"Own signout/revocation removes bound numeric admission authority: Old code redemption 410; signout removes bound code row | Request observed in completed test suite; assertion and purpose not inferred: HTTP status counts {""200"": 5}","Disposable test instance; this assertion covers the named scenario only. | May be fixture setup, valid feature/control or malformed request. Preload actor is best-effort at request start; share-bearer paths, revoked cookies and helper/network calls are not reliably classified. No payloads, credentials, fixture usernames or concrete token paths are exported."
DELETE,/api/session,member,api.session.signOut,other-member,not-checked,not-checked,,No attributed endpoint/actor evidence: Not checked,No claim of runtime testing or source review for this cell; may be outside intended authority.
DELETE,/api/session,member,api.session.signOut,administrator,security-property-asserted,security-property-asserted; observed-request-only,tests/auth.test.ts:292:18; tests/auth.test.ts:35:18; tests/auth.test.ts:35,"Own signout deletes stored session authority and clears the browser credential: Cookie removed; sessions empty; subsequent cookie-free GET session 401 | Request observed in completed test suite; assertion and purpose not inferred: HTTP status counts {""200"": 2}","Disposable test instance; this assertion covers the named scenario only. | May be fixture setup, valid feature/control or malformed request. Preload actor is best-effort at request start; share-bearer paths, revoked cookies and helper/network calls are not reliably classified. No payloads, credentials, fixture usernames or concrete token paths are exported."
DELETE,/api/session,member,api.session.signOut,share-holder,boundary-asserted,boundary-asserted; observed-request-only,tests/security-audit-matrix.test.ts; tests/security-audit-matrix.test.ts:89:36,"authentication boundary: HTTP 401; assertion passed | Request observed in completed test suite; assertion and purpose not inferred: HTTP status counts {""401"": 1}","Disposable Fastify injection; missing resource IDs exercise global hooks, not resource ownership or valid payload processing. | May be fixture setup, valid feature/control or malformed request. Preload actor is best-effort at request start; share-bearer paths, revoked cookies and helper/network calls are not reliably classified. No payloads, credentials, fixture usernames or concrete token paths are exported."
DELETE,/api/session,member,api.session.signOut,request-guest,boundary-asserted,boundary-asserted; observed-request-only,tests/security-audit-matrix.test.ts; tests/security-audit-matrix.test.ts:89:36,"authentication boundary: HTTP 403; assertion passed | Request observed in completed test suite; assertion and purpose not inferred: HTTP status counts {""403"": 1}","Disposable Fastify injection; missing resource IDs exercise global hooks, not resource ownership or valid payload processing. | May be fixture setup, valid feature/control or malformed request. Preload actor is best-effort at request start; share-bearer paths, revoked cookies and helper/network calls are not reliably classified. No payloads, credentials, fixture usernames or concrete token paths are exported."
DELETE,/api/session,member,api.session.signOut,nearby-guest,boundary-asserted,boundary-asserted; observed-request-only,tests/security-audit-matrix.test.ts; tests/security-audit-matrix.test.ts:89:36,"authentication boundary: HTTP 401; assertion passed | Request observed in completed test suite; assertion and purpose not inferred: HTTP status counts {""401"": 1}","Disposable Fastify injection; missing resource IDs exercise global hooks, not resource ownership or valid payload processing. | May be fixture setup, valid feature/control or malformed request. Preload actor is best-effort at request start; share-bearer paths, revoked cookies and helper/network calls are not reliably classified. No payloads, credentials, fixture usernames or concrete token paths are exported."
DELETE,/api/session,member,api.session.signOut,same-network-stranger,boundary-asserted,boundary-asserted; observed-request-only,tests/security-audit-matrix.test.ts; tests/security-audit-matrix.test.ts:89:36,"authentication boundary: HTTP 401; assertion passed | Request observed in completed test suite; assertion and purpose not inferred: HTTP status counts {""401"": 1}","Disposable Fastify injection; missing resource IDs exercise global hooks, not resource ownership or valid payload processing. | May be fixture setup, valid feature/control or malformed request. Preload actor is best-effort at request start; share-bearer paths, revoked cookies and helper/network calls are not reliably classified. No payloads, credentials, fixture usernames or concrete token paths are exported."
DELETE,/api/session,member,api.session.signOut,cross-site-browser,boundary-asserted,boundary-asserted,tests/security-audit-matrix.test.ts,origin: HTTP 403; assertion passed | sec-fetch-site: HTTP 403; assertion passed,"Disposable Fastify injection; missing resource IDs exercise global hooks, not resource ownership or valid payload processing."
DELETE,/api/session,member,api.session.signOut,session-without-csrf,boundary-asserted,boundary-asserted,tests/security-audit-matrix.test.ts,CSRF token: HTTP 403; assertion passed,"Disposable Fastify injection; missing resource IDs exercise global hooks, not resource ownership or valid payload processing."
DELETE,/api/session,member,api.session.signOut,rebound-host,boundary-asserted,boundary-asserted,tests/security-audit-matrix.test.ts,Host validation: HTTP 403; assertion passed,"Disposable Fastify injection; missing resource IDs exercise global hooks, not resource ownership or valid payload processing."
DELETE,/api/session,member,api.session.signOut,revoked-member,not-checked,not-checked,,No attributed endpoint/actor evidence: Not checked,No claim of runtime testing or source review for this cell; may be outside intended authority.
DELETE,/api/session,member,api.session.signOut,authentication-bearer,not-checked,not-checked,,No attributed endpoint/actor evidence: Not checked,No claim of runtime testing or source review for this cell; may be outside intended authority.
DELETE,/api/session,member,api.session.signOut,local-helper,not-checked,not-checked,,No attributed endpoint/actor evidence: Not checked,No claim of runtime testing or source review for this cell; may be outside intended authority.
POST,/api/session/password,public,api.session.password,anonymous,boundary-asserted,boundary-asserted; security-property-asserted; observed-request-only,tests/admin.test.ts:154:24; tests/admin.test.ts:156:32; tests/admin.test.ts:173:24; tests/admin.test.ts:214:17; tests/admin.test.ts:21:24; tests/admin.test.ts:220:32; tests/admin.test.ts:229:24; tests/admin.test.ts:69:25; tests/admin.test.ts:93:24; tests/auth-passkeys.test.ts:126:25; tests/auth-passkeys.test.ts:249:25; tests/auth-passkeys.test.ts:265:25; tests/auth-passkeys.test.ts:332:25; tests/auth-passkeys.test.ts:381:25; tests/auth.test.ts:115:24; tests/auth.test.ts:152:24; tests/auth.test.ts:190:24; tests/auth.test.ts:203:17; tests/auth.test.ts:224:52; tests/auth.test.ts:225:32; tests/auth.test.ts:234:26; tests/auth.test.ts:253:26; tests/auth.test.ts:265:47; tests/auth.test.ts:278:23; tests/auth.test.ts:288:25; tests/auth.test.ts:289:26; tests/auth.test.ts:293:25; tests/auth.test.ts:29:38; tests/auth.test.ts:30:38; tests/auth.test.ts:31:29; tests/auth.test.ts:342:21; tests/auth.test.ts:346:28; tests/auth.test.ts:386:25; tests/auth.test.ts:410:25; tests/auth.test.ts:456:28; tests/auth.test.ts:469:11; tests/auth.test.ts:472:44; tests/auth.test.ts:47:24; tests/auth.test.ts:487:11; tests/auth.test.ts:502:26; tests/auth.test.ts:52:52; tests/auth.test.ts:53:52; tests/auth.test.ts:558:28; tests/auth.test.ts:577:26; tests/auth.test.ts:64:67; tests/auth.test.ts:83:24; tests/deliveries.test.ts:194:28; tests/deliveries.test.ts:21:24; tests/deliveries.test.ts:23:31; tests/library.test.ts:108:26; tests/library.test.ts:131:25; tests/library.test.ts:142:26; tests/library.test.ts:179:26; tests/library.test.ts:209:25; tests/library.test.ts:254:26; tests/library.test.ts:306:26; tests/library.test.ts:342:26; tests/library.test.ts:34:26; tests/library.test.ts:402:28; tests/library.test.ts:414:26; tests/library.test.ts:441:28; tests/library.test.ts:451:26; tests/library.test.ts:457:25; tests/link-options.test.ts:185:25; tests/link-options.test.ts:219:26; tests/link-options.test.ts:220:11; tests/link-options.test.ts:227:52; tests/link-options.test.ts:228:32; tests/link-options.test.ts:22:23; tests/link-options.test.ts:91:28; tests/links.test.ts:20:23; tests/links.test.ts:270:25; tests/links.test.ts:280:16; tests/links.test.ts:85:28; tests/local.test.ts:32:65; tests/local.test.ts:334:26; tests/local.test.ts:365:26; tests/nearby.test.ts:101:24; tests/nearby.test.ts:102:23; tests/nearby.test.ts:145:24; tests/nearby.test.ts:147:23; tests/nearby.test.ts:218:24; tests/nearby.test.ts:28:27; tests/nearby.test.ts:50:26; tests/requests.test.ts:20:23; tests/requests.test.ts:308:25; tests/requests.test.ts:336:24; tests/requests.test.ts:373:25; tests/requests.test.ts:487:25; tests/requests.test.ts:675:28; tests/requests.test.ts:718:18; tests/requests.test.ts:750:25; tests/requests.test.ts:751:24; tests/security-audit-admin-content.test.ts:9:33; tests/security-audit-auth-direct.test.ts:154:21; tests/security-audit-auth-direct.test.ts:238:21; tests/security-audit-auth-direct.test.ts:241:17; tests/security-audit-auth-direct.test.ts:289:23; tests/security-audit-auth-direct.test.ts:362:25; tests/security-audit-auth-direct.test.ts:363:27; tests/security-audit-auth-direct.test.ts:36:17; tests/security-audit-auth-direct.test.ts:48:24; tests/security-audit-auth-direct.test.ts:519:26; tests/security-audit-auth-direct.test.ts:88:24; tests/security-audit-auth-direct.test.ts:89:31; tests/security-audit-matrix.test.ts:101:39; tests/security-audit-matrix.test.ts:116:37; tests/security-audit-matrix.test.ts:36:33; tests/setup.test.ts:192:46; tests/setup.test.ts:235:17; tests/setup.test.ts:247:24; tests/setup.test.ts:281:24; tests/setup.test.ts:310:32; tests/transfers.test.ts:108:26; tests/transfers.test.ts:144:24; tests/transfers.test.ts:191:26; tests/transfers.test.ts:211:26; tests/transfers.test.ts:237:26; tests/transfers.test.ts:279:26; tests/transfers.test.ts:289:25; tests/transfers.test.ts:313:26; tests/transfers.test.ts:316:25; tests/transfers.test.ts:33:26; tests/transfers.test.ts:355:26; tests/transfers.test.ts:367:26; tests/transfers.test.ts:390:26; tests/transfers.test.ts:405:25; tests/transfers.test.ts:453:25; tests/transfers.test.ts:496:25; tests/transfers.test.ts:50:25; tests/transfers.test.ts:61:26; tests/transfers.test.ts:85:26; tests/transfers.test.ts:95:25; tests/auth.test.ts:29; tests/auth.test.ts:65; tests/security-audit-account-lifecycle.test.ts:246; tests/security-audit-auth-direct.test.ts:275,"Disabled account and superseded password cannot sign in: 403 disabled; 401 old password; 200 new password control | In-flight password sign-in cannot survive account disable or authoritative reset: 403 disable; 401 reset; no session inserted | Unknown username and incorrect password cannot sign in: 401 | Failed password sign-in is bounded per address: Ten incorrect-password 401 responses; eleventh 429 | Request observed in completed test suite; assertion and purpose not inferred: HTTP status counts {""200"": 182, ""400"": 1, ""401"": 16, ""403"": 7, ""429"": 1}","Disposable test instance; this assertion covers the named scenario only. | May be fixture setup, valid feature/control or malformed request. Preload actor is best-effort at request start; share-bearer paths, revoked cookies and helper/network calls are not reliably classified. No payloads, credentials, fixture usernames or concrete token paths are exported."
POST,/api/session/password,public,api.session.password,forged-session,not-checked,not-checked,,No attributed endpoint/actor evidence: Not checked,No claim of runtime testing or source review for this cell; may be outside intended authority.
POST,/api/session/password,public,api.session.password,ordinary-member,observed-request-only,observed-request-only; read-only-reviewed,tests/setup.test.ts:271:15; work/security-audit/account-verification.md,"Request observed in completed test suite; assertion and purpose not inferred: HTTP status counts {""200"": 1} | Current session/account/password and passkey ceremony authorization code reviewed: Scoped source review; no additional endpoint/actor runtime assertion claimed","May be fixture setup, valid feature/control or malformed request. Preload actor is best-effort at request start; share-bearer paths, revoked cookies and helper/network calls are not reliably classified. No payloads, credentials, fixture usernames or concrete token paths are exported. | Review describes shared logic; does not prove this exact actor/method/payload combination was exercised."
POST,/api/session/password,public,api.session.password,other-member,not-checked,not-checked,,No attributed endpoint/actor evidence: Not checked,No claim of runtime testing or source review for this cell; may be outside intended authority.
POST,/api/session/password,public,api.session.password,administrator,not-checked,not-checked,,No attributed endpoint/actor evidence: Not checked,No claim of runtime testing or source review for this cell; may be outside intended authority.
POST,/api/session/password,public,api.session.password,share-holder,not-checked,not-checked,,No attributed endpoint/actor evidence: Not checked,No claim of runtime testing or source review for this cell; may be outside intended authority.
POST,/api/session/password,public,api.session.password,request-guest,not-checked,not-checked,,No attributed endpoint/actor evidence: Not checked,No claim of runtime testing or source review for this cell; may be outside intended authority.
POST,/api/session/password,public,api.session.password,nearby-guest,not-checked,not-checked,,No attributed endpoint/actor evidence: Not checked,No claim of runtime testing or source review for this cell; may be outside intended authority.
POST,/api/session/password,public,api.session.password,same-network-stranger,not-checked,not-checked,,No attributed endpoint/actor evidence: Not checked,No claim of runtime testing or source review for this cell; may be outside intended authority.
POST,/api/session/password,public,api.session.password,cross-site-browser,boundary-asserted,boundary-asserted,tests/auth.test.ts:261; tests/security-audit-matrix.test.ts,origin: HTTP 403; assertion passed | sec-fetch-site: HTTP 403; assertion passed | Cross-origin/Fetch Metadata block authenticated device revocation and sign-in: 403; device mutation uses valid ambient member credentials,"Disposable Fastify injection; missing resource IDs exercise global hooks, not resource ownership or valid payload processing. | Disposable test instance; this assertion covers the named scenario only."
POST,/api/session/password,public,api.session.password,session-without-csrf,not-checked,not-checked,,No attributed endpoint/actor evidence: Not checked,No claim of runtime testing or source review for this cell; may be outside intended authority.
POST,/api/session/password,public,api.session.password,rebound-host,boundary-asserted,boundary-asserted,tests/security-audit-matrix.test.ts,Host validation: HTTP 403; assertion passed,"Disposable Fastify injection; missing resource IDs exercise global hooks, not resource ownership or valid payload processing."
POST,/api/session/password,public,api.session.password,revoked-member,read-only-reviewed,read-only-reviewed,work/security-audit/account-verification.md,Current session/account/password and passkey ceremony authorization code reviewed: Scoped source review; no additional endpoint/actor runtime assertion claimed,Review describes shared logic; does not prove this exact actor/method/payload combination was exercised.
POST,/api/session/password,public,api.session.password,authentication-bearer,not-checked,not-checked,,No attributed endpoint/actor evidence: Not checked,No claim of runtime testing or source review for this cell; may be outside intended authority.
POST,/api/session/password,public,api.session.password,local-helper,not-checked,not-checked,,No attributed endpoint/actor evidence: Not checked,No claim of runtime testing or source review for this cell; may be outside intended authority.
POST,/api/session/passkey,public,api.session.passkey,anonymous,observed-request-only,observed-request-only,tests/auth-passkeys.test.ts:165:35; tests/auth-passkeys.test.ts:173:30; tests/auth-passkeys.test.ts:185:41; tests/auth-passkeys.test.ts:189:42; tests/auth-passkeys.test.ts:197:49; tests/auth-passkeys.test.ts:206:47; tests/auth-passkeys.test.ts:222:41; tests/auth-passkeys.test.ts:237:42; tests/auth-passkeys.test.ts:350:31; tests/auth-passkeys.test.ts:356:33; tests/security-audit-auth-direct.test.ts:36:17; tests/security-audit-matrix.test.ts:101:39; tests/security-audit-matrix.test.ts:116:37,"Request observed in completed test suite; assertion and purpose not inferred: HTTP status counts {""200"": 2, ""400"": 5, ""401"": 3, ""403"": 4}","May be fixture setup, valid feature/control or malformed request. Preload actor is best-effort at request start; share-bearer paths, revoked cookies and helper/network calls are not reliably classified. No payloads, credentials, fixture usernames or concrete token paths are exported."
POST,/api/session/passkey,public,api.session.passkey,forged-session,not-checked,not-checked,,No attributed endpoint/actor evidence: Not checked,No claim of runtime testing or source review for this cell; may be outside intended authority.
POST,/api/session/passkey,public,api.session.passkey,ordinary-member,read-only-reviewed,read-only-reviewed,work/security-audit/account-verification.md,Current session/account/password and passkey ceremony authorization code reviewed: Scoped source review; no additional endpoint/actor runtime assertion claimed,Review describes shared logic; does not prove this exact actor/method/payload combination was exercised.
POST,/api/session/passkey,public,api.session.passkey,other-member,not-checked,not-checked,,No attributed endpoint/actor evidence: Not checked,No claim of runtime testing or source review for this cell; may be outside intended authority.
POST,/api/session/passkey,public,api.session.passkey,administrator,not-checked,not-checked,,No attributed endpoint/actor evidence: Not checked,No claim of runtime testing or source review for this cell; may be outside intended authority.
POST,/api/session/passkey,public,api.session.passkey,share-holder,not-checked,not-checked,,No attributed endpoint/actor evidence: Not checked,No claim of runtime testing or source review for this cell; may be outside intended authority.
POST,/api/session/passkey,public,api.session.passkey,request-guest,not-checked,not-checked,,No attributed endpoint/actor evidence: Not checked,No claim of runtime testing or source review for this cell; may be outside intended authority.
POST,/api/session/passkey,public,api.session.passkey,nearby-guest,not-checked,not-checked,,No attributed endpoint/actor evidence: Not checked,No claim of runtime testing or source review for this cell; may be outside intended authority.
POST,/api/session/passkey,public,api.session.passkey,same-network-stranger,not-checked,not-checked,,No attributed endpoint/actor evidence: Not checked,No claim of runtime testing or source review for this cell; may be outside intended authority.
POST,/api/session/passkey,public,api.session.passkey,cross-site-browser,boundary-asserted,boundary-asserted,tests/security-audit-matrix.test.ts,origin: HTTP 403; assertion passed | sec-fetch-site: HTTP 403; assertion passed,"Disposable Fastify injection; missing resource IDs exercise global hooks, not resource ownership or valid payload processing."
POST,/api/session/passkey,public,api.session.passkey,session-without-csrf,not-checked,not-checked,,No attributed endpoint/actor evidence: Not checked,No claim of runtime testing or source review for this cell; may be outside intended authority.
POST,/api/session/passkey,public,api.session.passkey,rebound-host,boundary-asserted,boundary-asserted,tests/security-audit-matrix.test.ts,Host validation: HTTP 403; assertion passed,"Disposable Fastify injection; missing resource IDs exercise global hooks, not resource ownership or valid payload processing."
POST,/api/session/passkey,public,api.session.passkey,revoked-member,read-only-reviewed,read-only-reviewed,work/security-audit/account-verification.md,Current session/account/password and passkey ceremony authorization code reviewed: Scoped source review; no additional endpoint/actor runtime assertion claimed,Review describes shared logic; does not prove this exact actor/method/payload combination was exercised.
POST,/api/session/passkey,public,api.session.passkey,authentication-bearer,boundary-asserted,boundary-asserted; security-property-asserted,tests/auth-passkeys.test.ts:174; tests/auth-passkeys.test.ts:241; tests/auth-passkeys.test.ts:329,"Concurrent assertions cannot create two sessions from one stored counter: Exactly one stored-counter assertion can sign in | No-UV, replayed, unknown, wrong-challenge, unregistered and cross-ceremony assertions cannot sign in: 400 for UV/challenge/replay/ceremony; unregistered credential 401 | Removed authenticator credential cannot sign in: 401",Disposable test instance; this assertion covers the named scenario only.
POST,/api/session/passkey,public,api.session.passkey,local-helper,not-checked,not-checked,,No attributed endpoint/actor evidence: Not checked,No claim of runtime testing or source review for this cell; may be outside intended authority.
POST,/api/session/passkey/options,public,api.session.passkeyOptions,anonymous,security-property-asserted,security-property-asserted; observed-request-only,tests/auth-passkeys.test.ts:159:34; tests/auth-passkeys.test.ts:164:38; tests/auth-passkeys.test.ts:195:46; tests/auth-passkeys.test.ts:205:46; tests/auth-passkeys.test.ts:236:45; tests/auth-passkeys.test.ts:347:13; tests/auth-passkeys.test.ts:348:14; tests/security-audit-auth-direct.test.ts:36:17; tests/security-audit-matrix.test.ts:101:39; tests/security-audit-matrix.test.ts:116:37; tests/auth-passkeys.test.ts:166,"Username-free sign-in options do not enumerate credential IDs and require user verification: Empty allowed credential list; userVerification required | Request observed in completed test suite; assertion and purpose not inferred: HTTP status counts {""200"": 7, ""403"": 4}","Disposable test instance; this assertion covers the named scenario only. | May be fixture setup, valid feature/control or malformed request. Preload actor is best-effort at request start; share-bearer paths, revoked cookies and helper/network calls are not reliably classified. No payloads, credentials, fixture usernames or concrete token paths are exported."
POST,/api/session/passkey/options,public,api.session.passkeyOptions,forged-session,not-checked,not-checked,,No attributed endpoint/actor evidence: Not checked,No claim of runtime testing or source review for this cell; may be outside intended authority.
POST,/api/session/passkey/options,public,api.session.passkeyOptions,ordinary-member,read-only-reviewed,read-only-reviewed,work/security-audit/account-verification.md,Current session/account/password and passkey ceremony authorization code reviewed: Scoped source review; no additional endpoint/actor runtime assertion claimed,Review describes shared logic; does not prove this exact actor/method/payload combination was exercised.
POST,/api/session/passkey/options,public,api.session.passkeyOptions,other-member,not-checked,not-checked,,No attributed endpoint/actor evidence: Not checked,No claim of runtime testing or source review for this cell; may be outside intended authority.
POST,/api/session/passkey/options,public,api.session.passkeyOptions,administrator,not-checked,not-checked,,No attributed endpoint/actor evidence: Not checked,No claim of runtime testing or source review for this cell; may be outside intended authority.
POST,/api/session/passkey/options,public,api.session.passkeyOptions,share-holder,not-checked,not-checked,,No attributed endpoint/actor evidence: Not checked,No claim of runtime testing or source review for this cell; may be outside intended authority.
POST,/api/session/passkey/options,public,api.session.passkeyOptions,request-guest,not-checked,not-checked,,No attributed endpoint/actor evidence: Not checked,No claim of runtime testing or source review for this cell; may be outside intended authority.
POST,/api/session/passkey/options,public,api.session.passkeyOptions,nearby-guest,not-checked,not-checked,,No attributed endpoint/actor evidence: Not checked,No claim of runtime testing or source review for this cell; may be outside intended authority.
POST,/api/session/passkey/options,public,api.session.passkeyOptions,same-network-stranger,not-checked,not-checked,,No attributed endpoint/actor evidence: Not checked,No claim of runtime testing or source review for this cell; may be outside intended authority.
POST,/api/session/passkey/options,public,api.session.passkeyOptions,cross-site-browser,boundary-asserted,boundary-asserted,tests/security-audit-matrix.test.ts,origin: HTTP 403; assertion passed | sec-fetch-site: HTTP 403; assertion passed,"Disposable Fastify injection; missing resource IDs exercise global hooks, not resource ownership or valid payload processing."
POST,/api/session/passkey/options,public,api.session.passkeyOptions,session-without-csrf,not-checked,not-checked,,No attributed endpoint/actor evidence: Not checked,No claim of runtime testing or source review for this cell; may be outside intended authority.
POST,/api/session/passkey/options,public,api.session.passkeyOptions,rebound-host,boundary-asserted,boundary-asserted,tests/security-audit-matrix.test.ts,Host validation: HTTP 403; assertion passed,"Disposable Fastify injection; missing resource IDs exercise global hooks, not resource ownership or valid payload processing."
POST,/api/session/passkey/options,public,api.session.passkeyOptions,revoked-member,read-only-reviewed,read-only-reviewed,work/security-audit/account-verification.md,Current session/account/password and passkey ceremony authorization code reviewed: Scoped source review; no additional endpoint/actor runtime assertion claimed,Review describes shared logic; does not prove this exact actor/method/payload combination was exercised.
POST,/api/session/passkey/options,public,api.session.passkeyOptions,authentication-bearer,not-checked,not-checked,,No attributed endpoint/actor evidence: Not checked,No claim of runtime testing or source review for this cell; may be outside intended authority.
POST,/api/session/passkey/options,public,api.session.passkeyOptions,local-helper,not-checked,not-checked,,No attributed endpoint/actor evidence: Not checked,No claim of runtime testing or source review for this cell; may be outside intended authority.
POST,/api/session/join,public,api.session.join,anonymous,observed-request-only,observed-request-only,tests/admin.test.ts:108:32; tests/admin.test.ts:131:48; tests/admin.test.ts:155:17; tests/admin.test.ts:174:17; tests/admin.test.ts:22:17; tests/admin.test.ts:69:19; tests/auth-passkeys.test.ts:126:19; tests/auth-passkeys.test.ts:249:19; tests/auth-passkeys.test.ts:265:19; tests/auth-passkeys.test.ts:332:19; tests/auth-passkeys.test.ts:381:19; tests/auth.test.ts:119:28; tests/auth.test.ts:129:40; tests/auth.test.ts:134:32; tests/auth.test.ts:140:39; tests/auth.test.ts:161:19; tests/auth.test.ts:190:18; tests/auth.test.ts:234:20; tests/auth.test.ts:253:20; tests/auth.test.ts:278:17; tests/auth.test.ts:346:22; tests/auth.test.ts:386:19; tests/auth.test.ts:410:19; tests/auth.test.ts:469:5; tests/auth.test.ts:487:5; tests/auth.test.ts:48:19; tests/auth.test.ts:502:20; tests/auth.test.ts:558:22; tests/auth.test.ts:577:20; tests/auth.test.ts:83:18; tests/deliveries.test.ts:194:22; tests/deliveries.test.ts:21:18; tests/library.test.ts:108:20; tests/library.test.ts:131:19; tests/library.test.ts:142:20; tests/library.test.ts:179:20; tests/library.test.ts:209:19; tests/library.test.ts:254:20; tests/library.test.ts:306:20; tests/library.test.ts:342:20; tests/library.test.ts:34:20; tests/library.test.ts:402:22; tests/library.test.ts:414:20; tests/library.test.ts:441:22; tests/library.test.ts:451:20; tests/library.test.ts:457:19; tests/link-options.test.ts:185:19; tests/link-options.test.ts:219:20; tests/link-options.test.ts:220:5; tests/link-options.test.ts:22:17; tests/link-options.test.ts:91:22; tests/links.test.ts:20:17; tests/links.test.ts:270:19; tests/links.test.ts:85:22; tests/local.test.ts:32:59; tests/local.test.ts:334:20; tests/local.test.ts:365:20; tests/nearby.test.ts:101:18; tests/nearby.test.ts:102:17; tests/nearby.test.ts:145:18; tests/nearby.test.ts:147:17; tests/nearby.test.ts:218:18; tests/nearby.test.ts:50:20; tests/requests.test.ts:20:17; tests/requests.test.ts:308:19; tests/requests.test.ts:373:19; tests/requests.test.ts:487:19; tests/requests.test.ts:675:22; tests/requests.test.ts:750:19; tests/security-audit-admin-content.test.ts:10:19; tests/security-audit-auth-direct.test.ts:175:21; tests/security-audit-auth-direct.test.ts:239:19; tests/security-audit-auth-direct.test.ts:362:19; tests/security-audit-auth-direct.test.ts:363:21; tests/security-audit-auth-direct.test.ts:36:17; tests/security-audit-auth-direct.test.ts:48:18; tests/security-audit-auth-direct.test.ts:519:20; tests/security-audit-auth-direct.test.ts:88:18; tests/security-audit-matrix.test.ts:101:39; tests/security-audit-matrix.test.ts:116:37; tests/security-audit-matrix.test.ts:37:22; tests/setup.test.ts:248:17; tests/setup.test.ts:249:5; tests/setup.test.ts:282:19; tests/setup.test.ts:283:21; tests/setup.test.ts:62:17; tests/transfers.test.ts:108:20; tests/transfers.test.ts:145:20; tests/transfers.test.ts:191:20; tests/transfers.test.ts:211:20; tests/transfers.test.ts:237:20; tests/transfers.test.ts:279:20; tests/transfers.test.ts:289:19; tests/transfers.test.ts:313:20; tests/transfers.test.ts:316:19; tests/transfers.test.ts:33:20; tests/transfers.test.ts:355:20; tests/transfers.test.ts:367:20; tests/transfers.test.ts:390:20; tests/transfers.test.ts:405:19; tests/transfers.test.ts:453:19; tests/transfers.test.ts:496:19; tests/transfers.test.ts:50:19; tests/transfers.test.ts:61:20; tests/transfers.test.ts:85:20; tests/transfers.test.ts:95:19,"Request observed in completed test suite; assertion and purpose not inferred: HTTP status counts {""200"": 148, ""403"": 4, ""409"": 1, ""410"": 4}","May be fixture setup, valid feature/control or malformed request. Preload actor is best-effort at request start; share-bearer paths, revoked cookies and helper/network calls are not reliably classified. No payloads, credentials, fixture usernames or concrete token paths are exported."
POST,/api/session/join,public,api.session.join,forged-session,not-checked,not-checked,,No attributed endpoint/actor evidence: Not checked,No claim of runtime testing or source review for this cell; may be outside intended authority.
POST,/api/session/join,public,api.session.join,ordinary-member,not-checked,not-checked,,No attributed endpoint/actor evidence: Not checked,No claim of runtime testing or source review for this cell; may be outside intended authority.
POST,/api/session/join,public,api.session.join,other-member,not-checked,not-checked,,No attributed endpoint/actor evidence: Not checked,No claim of runtime testing or source review for this cell; may be outside intended authority.
POST,/api/session/join,public,api.session.join,administrator,not-checked,not-checked,,No attributed endpoint/actor evidence: Not checked,No claim of runtime testing or source review for this cell; may be outside intended authority.
POST,/api/session/join,public,api.session.join,share-holder,not-checked,not-checked,,No attributed endpoint/actor evidence: Not checked,No claim of runtime testing or source review for this cell; may be outside intended authority.
POST,/api/session/join,public,api.session.join,request-guest,not-checked,not-checked,,No attributed endpoint/actor evidence: Not checked,No claim of runtime testing or source review for this cell; may be outside intended authority.
POST,/api/session/join,public,api.session.join,nearby-guest,not-checked,not-checked,,No attributed endpoint/actor evidence: Not checked,No claim of runtime testing or source review for this cell; may be outside intended authority.
POST,/api/session/join,public,api.session.join,same-network-stranger,not-checked,not-checked,,No attributed endpoint/actor evidence: Not checked,No claim of runtime testing or source review for this cell; may be outside intended authority.
POST,/api/session/join,public,api.session.join,cross-site-browser,boundary-asserted,boundary-asserted,tests/security-audit-matrix.test.ts,origin: HTTP 403; assertion passed | sec-fetch-site: HTTP 403; assertion passed,"Disposable Fastify injection; missing resource IDs exercise global hooks, not resource ownership or valid payload processing."
POST,/api/session/join,public,api.session.join,session-without-csrf,not-checked,not-checked,,No attributed endpoint/actor evidence: Not checked,No claim of runtime testing or source review for this cell; may be outside intended authority.
POST,/api/session/join,public,api.session.join,rebound-host,boundary-asserted,boundary-asserted,tests/security-audit-matrix.test.ts,Host validation: HTTP 403; assertion passed,"Disposable Fastify injection; missing resource IDs exercise global hooks, not resource ownership or valid payload processing."
POST,/api/session/join,public,api.session.join,revoked-member,not-checked,not-checked,,No attributed endpoint/actor evidence: Not checked,No claim of runtime testing or source review for this cell; may be outside intended authority.
POST,/api/session/join,public,api.session.join,authentication-bearer,boundary-asserted,boundary-asserted,tests/admin.test.ts:130; tests/auth.test.ts:128; tests/security-audit-auth-direct.test.ts:171,Concurrent invitation redemption is single-use: 200 once; replay 410 | Consumed/expired invitation cannot join; username-conflict attempt does not consume the invitation: Consumed/expired 410; conflict 409; failed attempt rolls back | Withdrawn invitation cannot be inspected or redeemed: 410,Disposable test instance; this assertion covers the named scenario only.
POST,/api/session/join,public,api.session.join,local-helper,not-checked,not-checked,,No attributed endpoint/actor evidence: Not checked,No claim of runtime testing or source review for this cell; may be outside intended authority.
POST,/api/session/code,public,api.session.code,anonymous,observed-request-only,observed-request-only,tests/auth.test.ts:217:30; tests/auth.test.ts:317:29; tests/auth.test.ts:323:40; tests/auth.test.ts:326:39; tests/auth.test.ts:350:20; tests/auth.test.ts:371:59; tests/security-audit-auth-direct.test.ts:36:17; tests/security-audit-matrix.test.ts:101:39; tests/security-audit-matrix.test.ts:116:37,"Request observed in completed test suite; assertion and purpose not inferred: HTTP status counts {""200"": 2, ""403"": 4, ""410"": 8}","May be fixture setup, valid feature/control or malformed request. Preload actor is best-effort at request start; share-bearer paths, revoked cookies and helper/network calls are not reliably classified. No payloads, credentials, fixture usernames or concrete token paths are exported."
POST,/api/session/code,public,api.session.code,forged-session,not-checked,not-checked,,No attributed endpoint/actor evidence: Not checked,No claim of runtime testing or source review for this cell; may be outside intended authority.
POST,/api/session/code,public,api.session.code,ordinary-member,not-checked,not-checked,,No attributed endpoint/actor evidence: Not checked,No claim of runtime testing or source review for this cell; may be outside intended authority.
POST,/api/session/code,public,api.session.code,other-member,not-checked,not-checked,,No attributed endpoint/actor evidence: Not checked,No claim of runtime testing or source review for this cell; may be outside intended authority.
POST,/api/session/code,public,api.session.code,administrator,not-checked,not-checked,,No attributed endpoint/actor evidence: Not checked,No claim of runtime testing or source review for this cell; may be outside intended authority.
POST,/api/session/code,public,api.session.code,share-holder,not-checked,not-checked,,No attributed endpoint/actor evidence: Not checked,No claim of runtime testing or source review for this cell; may be outside intended authority.
POST,/api/session/code,public,api.session.code,request-guest,not-checked,not-checked,,No attributed endpoint/actor evidence: Not checked,No claim of runtime testing or source review for this cell; may be outside intended authority.
POST,/api/session/code,public,api.session.code,nearby-guest,not-checked,not-checked,,No attributed endpoint/actor evidence: Not checked,No claim of runtime testing or source review for this cell; may be outside intended authority.
POST,/api/session/code,public,api.session.code,same-network-stranger,not-checked,not-checked,,No attributed endpoint/actor evidence: Not checked,No claim of runtime testing or source review for this cell; may be outside intended authority.
POST,/api/session/code,public,api.session.code,cross-site-browser,boundary-asserted,boundary-asserted,tests/security-audit-matrix.test.ts,origin: HTTP 403; assertion passed | sec-fetch-site: HTTP 403; assertion passed,"Disposable Fastify injection; missing resource IDs exercise global hooks, not resource ownership or valid payload processing."
POST,/api/session/code,public,api.session.code,session-without-csrf,not-checked,not-checked,,No attributed endpoint/actor evidence: Not checked,No claim of runtime testing or source review for this cell; may be outside intended authority.
POST,/api/session/code,public,api.session.code,rebound-host,boundary-asserted,boundary-asserted,tests/security-audit-matrix.test.ts,Host validation: HTTP 403; assertion passed,"Disposable Fastify injection; missing resource IDs exercise global hooks, not resource ownership or valid payload processing."
POST,/api/session/code,public,api.session.code,revoked-member,not-checked,not-checked,,No attributed endpoint/actor evidence: Not checked,No claim of runtime testing or source review for this cell; may be outside intended authority.
POST,/api/session/code,public,api.session.code,authentication-bearer,boundary-asserted,boundary-asserted; security-property-asserted,tests/auth.test.ts:326; tests/auth.test.ts:374; tests/pickup-codes.test.ts:393; tests/security-audit-auth-direct.test.ts:207,"Revoked numeric login code cannot issue session: 410 | Consumed numeric sign-in code cannot be replayed or resolved: 410; malformed sign-in code also 410 | Expired, replaced, revoked or issuer-session-ended numeric code cannot issue a session: 410 for each lifecycle state | Failed numeric security upgrade refuses numeric sign-in while bearer device-link admission stays usable: 503 numeric sign-in; bearer device-link control succeeds",Disposable test instance; this assertion covers the named scenario only.
POST,/api/session/code,public,api.session.code,local-helper,not-checked,not-checked,,No attributed endpoint/actor evidence: Not checked,No claim of runtime testing or source review for this cell; may be outside intended authority.
POST,/api/session/device-link,public,api.session.deviceLink,anonymous,observed-request-only,observed-request-only,tests/security-audit-auth-direct.test.ts:36:17; tests/security-audit-matrix.test.ts:101:39; tests/security-audit-matrix.test.ts:116:37,"Request observed in completed test suite; assertion and purpose not inferred: HTTP status counts {""200"": 1, ""403"": 4, ""410"": 4}","May be fixture setup, valid feature/control or malformed request. Preload actor is best-effort at request start; share-bearer paths, revoked cookies and helper/network calls are not reliably classified. No payloads, credentials, fixture usernames or concrete token paths are exported."
POST,/api/session/device-link,public,api.session.deviceLink,forged-session,not-checked,not-checked,,No attributed endpoint/actor evidence: Not checked,No claim of runtime testing or source review for this cell; may be outside intended authority.
POST,/api/session/device-link,public,api.session.deviceLink,ordinary-member,not-checked,not-checked,,No attributed endpoint/actor evidence: Not checked,No claim of runtime testing or source review for this cell; may be outside intended authority.
POST,/api/session/device-link,public,api.session.deviceLink,other-member,not-checked,not-checked,,No attributed endpoint/actor evidence: Not checked,No claim of runtime testing or source review for this cell; may be outside intended authority.
POST,/api/session/device-link,public,api.session.deviceLink,administrator,not-checked,not-checked,,No attributed endpoint/actor evidence: Not checked,No claim of runtime testing or source review for this cell; may be outside intended authority.
POST,/api/session/device-link,public,api.session.deviceLink,share-holder,not-checked,not-checked,,No attributed endpoint/actor evidence: Not checked,No claim of runtime testing or source review for this cell; may be outside intended authority.
POST,/api/session/device-link,public,api.session.deviceLink,request-guest,not-checked,not-checked,,No attributed endpoint/actor evidence: Not checked,No claim of runtime testing or source review for this cell; may be outside intended authority.
POST,/api/session/device-link,public,api.session.deviceLink,nearby-guest,not-checked,not-checked,,No attributed endpoint/actor evidence: Not checked,No claim of runtime testing or source review for this cell; may be outside intended authority.
POST,/api/session/device-link,public,api.session.deviceLink,same-network-stranger,not-checked,not-checked,,No attributed endpoint/actor evidence: Not checked,No claim of runtime testing or source review for this cell; may be outside intended authority.
POST,/api/session/device-link,public,api.session.deviceLink,cross-site-browser,boundary-asserted,boundary-asserted,tests/security-audit-matrix.test.ts,origin: HTTP 403; assertion passed | sec-fetch-site: HTTP 403; assertion passed,"Disposable Fastify injection; missing resource IDs exercise global hooks, not resource ownership or valid payload processing."
POST,/api/session/device-link,public,api.session.deviceLink,session-without-csrf,not-checked,not-checked,,No attributed endpoint/actor evidence: Not checked,No claim of runtime testing or source review for this cell; may be outside intended authority.
POST,/api/session/device-link,public,api.session.deviceLink,rebound-host,boundary-asserted,boundary-asserted,tests/security-audit-matrix.test.ts,Host validation: HTTP 403; assertion passed,"Disposable Fastify injection; missing resource IDs exercise global hooks, not resource ownership or valid payload processing."
POST,/api/session/device-link,public,api.session.deviceLink,revoked-member,not-checked,not-checked,,No attributed endpoint/actor evidence: Not checked,No claim of runtime testing or source review for this cell; may be outside intended authority.
POST,/api/session/device-link,public,api.session.deviceLink,authentication-bearer,boundary-asserted,boundary-asserted,tests/security-audit-account-lifecycle.test.ts:94; tests/security-audit-auth-direct.test.ts:198; tests/security-audit-auth-direct.test.ts:253,Concurrent device-link redemption is single-use; issuer signout revokes unused link: 200 once; replay/signout 410 | Password change and suspension revoke sign-in capabilities: 410 | Expired issuer session invalidates login capability: 410,Disposable test instance; this assertion covers the named scenario only.
POST,/api/session/device-link,public,api.session.deviceLink,local-helper,not-checked,not-checked,,No attributed endpoint/actor evidence: Not checked,No claim of runtime testing or source review for this cell; may be outside intended authority.
GET,/api/session/device-link/:token,public,api.session.deviceLinkCheck,anonymous,observed-request-only,observed-request-only,tests/security-audit-auth-direct.test.ts:36:17; tests/security-audit-matrix.test.ts:116:37,"Request observed in completed test suite; assertion and purpose not inferred: HTTP status counts {""200"": 1, ""403"": 1}","May be fixture setup, valid feature/control or malformed request. Preload actor is best-effort at request start; share-bearer paths, revoked cookies and helper/network calls are not reliably classified. No payloads, credentials, fixture usernames or concrete token paths are exported."
GET,/api/session/device-link/:token,public,api.session.deviceLinkCheck,forged-session,not-checked,not-checked,,No attributed endpoint/actor evidence: Not checked,No claim of runtime testing or source review for this cell; may be outside intended authority.
GET,/api/session/device-link/:token,public,api.session.deviceLinkCheck,ordinary-member,not-checked,not-checked,,No attributed endpoint/actor evidence: Not checked,No claim of runtime testing or source review for this cell; may be outside intended authority.
GET,/api/session/device-link/:token,public,api.session.deviceLinkCheck,other-member,not-checked,not-checked,,No attributed endpoint/actor evidence: Not checked,No claim of runtime testing or source review for this cell; may be outside intended authority.
GET,/api/session/device-link/:token,public,api.session.deviceLinkCheck,administrator,not-checked,not-checked,,No attributed endpoint/actor evidence: Not checked,No claim of runtime testing or source review for this cell; may be outside intended authority.
GET,/api/session/device-link/:token,public,api.session.deviceLinkCheck,share-holder,not-checked,not-checked,,No attributed endpoint/actor evidence: Not checked,No claim of runtime testing or source review for this cell; may be outside intended authority.
GET,/api/session/device-link/:token,public,api.session.deviceLinkCheck,request-guest,not-checked,not-checked,,No attributed endpoint/actor evidence: Not checked,No claim of runtime testing or source review for this cell; may be outside intended authority.
GET,/api/session/device-link/:token,public,api.session.deviceLinkCheck,nearby-guest,not-checked,not-checked,,No attributed endpoint/actor evidence: Not checked,No claim of runtime testing or source review for this cell; may be outside intended authority.
GET,/api/session/device-link/:token,public,api.session.deviceLinkCheck,same-network-stranger,not-checked,not-checked,,No attributed endpoint/actor evidence: Not checked,No claim of runtime testing or source review for this cell; may be outside intended authority.
GET,/api/session/device-link/:token,public,api.session.deviceLinkCheck,cross-site-browser,not-checked,not-checked,,No attributed endpoint/actor evidence: Not checked,No claim of runtime testing or source review for this cell; may be outside intended authority.
GET,/api/session/device-link/:token,public,api.session.deviceLinkCheck,session-without-csrf,not-checked,not-checked,,No attributed endpoint/actor evidence: Not checked,No claim of runtime testing or source review for this cell; may be outside intended authority.
GET,/api/session/device-link/:token,public,api.session.deviceLinkCheck,rebound-host,boundary-asserted,boundary-asserted,tests/security-audit-matrix.test.ts,Host validation: HTTP 403; assertion passed,"Disposable Fastify injection; missing resource IDs exercise global hooks, not resource ownership or valid payload processing."
GET,/api/session/device-link/:token,public,api.session.deviceLinkCheck,revoked-member,not-checked,not-checked,,No attributed endpoint/actor evidence: Not checked,No claim of runtime testing or source review for this cell; may be outside intended authority.
GET,/api/session/device-link/:token,public,api.session.deviceLinkCheck,authentication-bearer,boundary-asserted,boundary-asserted; allowed-control-asserted,tests/security-audit-public-head.test.ts:519,Expected authorized/public status control: valid admission bearer: HTTP 200; real HEAD has zero body bytes; GET authorization status matches | Resource/capability boundary: invalid admission bearer: HTTP 410; real HEAD has zero body bytes and no sensitive resource/upload headers; GET authorization status matches | Resource/capability boundary: expired admission bearer: HTTP 410; real HEAD has zero body bytes and no sensitive resource/upload headers; GET authorization status matches | Resource/capability boundary: revoked admission bearer: HTTP 410; real HEAD has zero body bytes and no sensitive resource/upload headers; GET authorization status matches | Resource/capability boundary: issuing session ended: HTTP 410; real HEAD has zero body bytes and no sensitive resource/upload headers; GET authorization status matches,Real ephemeral HTTP for every HEAD and SSE GET; other GET counterparts use disposable harness injection. Named bearer/grant lifecycle case only; no deployed authenticated actors.
GET,/api/session/device-link/:token,public,api.session.deviceLinkCheck,local-helper,not-checked,not-checked,,No attributed endpoint/actor evidence: Not checked,No claim of runtime testing or source review for this cell; may be outside intended authority.
HEAD,/api/session/device-link/:token,public,api.session.deviceLinkCheck,anonymous,observed-request-only,observed-request-only,tests/security-audit-matrix.test.ts:116:37,"Request observed in completed test suite; assertion and purpose not inferred: HTTP status counts {""403"": 1}","May be fixture setup, valid feature/control or malformed request. Preload actor is best-effort at request start; share-bearer paths, revoked cookies and helper/network calls are not reliably classified. No payloads, credentials, fixture usernames or concrete token paths are exported."
HEAD,/api/session/device-link/:token,public,api.session.deviceLinkCheck,forged-session,not-checked,not-checked,,No attributed endpoint/actor evidence: Not checked,No claim of runtime testing or source review for this cell; may be outside intended authority.
HEAD,/api/session/device-link/:token,public,api.session.deviceLinkCheck,ordinary-member,not-checked,not-checked,,No attributed endpoint/actor evidence: Not checked,No claim of runtime testing or source review for this cell; may be outside intended authority.
HEAD,/api/session/device-link/:token,public,api.session.deviceLinkCheck,other-member,not-checked,not-checked,,No attributed endpoint/actor evidence: Not checked,No claim of runtime testing or source review for this cell; may be outside intended authority.
HEAD,/api/session/device-link/:token,public,api.session.deviceLinkCheck,administrator,not-checked,not-checked,,No attributed endpoint/actor evidence: Not checked,No claim of runtime testing or source review for this cell; may be outside intended authority.
HEAD,/api/session/device-link/:token,public,api.session.deviceLinkCheck,share-holder,not-checked,not-checked,,No attributed endpoint/actor evidence: Not checked,No claim of runtime testing or source review for this cell; may be outside intended authority.
HEAD,/api/session/device-link/:token,public,api.session.deviceLinkCheck,request-guest,not-checked,not-checked,,No attributed endpoint/actor evidence: Not checked,No claim of runtime testing or source review for this cell; may be outside intended authority.
HEAD,/api/session/device-link/:token,public,api.session.deviceLinkCheck,nearby-guest,not-checked,not-checked,,No attributed endpoint/actor evidence: Not checked,No claim of runtime testing or source review for this cell; may be outside intended authority.
HEAD,/api/session/device-link/:token,public,api.session.deviceLinkCheck,same-network-stranger,not-checked,not-checked,,No attributed endpoint/actor evidence: Not checked,No claim of runtime testing or source review for this cell; may be outside intended authority.
HEAD,/api/session/device-link/:token,public,api.session.deviceLinkCheck,cross-site-browser,not-checked,not-checked,,No attributed endpoint/actor evidence: Not checked,No claim of runtime testing or source review for this cell; may be outside intended authority.
HEAD,/api/session/device-link/:token,public,api.session.deviceLinkCheck,session-without-csrf,not-checked,not-checked,,No attributed endpoint/actor evidence: Not checked,No claim of runtime testing or source review for this cell; may be outside intended authority.
HEAD,/api/session/device-link/:token,public,api.session.deviceLinkCheck,rebound-host,boundary-asserted,boundary-asserted,tests/security-audit-matrix.test.ts,Host validation: HTTP 403; assertion passed,"Disposable Fastify injection; missing resource IDs exercise global hooks, not resource ownership or valid payload processing."
HEAD,/api/session/device-link/:token,public,api.session.deviceLinkCheck,revoked-member,not-checked,not-checked,,No attributed endpoint/actor evidence: Not checked,No claim of runtime testing or source review for this cell; may be outside intended authority.
HEAD,/api/session/device-link/:token,public,api.session.deviceLinkCheck,authentication-bearer,boundary-asserted,boundary-asserted; allowed-control-asserted,tests/security-audit-public-head.test.ts:519,Expected authorized/public status control: valid admission bearer: HTTP 200; real HEAD has zero body bytes; GET authorization status matches | Resource/capability boundary: invalid admission bearer: HTTP 410; real HEAD has zero body bytes and no sensitive resource/upload headers; GET authorization status matches | Resource/capability boundary: expired admission bearer: HTTP 410; real HEAD has zero body bytes and no sensitive resource/upload headers; GET authorization status matches | Resource/capability boundary: revoked admission bearer: HTTP 410; real HEAD has zero body bytes and no sensitive resource/upload headers; GET authorization status matches | Resource/capability boundary: issuing session ended: HTTP 410; real HEAD has zero body bytes and no sensitive resource/upload headers; GET authorization status matches,Real ephemeral HTTP for every HEAD and SSE GET; other GET counterparts use disposable harness injection. Named bearer/grant lifecycle case only; no deployed authenticated actors.
HEAD,/api/session/device-link/:token,public,api.session.deviceLinkCheck,local-helper,not-checked,not-checked,,No attributed endpoint/actor evidence: Not checked,No claim of runtime testing or source review for this cell; may be outside intended authority.
GET,/api/setup,public,api.setup.status,anonymous,security-property-asserted,security-property-asserted; allowed-control-asserted; observed-request-only,tests/admin.test.ts:152:20; tests/admin.test.ts:171:20; tests/admin.test.ts:19:20; tests/admin.test.ts:227:20; tests/admin.test.ts:67:20; tests/admin.test.ts:91:20; tests/auth-passkeys.test.ts:124:20; tests/auth-passkeys.test.ts:247:20; tests/auth-passkeys.test.ts:263:20; tests/auth-passkeys.test.ts:300:20; tests/auth-passkeys.test.ts:330:20; tests/auth-passkeys.test.ts:379:20; tests/auth.test.ts:113:20; tests/auth.test.ts:150:20; tests/auth.test.ts:174:20; tests/auth.test.ts:188:20; tests/auth.test.ts:232:20; tests/auth.test.ts:251:20; tests/auth.test.ts:25:20; tests/auth.test.ts:286:20; tests/auth.test.ts:301:20; tests/auth.test.ts:334:20; tests/auth.test.ts:368:20; tests/auth.test.ts:399:20; tests/auth.test.ts:45:20; tests/auth.test.ts:467:20; tests/auth.test.ts:485:20; tests/auth.test.ts:500:20; tests/auth.test.ts:575:20; tests/auth.test.ts:60:20; tests/auth.test.ts:81:20; tests/deliveries.test.ts:20:20; tests/library.test.ts:106:20; tests/library.test.ts:140:20; tests/library.test.ts:177:20; tests/library.test.ts:252:20; tests/library.test.ts:304:20; tests/library.test.ts:32:20; tests/library.test.ts:340:20; tests/library.test.ts:412:20; tests/library.test.ts:449:20; tests/link-options.test.ts:183:20; tests/link-options.test.ts:217:20; tests/link-options.test.ts:21:20; tests/links.test.ts:19:20; tests/links.test.ts:268:20; tests/local.test.ts:27:20; tests/local.test.ts:330:20; tests/local.test.ts:363:20; tests/nearby.test.ts:142:20; tests/nearby.test.ts:215:20; tests/nearby.test.ts:47:20; tests/nearby.test.ts:98:20; tests/requests.test.ts:19:20; tests/requests.test.ts:371:20; tests/requests.test.ts:485:20; tests/requests.test.ts:748:20; tests/security-audit-admin-content.test.ts:7:20; tests/security-audit-auth-direct.test.ts:152:20; tests/security-audit-auth-direct.test.ts:234:20; tests/security-audit-auth-direct.test.ts:358:20; tests/security-audit-auth-direct.test.ts:36:17; tests/security-audit-auth-direct.test.ts:45:20; tests/security-audit-auth-direct.test.ts:516:20; tests/security-audit-auth-direct.test.ts:86:20; tests/security-audit-matrix.test.ts:116:37; tests/security-audit-matrix.test.ts:33:20; tests/setup.test.ts:112:33; tests/setup.test.ts:135:16; tests/setup.test.ts:137:45; tests/setup.test.ts:183:21; tests/setup.test.ts:232:49; tests/setup.test.ts:245:20; tests/setup.test.ts:279:20; tests/setup.test.ts:307:20; tests/setup.test.ts:32:36; tests/setup.test.ts:49:49; tests/setup.test.ts:78:36; tests/transfers.test.ts:106:20; tests/transfers.test.ts:142:20; tests/transfers.test.ts:189:20; tests/transfers.test.ts:209:20; tests/transfers.test.ts:235:20; tests/transfers.test.ts:277:20; tests/transfers.test.ts:311:20; tests/transfers.test.ts:31:20; tests/transfers.test.ts:353:20; tests/transfers.test.ts:365:20; tests/transfers.test.ts:388:20; tests/transfers.test.ts:403:20; tests/transfers.test.ts:451:20; tests/transfers.test.ts:494:20; tests/transfers.test.ts:59:20; tests/transfers.test.ts:83:20; tests/security-audit-auth-direct.test.ts:327; tests/security-audit-public-head.test.ts:541,"Setup status never discloses setup secret: 200 state only; key absent | Expected authorized/public status control: public static metadata: HTTP 200; real HEAD has zero body bytes; GET authorization status matches | Request observed in completed test suite; assertion and purpose not inferred: HTTP status counts {""200"": 137, ""403"": 1}","Disposable test instance; this assertion covers the named scenario only. | May be fixture setup, valid feature/control or malformed request. Preload actor is best-effort at request start; share-bearer paths, revoked cookies and helper/network calls are not reliably classified. No payloads, credentials, fixture usernames or concrete token paths are exported. | Real ephemeral HTTP for every HEAD and SSE GET; other GET counterparts use disposable harness injection. Named bearer/grant lifecycle case only; no deployed authenticated actors."
GET,/api/setup,public,api.setup.status,forged-session,not-checked,not-checked,,No attributed endpoint/actor evidence: Not checked,No claim of runtime testing or source review for this cell; may be outside intended authority.
GET,/api/setup,public,api.setup.status,ordinary-member,not-checked,not-checked,,No attributed endpoint/actor evidence: Not checked,No claim of runtime testing or source review for this cell; may be outside intended authority.
GET,/api/setup,public,api.setup.status,other-member,not-checked,not-checked,,No attributed endpoint/actor evidence: Not checked,No claim of runtime testing or source review for this cell; may be outside intended authority.
GET,/api/setup,public,api.setup.status,administrator,observed-request-only,observed-request-only,tests/setup.test.ts:237:34; tests/setup.test.ts:44:36; tests/setup.test.ts:97:36,"Request observed in completed test suite; assertion and purpose not inferred: HTTP status counts {""200"": 3}","May be fixture setup, valid feature/control or malformed request. Preload actor is best-effort at request start; share-bearer paths, revoked cookies and helper/network calls are not reliably classified. No payloads, credentials, fixture usernames or concrete token paths are exported."
GET,/api/setup,public,api.setup.status,share-holder,not-checked,not-checked,,No attributed endpoint/actor evidence: Not checked,No claim of runtime testing or source review for this cell; may be outside intended authority.
GET,/api/setup,public,api.setup.status,request-guest,not-checked,not-checked,,No attributed endpoint/actor evidence: Not checked,No claim of runtime testing or source review for this cell; may be outside intended authority.
GET,/api/setup,public,api.setup.status,nearby-guest,not-checked,not-checked,,No attributed endpoint/actor evidence: Not checked,No claim of runtime testing or source review for this cell; may be outside intended authority.
GET,/api/setup,public,api.setup.status,same-network-stranger,not-checked,not-checked,,No attributed endpoint/actor evidence: Not checked,No claim of runtime testing or source review for this cell; may be outside intended authority.
GET,/api/setup,public,api.setup.status,cross-site-browser,not-checked,not-checked,,No attributed endpoint/actor evidence: Not checked,No claim of runtime testing or source review for this cell; may be outside intended authority.
GET,/api/setup,public,api.setup.status,session-without-csrf,not-checked,not-checked,,No attributed endpoint/actor evidence: Not checked,No claim of runtime testing or source review for this cell; may be outside intended authority.
GET,/api/setup,public,api.setup.status,rebound-host,boundary-asserted,boundary-asserted,tests/security-audit-matrix.test.ts,Host validation: HTTP 403; assertion passed,"Disposable Fastify injection; missing resource IDs exercise global hooks, not resource ownership or valid payload processing."
GET,/api/setup,public,api.setup.status,revoked-member,not-checked,not-checked,,No attributed endpoint/actor evidence: Not checked,No claim of runtime testing or source review for this cell; may be outside intended authority.
GET,/api/setup,public,api.setup.status,authentication-bearer,not-checked,not-checked,,No attributed endpoint/actor evidence: Not checked,No claim of runtime testing or source review for this cell; may be outside intended authority.
GET,/api/setup,public,api.setup.status,local-helper,not-checked,not-checked,,No attributed endpoint/actor evidence: Not checked,No claim of runtime testing or source review for this cell; may be outside intended authority.
HEAD,/api/setup,public,api.setup.status,anonymous,allowed-control-asserted,allowed-control-asserted; observed-request-only,tests/security-audit-matrix.test.ts:116:37; tests/security-audit-public-head.test.ts:541,"Expected authorized/public status control: public static metadata: HTTP 200; real HEAD has zero body bytes; GET authorization status matches | Request observed in completed test suite; assertion and purpose not inferred: HTTP status counts {""403"": 1}","May be fixture setup, valid feature/control or malformed request. Preload actor is best-effort at request start; share-bearer paths, revoked cookies and helper/network calls are not reliably classified. No payloads, credentials, fixture usernames or concrete token paths are exported. | Real ephemeral HTTP for every HEAD and SSE GET; other GET counterparts use disposable harness injection. Named bearer/grant lifecycle case only; no deployed authenticated actors."
HEAD,/api/setup,public,api.setup.status,forged-session,not-checked,not-checked,,No attributed endpoint/actor evidence: Not checked,No claim of runtime testing or source review for this cell; may be outside intended authority.
HEAD,/api/setup,public,api.setup.status,ordinary-member,not-checked,not-checked,,No attributed endpoint/actor evidence: Not checked,No claim of runtime testing or source review for this cell; may be outside intended authority.
HEAD,/api/setup,public,api.setup.status,other-member,not-checked,not-checked,,No attributed endpoint/actor evidence: Not checked,No claim of runtime testing or source review for this cell; may be outside intended authority.
HEAD,/api/setup,public,api.setup.status,administrator,not-checked,not-checked,,No attributed endpoint/actor evidence: Not checked,No claim of runtime testing or source review for this cell; may be outside intended authority.
HEAD,/api/setup,public,api.setup.status,share-holder,not-checked,not-checked,,No attributed endpoint/actor evidence: Not checked,No claim of runtime testing or source review for this cell; may be outside intended authority.
HEAD,/api/setup,public,api.setup.status,request-guest,not-checked,not-checked,,No attributed endpoint/actor evidence: Not checked,No claim of runtime testing or source review for this cell; may be outside intended authority.
HEAD,/api/setup,public,api.setup.status,nearby-guest,not-checked,not-checked,,No attributed endpoint/actor evidence: Not checked,No claim of runtime testing or source review for this cell; may be outside intended authority.
HEAD,/api/setup,public,api.setup.status,same-network-stranger,not-checked,not-checked,,No attributed endpoint/actor evidence: Not checked,No claim of runtime testing or source review for this cell; may be outside intended authority.
HEAD,/api/setup,public,api.setup.status,cross-site-browser,not-checked,not-checked,,No attributed endpoint/actor evidence: Not checked,No claim of runtime testing or source review for this cell; may be outside intended authority.
HEAD,/api/setup,public,api.setup.status,session-without-csrf,not-checked,not-checked,,No attributed endpoint/actor evidence: Not checked,No claim of runtime testing or source review for this cell; may be outside intended authority.
HEAD,/api/setup,public,api.setup.status,rebound-host,boundary-asserted,boundary-asserted,tests/security-audit-matrix.test.ts,Host validation: HTTP 403; assertion passed,"Disposable Fastify injection; missing resource IDs exercise global hooks, not resource ownership or valid payload processing."
HEAD,/api/setup,public,api.setup.status,revoked-member,not-checked,not-checked,,No attributed endpoint/actor evidence: Not checked,No claim of runtime testing or source review for this cell; may be outside intended authority.
HEAD,/api/setup,public,api.setup.status,authentication-bearer,not-checked,not-checked,,No attributed endpoint/actor evidence: Not checked,No claim of runtime testing or source review for this cell; may be outside intended authority.
HEAD,/api/setup,public,api.setup.status,local-helper,not-checked,not-checked,,No attributed endpoint/actor evidence: Not checked,No claim of runtime testing or source review for this cell; may be outside intended authority.
POST,/api/setup/account,public,api.setup.account,anonymous,boundary-asserted,boundary-asserted; observed-request-only,tests/admin.test.ts:152:20; tests/admin.test.ts:171:20; tests/admin.test.ts:19:20; tests/admin.test.ts:227:20; tests/admin.test.ts:67:20; tests/admin.test.ts:91:20; tests/auth-passkeys.test.ts:124:20; tests/auth-passkeys.test.ts:247:20; tests/auth-passkeys.test.ts:263:20; tests/auth-passkeys.test.ts:300:20; tests/auth-passkeys.test.ts:330:20; tests/auth-passkeys.test.ts:379:20; tests/auth.test.ts:113:20; tests/auth.test.ts:150:20; tests/auth.test.ts:174:20; tests/auth.test.ts:188:20; tests/auth.test.ts:232:20; tests/auth.test.ts:251:20; tests/auth.test.ts:25:20; tests/auth.test.ts:286:20; tests/auth.test.ts:301:20; tests/auth.test.ts:334:20; tests/auth.test.ts:368:20; tests/auth.test.ts:399:20; tests/auth.test.ts:45:20; tests/auth.test.ts:467:20; tests/auth.test.ts:485:20; tests/auth.test.ts:500:20; tests/auth.test.ts:575:20; tests/auth.test.ts:60:20; tests/auth.test.ts:81:20; tests/deliveries.test.ts:20:20; tests/library.test.ts:106:20; tests/library.test.ts:140:20; tests/library.test.ts:177:20; tests/library.test.ts:252:20; tests/library.test.ts:304:20; tests/library.test.ts:32:20; tests/library.test.ts:340:20; tests/library.test.ts:412:20; tests/library.test.ts:449:20; tests/link-options.test.ts:183:20; tests/link-options.test.ts:217:20; tests/link-options.test.ts:21:20; tests/links.test.ts:19:20; tests/links.test.ts:268:20; tests/local.test.ts:27:20; tests/local.test.ts:330:20; tests/local.test.ts:363:20; tests/nearby.test.ts:142:20; tests/nearby.test.ts:215:20; tests/nearby.test.ts:47:20; tests/nearby.test.ts:98:20; tests/requests.test.ts:19:20; tests/requests.test.ts:371:20; tests/requests.test.ts:485:20; tests/requests.test.ts:748:20; tests/security-audit-admin-content.test.ts:7:20; tests/security-audit-auth-direct.test.ts:152:20; tests/security-audit-auth-direct.test.ts:234:20; tests/security-audit-auth-direct.test.ts:358:20; tests/security-audit-auth-direct.test.ts:36:17; tests/security-audit-auth-direct.test.ts:45:20; tests/security-audit-auth-direct.test.ts:516:20; tests/security-audit-auth-direct.test.ts:86:20; tests/security-audit-matrix.test.ts:101:39; tests/security-audit-matrix.test.ts:116:37; tests/security-audit-matrix.test.ts:33:20; tests/setup.test.ts:113:16; tests/setup.test.ts:123:32; tests/setup.test.ts:126:25; tests/setup.test.ts:135:16; tests/setup.test.ts:140:25; tests/setup.test.ts:154:37; tests/setup.test.ts:171:39; tests/setup.test.ts:172:39; tests/setup.test.ts:174:15; tests/setup.test.ts:188:30; tests/setup.test.ts:203:15; tests/setup.test.ts:227:32; tests/setup.test.ts:245:20; tests/setup.test.ts:279:20; tests/setup.test.ts:307:20; tests/setup.test.ts:37:30; tests/setup.test.ts:83:28; tests/setup.test.ts:88:28; tests/setup.test.ts:94:30; tests/transfers.test.ts:106:20; tests/transfers.test.ts:142:20; tests/transfers.test.ts:189:20; tests/transfers.test.ts:209:20; tests/transfers.test.ts:235:20; tests/transfers.test.ts:277:20; tests/transfers.test.ts:311:20; tests/transfers.test.ts:31:20; tests/transfers.test.ts:353:20; tests/transfers.test.ts:365:20; tests/transfers.test.ts:388:20; tests/transfers.test.ts:403:20; tests/transfers.test.ts:451:20; tests/transfers.test.ts:494:20; tests/transfers.test.ts:59:20; tests/transfers.test.ts:83:20; tests/security-audit-auth-direct.test.ts:331,"First-account creation requires the setup key: 403 missing/wrong key | Request observed in completed test suite; assertion and purpose not inferred: HTTP status counts {""200"": 138, ""400"": 2, ""403"": 12, ""409"": 5}","Disposable test instance; this assertion covers the named scenario only. | May be fixture setup, valid feature/control or malformed request. Preload actor is best-effort at request start; share-bearer paths, revoked cookies and helper/network calls are not reliably classified. No payloads, credentials, fixture usernames or concrete token paths are exported."
POST,/api/setup/account,public,api.setup.account,forged-session,not-checked,not-checked,,No attributed endpoint/actor evidence: Not checked,No claim of runtime testing or source review for this cell; may be outside intended authority.
POST,/api/setup/account,public,api.setup.account,ordinary-member,not-checked,not-checked,,No attributed endpoint/actor evidence: Not checked,No claim of runtime testing or source review for this cell; may be outside intended authority.
POST,/api/setup/account,public,api.setup.account,other-member,not-checked,not-checked,,No attributed endpoint/actor evidence: Not checked,No claim of runtime testing or source review for this cell; may be outside intended authority.
POST,/api/setup/account,public,api.setup.account,administrator,not-checked,not-checked,,No attributed endpoint/actor evidence: Not checked,No claim of runtime testing or source review for this cell; may be outside intended authority.
POST,/api/setup/account,public,api.setup.account,share-holder,not-checked,not-checked,,No attributed endpoint/actor evidence: Not checked,No claim of runtime testing or source review for this cell; may be outside intended authority.
POST,/api/setup/account,public,api.setup.account,request-guest,not-checked,not-checked,,No attributed endpoint/actor evidence: Not checked,No claim of runtime testing or source review for this cell; may be outside intended authority.
POST,/api/setup/account,public,api.setup.account,nearby-guest,not-checked,not-checked,,No attributed endpoint/actor evidence: Not checked,No claim of runtime testing or source review for this cell; may be outside intended authority.
POST,/api/setup/account,public,api.setup.account,same-network-stranger,not-checked,not-checked,,No attributed endpoint/actor evidence: Not checked,No claim of runtime testing or source review for this cell; may be outside intended authority.
POST,/api/setup/account,public,api.setup.account,cross-site-browser,boundary-asserted,boundary-asserted,tests/security-audit-matrix.test.ts,origin: HTTP 403; assertion passed | sec-fetch-site: HTTP 403; assertion passed,"Disposable Fastify injection; missing resource IDs exercise global hooks, not resource ownership or valid payload processing."
POST,/api/setup/account,public,api.setup.account,session-without-csrf,not-checked,not-checked,,No attributed endpoint/actor evidence: Not checked,No claim of runtime testing or source review for this cell; may be outside intended authority.
POST,/api/setup/account,public,api.setup.account,rebound-host,boundary-asserted,boundary-asserted,tests/security-audit-matrix.test.ts,Host validation: HTTP 403; assertion passed,"Disposable Fastify injection; missing resource IDs exercise global hooks, not resource ownership or valid payload processing."
POST,/api/setup/account,public,api.setup.account,revoked-member,not-checked,not-checked,,No attributed endpoint/actor evidence: Not checked,No claim of runtime testing or source review for this cell; may be outside intended authority.
POST,/api/setup/account,public,api.setup.account,authentication-bearer,boundary-asserted,boundary-asserted,tests/security-audit-auth-direct.test.ts:336,Concurrent setup-key holders can create only one first administrator: 200 once; rival 409,Disposable test instance; this assertion covers the named scenario only.
POST,/api/setup/account,public,api.setup.account,local-helper,not-checked,not-checked,,No attributed endpoint/actor evidence: Not checked,No claim of runtime testing or source review for this cell; may be outside intended authority.
POST,/api/setup/finish,admin,api.setup.finish,anonymous,boundary-asserted,boundary-asserted; observed-request-only,tests/security-audit-auth-direct.test.ts:36:17; tests/security-audit-matrix.test.ts:101:39; tests/security-audit-matrix.test.ts:116:37; tests/security-audit-matrix.test.ts:89:36; tests/setup.test.ts:130:36; tests/setup.test.ts:35:39; tests/security-audit-matrix.test.ts,"authentication boundary: HTTP 401; assertion passed | Request observed in completed test suite; assertion and purpose not inferred: HTTP status counts {""401"": 5, ""403"": 3}","Disposable Fastify injection; missing resource IDs exercise global hooks, not resource ownership or valid payload processing. | May be fixture setup, valid feature/control or malformed request. Preload actor is best-effort at request start; share-bearer paths, revoked cookies and helper/network calls are not reliably classified. No payloads, credentials, fixture usernames or concrete token paths are exported."
POST,/api/setup/finish,admin,api.setup.finish,forged-session,boundary-asserted,boundary-asserted,tests/security-audit-matrix.test.ts,authentication boundary: HTTP 401; assertion passed,"Disposable Fastify injection; missing resource IDs exercise global hooks, not resource ownership or valid payload processing."
POST,/api/setup/finish,admin,api.setup.finish,ordinary-member,boundary-asserted,boundary-asserted; observed-request-only,tests/security-audit-auth-direct.test.ts:36:17; tests/security-audit-matrix.test.ts:94:38; tests/security-audit-matrix.test.ts,"administrator boundary: HTTP 403; assertion passed | Request observed in completed test suite; assertion and purpose not inferred: HTTP status counts {""403"": 2}","Disposable Fastify injection; missing resource IDs exercise global hooks, not resource ownership or valid payload processing. | May be fixture setup, valid feature/control or malformed request. Preload actor is best-effort at request start; share-bearer paths, revoked cookies and helper/network calls are not reliably classified. No payloads, credentials, fixture usernames or concrete token paths are exported."
POST,/api/setup/finish,admin,api.setup.finish,other-member,not-checked,not-checked,,No attributed endpoint/actor evidence: Not checked,No claim of runtime testing or source review for this cell; may be outside intended authority.
POST,/api/setup/finish,admin,api.setup.finish,administrator,boundary-asserted,boundary-asserted; observed-request-only,tests/admin.test.ts:152:20; tests/admin.test.ts:171:20; tests/admin.test.ts:19:20; tests/admin.test.ts:227:20; tests/admin.test.ts:67:20; tests/admin.test.ts:91:20; tests/auth-passkeys.test.ts:124:20; tests/auth-passkeys.test.ts:247:20; tests/auth-passkeys.test.ts:263:20; tests/auth-passkeys.test.ts:300:20; tests/auth-passkeys.test.ts:330:20; tests/auth-passkeys.test.ts:379:20; tests/auth.test.ts:113:20; tests/auth.test.ts:150:20; tests/auth.test.ts:174:20; tests/auth.test.ts:188:20; tests/auth.test.ts:232:20; tests/auth.test.ts:251:20; tests/auth.test.ts:25:20; tests/auth.test.ts:286:20; tests/auth.test.ts:301:20; tests/auth.test.ts:334:20; tests/auth.test.ts:368:20; tests/auth.test.ts:399:20; tests/auth.test.ts:45:20; tests/auth.test.ts:467:20; tests/auth.test.ts:485:20; tests/auth.test.ts:500:20; tests/auth.test.ts:575:20; tests/auth.test.ts:60:20; tests/auth.test.ts:81:20; tests/deliveries.test.ts:20:20; tests/library.test.ts:106:20; tests/library.test.ts:140:20; tests/library.test.ts:177:20; tests/library.test.ts:252:20; tests/library.test.ts:304:20; tests/library.test.ts:32:20; tests/library.test.ts:340:20; tests/library.test.ts:412:20; tests/library.test.ts:449:20; tests/link-options.test.ts:183:20; tests/link-options.test.ts:217:20; tests/link-options.test.ts:21:20; tests/links.test.ts:19:20; tests/links.test.ts:268:20; tests/local.test.ts:27:20; tests/local.test.ts:330:20; tests/local.test.ts:363:20; tests/nearby.test.ts:142:20; tests/nearby.test.ts:215:20; tests/nearby.test.ts:47:20; tests/nearby.test.ts:98:20; tests/requests.test.ts:19:20; tests/requests.test.ts:371:20; tests/requests.test.ts:485:20; tests/requests.test.ts:748:20; tests/security-audit-admin-content.test.ts:7:20; tests/security-audit-auth-direct.test.ts:152:20; tests/security-audit-auth-direct.test.ts:234:20; tests/security-audit-auth-direct.test.ts:358:20; tests/security-audit-auth-direct.test.ts:36:17; tests/security-audit-auth-direct.test.ts:45:20; tests/security-audit-auth-direct.test.ts:516:20; tests/security-audit-auth-direct.test.ts:86:20; tests/security-audit-matrix.test.ts:33:20; tests/setup.test.ts:135:16; tests/setup.test.ts:236:17; tests/setup.test.ts:245:20; tests/setup.test.ts:279:20; tests/setup.test.ts:307:20; tests/setup.test.ts:48:19; tests/setup.test.ts:50:39; tests/transfers.test.ts:106:20; tests/transfers.test.ts:142:20; tests/transfers.test.ts:189:20; tests/transfers.test.ts:209:20; tests/transfers.test.ts:235:20; tests/transfers.test.ts:277:20; tests/transfers.test.ts:311:20; tests/transfers.test.ts:31:20; tests/transfers.test.ts:353:20; tests/transfers.test.ts:365:20; tests/transfers.test.ts:388:20; tests/transfers.test.ts:403:20; tests/transfers.test.ts:451:20; tests/transfers.test.ts:494:20; tests/transfers.test.ts:59:20; tests/transfers.test.ts:83:20; tests/security-audit-auth-direct.test.ts:347,"Setup finalization cannot be repeated: 200 allowed; 409 repeat | Request observed in completed test suite; assertion and purpose not inferred: HTTP status counts {""200"": 132, ""409"": 2}","Disposable test instance; this assertion covers the named scenario only. | May be fixture setup, valid feature/control or malformed request. Preload actor is best-effort at request start; share-bearer paths, revoked cookies and helper/network calls are not reliably classified. No payloads, credentials, fixture usernames or concrete token paths are exported."
POST,/api/setup/finish,admin,api.setup.finish,share-holder,boundary-asserted,boundary-asserted; observed-request-only,tests/security-audit-matrix.test.ts; tests/security-audit-matrix.test.ts:89:36,"authentication boundary: HTTP 401; assertion passed | Request observed in completed test suite; assertion and purpose not inferred: HTTP status counts {""401"": 1}","Disposable Fastify injection; missing resource IDs exercise global hooks, not resource ownership or valid payload processing. | May be fixture setup, valid feature/control or malformed request. Preload actor is best-effort at request start; share-bearer paths, revoked cookies and helper/network calls are not reliably classified. No payloads, credentials, fixture usernames or concrete token paths are exported."
POST,/api/setup/finish,admin,api.setup.finish,request-guest,boundary-asserted,boundary-asserted; observed-request-only,tests/security-audit-matrix.test.ts; tests/security-audit-matrix.test.ts:89:36,"authentication boundary: HTTP 403; assertion passed | Request observed in completed test suite; assertion and purpose not inferred: HTTP status counts {""403"": 1}","Disposable Fastify injection; missing resource IDs exercise global hooks, not resource ownership or valid payload processing. | May be fixture setup, valid feature/control or malformed request. Preload actor is best-effort at request start; share-bearer paths, revoked cookies and helper/network calls are not reliably classified. No payloads, credentials, fixture usernames or concrete token paths are exported."
POST,/api/setup/finish,admin,api.setup.finish,nearby-guest,boundary-asserted,boundary-asserted; observed-request-only,tests/security-audit-matrix.test.ts; tests/security-audit-matrix.test.ts:89:36,"authentication boundary: HTTP 401; assertion passed | Request observed in completed test suite; assertion and purpose not inferred: HTTP status counts {""401"": 1}","Disposable Fastify injection; missing resource IDs exercise global hooks, not resource ownership or valid payload processing. | May be fixture setup, valid feature/control or malformed request. Preload actor is best-effort at request start; share-bearer paths, revoked cookies and helper/network calls are not reliably classified. No payloads, credentials, fixture usernames or concrete token paths are exported."
POST,/api/setup/finish,admin,api.setup.finish,same-network-stranger,boundary-asserted,boundary-asserted; observed-request-only,tests/security-audit-matrix.test.ts; tests/security-audit-matrix.test.ts:89:36,"authentication boundary: HTTP 401; assertion passed | Request observed in completed test suite; assertion and purpose not inferred: HTTP status counts {""401"": 1}","Disposable Fastify injection; missing resource IDs exercise global hooks, not resource ownership or valid payload processing. | May be fixture setup, valid feature/control or malformed request. Preload actor is best-effort at request start; share-bearer paths, revoked cookies and helper/network calls are not reliably classified. No payloads, credentials, fixture usernames or concrete token paths are exported."
POST,/api/setup/finish,admin,api.setup.finish,cross-site-browser,boundary-asserted,boundary-asserted,tests/security-audit-matrix.test.ts,origin: HTTP 403; assertion passed | sec-fetch-site: HTTP 403; assertion passed,"Disposable Fastify injection; missing resource IDs exercise global hooks, not resource ownership or valid payload processing."
POST,/api/setup/finish,admin,api.setup.finish,session-without-csrf,boundary-asserted,boundary-asserted,tests/security-audit-matrix.test.ts,CSRF token: HTTP 403; assertion passed,"Disposable Fastify injection; missing resource IDs exercise global hooks, not resource ownership or valid payload processing."
POST,/api/setup/finish,admin,api.setup.finish,rebound-host,boundary-asserted,boundary-asserted,tests/security-audit-matrix.test.ts,Host validation: HTTP 403; assertion passed,"Disposable Fastify injection; missing resource IDs exercise global hooks, not resource ownership or valid payload processing."
POST,/api/setup/finish,admin,api.setup.finish,revoked-member,not-checked,not-checked,,No attributed endpoint/actor evidence: Not checked,No claim of runtime testing or source review for this cell; may be outside intended authority.
POST,/api/setup/finish,admin,api.setup.finish,authentication-bearer,not-checked,not-checked,,No attributed endpoint/actor evidence: Not checked,No claim of runtime testing or source review for this cell; may be outside intended authority.
POST,/api/setup/finish,admin,api.setup.finish,local-helper,not-checked,not-checked,,No attributed endpoint/actor evidence: Not checked,No claim of runtime testing or source review for this cell; may be outside intended authority.
GET,/api/s/:token,public,api.links.open,anonymous,observed-request-only,observed-request-only,tests/library.test.ts:437:26; tests/link-options.test.ts:105:34; tests/link-options.test.ts:126:25; tests/link-options.test.ts:142:25; tests/link-options.test.ts:148:38; tests/link-options.test.ts:161:11; tests/link-options.test.ts:171:43; tests/link-options.test.ts:176:31; tests/link-options.test.ts:37:25; tests/link-options.test.ts:43:25; tests/link-options.test.ts:56:32; tests/link-options.test.ts:71:11; tests/links.test.ts:171:39; tests/links.test.ts:215:25; tests/links.test.ts:229:25; tests/links.test.ts:240:25; tests/links.test.ts:277:19; tests/links.test.ts:52:25; tests/requests.test.ts:201:33; tests/security-audit-matrix.test.ts:116:37; tests/security-audit-matrix.test.ts:48:23,"Request observed in completed test suite; assertion and purpose not inferred: HTTP status counts {""200"": 19, ""403"": 1, ""410"": 2}","May be fixture setup, valid feature/control or malformed request. Preload actor is best-effort at request start; share-bearer paths, revoked cookies and helper/network calls are not reliably classified. No payloads, credentials, fixture usernames or concrete token paths are exported."
GET,/api/s/:token,public,api.links.open,forged-session,not-checked,not-checked,,No attributed endpoint/actor evidence: Not checked,No claim of runtime testing or source review for this cell; may be outside intended authority.
GET,/api/s/:token,public,api.links.open,ordinary-member,observed-request-only,observed-request-only,tests/library.test.ts:271:38; tests/link-options.test.ts:107:25; tests/link-options.test.ts:152:11; tests/link-options.test.ts:52:11,"Request observed in completed test suite; assertion and purpose not inferred: HTTP status counts {""200"": 3, ""410"": 1}","May be fixture setup, valid feature/control or malformed request. Preload actor is best-effort at request start; share-bearer paths, revoked cookies and helper/network calls are not reliably classified. No payloads, credentials, fixture usernames or concrete token paths are exported."
GET,/api/s/:token,public,api.links.open,other-member,not-checked,not-checked,,No attributed endpoint/actor evidence: Not checked,No claim of runtime testing or source review for this cell; may be outside intended authority.
GET,/api/s/:token,public,api.links.open,administrator,boundary-asserted,boundary-asserted; observed-request-only,tests/security-audit-admin-content.test.ts:38:39; tests/security-audit-admin-content.test.ts:39,"Administrator identity cannot bypass another member's share password: Metadata locked; content 401 | Request observed in completed test suite; assertion and purpose not inferred: HTTP status counts {""200"": 1}","Disposable test instance; this assertion covers the named scenario only. | May be fixture setup, valid feature/control or malformed request. Preload actor is best-effort at request start; share-bearer paths, revoked cookies and helper/network calls are not reliably classified. No payloads, credentials, fixture usernames or concrete token paths are exported."
GET,/api/s/:token,public,api.links.open,share-holder,boundary-asserted,boundary-asserted; allowed-control-asserted; observed-request-only,tests/link-options.test.ts:116:25; tests/link-options.test.ts:121:33; tests/link-options.test.ts:150:25; tests/link-options.test.ts:156:11; tests/link-options.test.ts:175:63; tests/link-options.test.ts:58:25; tests/links.test.ts:171:39; tests/links.test.ts:244:39; tests/links.test.ts:253:39; tests/links.test.ts:261:39; tests/links.test.ts:283:39; tests/links.test.ts:285:39; tests/links.test.ts:93:39; tests/requests.test.ts:224:35; tests/security-audit-content.test.ts:236; tests/security-audit-content.test.ts:666; tests/security-audit-public-head.test.ts:173,"A second visitor cannot exceed the share visitor limit: 410 | Share expiry is enforced before cleanup for metadata, range and conditional representations: 404; database share still present; owner bytes intact | Expected authorized/public status control: valid resource: HTTP 200; real HEAD has zero body bytes; GET authorization status matches | Resource/capability boundary: invalid bearer: HTTP 404; real HEAD has zero body bytes and no sensitive resource/upload headers; GET authorization status matches | Expected authorized/public status control: locked share exposes only allowed lock metadata: HTTP 200; real HEAD has zero body bytes; GET authorization status matches | Resource/capability boundary: expired bearer even with existing visitor cookie: HTTP 404; real HEAD has zero body bytes and no sensitive resource/upload headers; GET authorization status matches | Resource/capability boundary: revoked bearer: HTTP 404; real HEAD has zero body bytes and no sensitive resource/upload headers; GET authorization status matches | Request observed in completed test suite; assertion and purpose not inferred: HTTP status counts {""200"": 11, ""404"": 5, ""410"": 1}","Disposable test instance; this assertion covers the named scenario only. | May be fixture setup, valid feature/control or malformed request. Preload actor is best-effort at request start; share-bearer paths, revoked cookies and helper/network calls are not reliably classified. No payloads, credentials, fixture usernames or concrete token paths are exported. | Real ephemeral HTTP for every HEAD and SSE GET; other GET counterparts use disposable harness injection. Named bearer/grant lifecycle case only; no deployed authenticated actors."
GET,/api/s/:token,public,api.links.open,request-guest,not-checked,not-checked,,No attributed endpoint/actor evidence: Not checked,No claim of runtime testing or source review for this cell; may be outside intended authority.
GET,/api/s/:token,public,api.links.open,nearby-guest,not-checked,not-checked,,No attributed endpoint/actor evidence: Not checked,No claim of runtime testing or source review for this cell; may be outside intended authority.
GET,/api/s/:token,public,api.links.open,same-network-stranger,not-checked,not-checked,,No attributed endpoint/actor evidence: Not checked,No claim of runtime testing or source review for this cell; may be outside intended authority.
GET,/api/s/:token,public,api.links.open,cross-site-browser,not-checked,not-checked,,No attributed endpoint/actor evidence: Not checked,No claim of runtime testing or source review for this cell; may be outside intended authority.
GET,/api/s/:token,public,api.links.open,session-without-csrf,not-checked,not-checked,,No attributed endpoint/actor evidence: Not checked,No claim of runtime testing or source review for this cell; may be outside intended authority.
GET,/api/s/:token,public,api.links.open,rebound-host,boundary-asserted,boundary-asserted,tests/security-audit-matrix.test.ts,Host validation: HTTP 403; assertion passed,"Disposable Fastify injection; missing resource IDs exercise global hooks, not resource ownership or valid payload processing."
GET,/api/s/:token,public,api.links.open,revoked-member,not-checked,not-checked,,No attributed endpoint/actor evidence: Not checked,No claim of runtime testing or source review for this cell; may be outside intended authority.
GET,/api/s/:token,public,api.links.open,authentication-bearer,not-checked,not-checked,,No attributed endpoint/actor evidence: Not checked,No claim of runtime testing or source review for this cell; may be outside intended authority.
GET,/api/s/:token,public,api.links.open,local-helper,not-checked,not-checked,,No attributed endpoint/actor evidence: Not checked,No claim of runtime testing or source review for this cell; may be outside intended authority.
HEAD,/api/s/:token,public,api.links.open,anonymous,observed-request-only,observed-request-only,tests/security-audit-matrix.test.ts:116:37,"Request observed in completed test suite; assertion and purpose not inferred: HTTP status counts {""403"": 1}","May be fixture setup, valid feature/control or malformed request. Preload actor is best-effort at request start; share-bearer paths, revoked cookies and helper/network calls are not reliably classified. No payloads, credentials, fixture usernames or concrete token paths are exported."
HEAD,/api/s/:token,public,api.links.open,forged-session,not-checked,not-checked,,No attributed endpoint/actor evidence: Not checked,No claim of runtime testing or source review for this cell; may be outside intended authority.
HEAD,/api/s/:token,public,api.links.open,ordinary-member,not-checked,not-checked,,No attributed endpoint/actor evidence: Not checked,No claim of runtime testing or source review for this cell; may be outside intended authority.
HEAD,/api/s/:token,public,api.links.open,other-member,not-checked,not-checked,,No attributed endpoint/actor evidence: Not checked,No claim of runtime testing or source review for this cell; may be outside intended authority.
HEAD,/api/s/:token,public,api.links.open,administrator,not-checked,not-checked,,No attributed endpoint/actor evidence: Not checked,No claim of runtime testing or source review for this cell; may be outside intended authority.
HEAD,/api/s/:token,public,api.links.open,share-holder,boundary-asserted,boundary-asserted; allowed-control-asserted,tests/security-audit-public-head.test.ts:173,Expected authorized/public status control: valid resource: HTTP 200; real HEAD has zero body bytes; GET authorization status matches | Resource/capability boundary: invalid bearer: HTTP 404; real HEAD has zero body bytes and no sensitive resource/upload headers; GET authorization status matches | Expected authorized/public status control: locked share exposes only allowed lock metadata: HTTP 200; real HEAD has zero body bytes; GET authorization status matches | Resource/capability boundary: expired bearer even with existing visitor cookie: HTTP 404; real HEAD has zero body bytes and no sensitive resource/upload headers; GET authorization status matches | Resource/capability boundary: revoked bearer: HTTP 404; real HEAD has zero body bytes and no sensitive resource/upload headers; GET authorization status matches,Real ephemeral HTTP for every HEAD and SSE GET; other GET counterparts use disposable harness injection. Named bearer/grant lifecycle case only; no deployed authenticated actors.
HEAD,/api/s/:token,public,api.links.open,request-guest,not-checked,not-checked,,No attributed endpoint/actor evidence: Not checked,No claim of runtime testing or source review for this cell; may be outside intended authority.
HEAD,/api/s/:token,public,api.links.open,nearby-guest,not-checked,not-checked,,No attributed endpoint/actor evidence: Not checked,No claim of runtime testing or source review for this cell; may be outside intended authority.
HEAD,/api/s/:token,public,api.links.open,same-network-stranger,not-checked,not-checked,,No attributed endpoint/actor evidence: Not checked,No claim of runtime testing or source review for this cell; may be outside intended authority.
HEAD,/api/s/:token,public,api.links.open,cross-site-browser,not-checked,not-checked,,No attributed endpoint/actor evidence: Not checked,No claim of runtime testing or source review for this cell; may be outside intended authority.
HEAD,/api/s/:token,public,api.links.open,session-without-csrf,not-checked,not-checked,,No attributed endpoint/actor evidence: Not checked,No claim of runtime testing or source review for this cell; may be outside intended authority.
HEAD,/api/s/:token,public,api.links.open,rebound-host,boundary-asserted,boundary-asserted,tests/security-audit-matrix.test.ts,Host validation: HTTP 403; assertion passed,"Disposable Fastify injection; missing resource IDs exercise global hooks, not resource ownership or valid payload processing."
HEAD,/api/s/:token,public,api.links.open,revoked-member,not-checked,not-checked,,No attributed endpoint/actor evidence: Not checked,No claim of runtime testing or source review for this cell; may be outside intended authority.
HEAD,/api/s/:token,public,api.links.open,authentication-bearer,not-checked,not-checked,,No attributed endpoint/actor evidence: Not checked,No claim of runtime testing or source review for this cell; may be outside intended authority.
HEAD,/api/s/:token,public,api.links.open,local-helper,not-checked,not-checked,,No attributed endpoint/actor evidence: Not checked,No claim of runtime testing or source review for this cell; may be outside intended authority.
GET,/api/s/:token/nodes/:node/content,raw,raw route,anonymous,observed-request-only,observed-request-only,tests/security-audit-matrix.test.ts:116:37,"Request observed in completed test suite; assertion and purpose not inferred: HTTP status counts {""403"": 1}","May be fixture setup, valid feature/control or malformed request. Preload actor is best-effort at request start; share-bearer paths, revoked cookies and helper/network calls are not reliably classified. No payloads, credentials, fixture usernames or concrete token paths are exported."
GET,/api/s/:token/nodes/:node/content,raw,raw route,forged-session,not-checked,not-checked,,No attributed endpoint/actor evidence: Not checked,No claim of runtime testing or source review for this cell; may be outside intended authority.
GET,/api/s/:token/nodes/:node/content,raw,raw route,ordinary-member,not-checked,not-checked,,No attributed endpoint/actor evidence: Not checked,No claim of runtime testing or source review for this cell; may be outside intended authority.
GET,/api/s/:token/nodes/:node/content,raw,raw route,other-member,not-checked,not-checked,,No attributed endpoint/actor evidence: Not checked,No claim of runtime testing or source review for this cell; may be outside intended authority.
GET,/api/s/:token/nodes/:node/content,raw,raw route,administrator,boundary-asserted,boundary-asserted; observed-request-only,tests/security-audit-admin-content.test.ts:39; tests/security-audit-admin-content.test.ts:41:28,"Administrator identity cannot bypass another member's share password: Metadata locked; content 401 | Request observed in completed test suite; assertion and purpose not inferred: HTTP status counts {""401"": 1}","Disposable test instance; this assertion covers the named scenario only. | May be fixture setup, valid feature/control or malformed request. Preload actor is best-effort at request start; share-bearer paths, revoked cookies and helper/network calls are not reliably classified. No payloads, credentials, fixture usernames or concrete token paths are exported."
GET,/api/s/:token/nodes/:node/content,raw,raw route,share-holder,boundary-asserted,boundary-asserted; security-property-asserted; allowed-control-asserted; observed-request-only,tests/link-options.test.ts:31:10; tests/link-options.test.ts:63:20; tests/links.test.ts:245:35; tests/links.test.ts:60:35; tests/security-audit-content.test.ts:178; tests/security-audit-content.test.ts:224; tests/security-audit-content.test.ts:589; tests/security-audit-content.test.ts:666; tests/security-audit-public-head.test.ts:173,"A valid share cannot name a foreign node, and purged share loses access: 404; correct shared bytes are an allowed control | Password gate and share revocation precede range and conditional response handling: 401 locked; 404 revoked; authorized HEAD 200 | Active declared MIME and header-injection declarations are delivered with inert response protections: 200; text/plain except claimed JPEG; nosniff; sandbox CSP; no injected header | Share expiry is enforced before cleanup for metadata, range and conditional representations: 404; database share still present; owner bytes intact | Expected authorized/public status control: valid resource: HTTP 200; real HEAD has zero body bytes; GET authorization status matches | Resource/capability boundary: invalid bearer: HTTP 404; real HEAD has zero body bytes and no sensitive resource/upload headers; GET authorization status matches | Resource/capability boundary: valid share bearer with foreign node: HTTP 404; real HEAD has zero body bytes and no sensitive resource/upload headers; GET authorization status matches | Resource/capability boundary: locked content cannot be served: HTTP 401; real HEAD has zero body bytes and no sensitive resource/upload headers; GET authorization status matches | Resource/capability boundary: expired bearer even with existing visitor cookie: HTTP 404; real HEAD has zero body bytes and no sensitive resource/upload headers; GET authorization status matches | Resource/capability boundary: revoked bearer: HTTP 404; real HEAD has zero body bytes and no sensitive resource/upload headers; GET authorization status matches | Request observed in completed test suite; assertion and purpose not inferred: HTTP status counts {""200"": 5, ""206"": 1, ""401"": 2, ""410"": 2}","Disposable test instance; this assertion covers the named scenario only. | May be fixture setup, valid feature/control or malformed request. Preload actor is best-effort at request start; share-bearer paths, revoked cookies and helper/network calls are not reliably classified. No payloads, credentials, fixture usernames or concrete token paths are exported. | Real ephemeral HTTP for every HEAD and SSE GET; other GET counterparts use disposable harness injection. Named bearer/grant lifecycle case only; no deployed authenticated actors. | Response headers are asserted; browser execution is separately tested by the browser security spec."
GET,/api/s/:token/nodes/:node/content,raw,raw route,request-guest,not-checked,not-checked,,No attributed endpoint/actor evidence: Not checked,No claim of runtime testing or source review for this cell; may be outside intended authority.
GET,/api/s/:token/nodes/:node/content,raw,raw route,nearby-guest,not-checked,not-checked,,No attributed endpoint/actor evidence: Not checked,No claim of runtime testing or source review for this cell; may be outside intended authority.
GET,/api/s/:token/nodes/:node/content,raw,raw route,same-network-stranger,not-checked,not-checked,,No attributed endpoint/actor evidence: Not checked,No claim of runtime testing or source review for this cell; may be outside intended authority.
GET,/api/s/:token/nodes/:node/content,raw,raw route,cross-site-browser,not-checked,not-checked,,No attributed endpoint/actor evidence: Not checked,No claim of runtime testing or source review for this cell; may be outside intended authority.
GET,/api/s/:token/nodes/:node/content,raw,raw route,session-without-csrf,not-checked,not-checked,,No attributed endpoint/actor evidence: Not checked,No claim of runtime testing or source review for this cell; may be outside intended authority.
GET,/api/s/:token/nodes/:node/content,raw,raw route,rebound-host,boundary-asserted,boundary-asserted,tests/security-audit-matrix.test.ts,Host validation: HTTP 403; assertion passed,"Disposable Fastify injection; missing resource IDs exercise global hooks, not resource ownership or valid payload processing."
GET,/api/s/:token/nodes/:node/content,raw,raw route,revoked-member,not-checked,not-checked,,No attributed endpoint/actor evidence: Not checked,No claim of runtime testing or source review for this cell; may be outside intended authority.
GET,/api/s/:token/nodes/:node/content,raw,raw route,authentication-bearer,not-checked,not-checked,,No attributed endpoint/actor evidence: Not checked,No claim of runtime testing or source review for this cell; may be outside intended authority.
GET,/api/s/:token/nodes/:node/content,raw,raw route,local-helper,not-checked,not-checked,,No attributed endpoint/actor evidence: Not checked,No claim of runtime testing or source review for this cell; may be outside intended authority.
HEAD,/api/s/:token/nodes/:node/content,raw,raw route,anonymous,observed-request-only,observed-request-only,tests/security-audit-matrix.test.ts:116:37,"Request observed in completed test suite; assertion and purpose not inferred: HTTP status counts {""403"": 1}","May be fixture setup, valid feature/control or malformed request. Preload actor is best-effort at request start; share-bearer paths, revoked cookies and helper/network calls are not reliably classified. No payloads, credentials, fixture usernames or concrete token paths are exported."
HEAD,/api/s/:token/nodes/:node/content,raw,raw route,forged-session,not-checked,not-checked,,No attributed endpoint/actor evidence: Not checked,No claim of runtime testing or source review for this cell; may be outside intended authority.
HEAD,/api/s/:token/nodes/:node/content,raw,raw route,ordinary-member,not-checked,not-checked,,No attributed endpoint/actor evidence: Not checked,No claim of runtime testing or source review for this cell; may be outside intended authority.
HEAD,/api/s/:token/nodes/:node/content,raw,raw route,other-member,not-checked,not-checked,,No attributed endpoint/actor evidence: Not checked,No claim of runtime testing or source review for this cell; may be outside intended authority.
HEAD,/api/s/:token/nodes/:node/content,raw,raw route,administrator,not-checked,not-checked,,No attributed endpoint/actor evidence: Not checked,No claim of runtime testing or source review for this cell; may be outside intended authority.
HEAD,/api/s/:token/nodes/:node/content,raw,raw route,share-holder,boundary-asserted,boundary-asserted; allowed-control-asserted,tests/security-audit-content.test.ts:224; tests/security-audit-content.test.ts:666; tests/security-audit-public-head.test.ts:173,"Password gate and share revocation precede range and conditional response handling: 401 locked; 404 revoked; authorized HEAD 200 | Share expiry is enforced before cleanup for metadata, range and conditional representations: 404; database share still present; owner bytes intact | Expected authorized/public status control: valid resource: HTTP 200; real HEAD has zero body bytes; GET authorization status matches | Resource/capability boundary: invalid bearer: HTTP 404; real HEAD has zero body bytes and no sensitive resource/upload headers; GET authorization status matches | Resource/capability boundary: valid share bearer with foreign node: HTTP 404; real HEAD has zero body bytes and no sensitive resource/upload headers; GET authorization status matches | Resource/capability boundary: locked content cannot be served: HTTP 401; real HEAD has zero body bytes and no sensitive resource/upload headers; GET authorization status matches | Resource/capability boundary: expired bearer even with existing visitor cookie: HTTP 404; real HEAD has zero body bytes and no sensitive resource/upload headers; GET authorization status matches | Resource/capability boundary: revoked bearer: HTTP 404; real HEAD has zero body bytes and no sensitive resource/upload headers; GET authorization status matches",Disposable test instance; this assertion covers the named scenario only. | Real ephemeral HTTP for every HEAD and SSE GET; other GET counterparts use disposable harness injection. Named bearer/grant lifecycle case only; no deployed authenticated actors.
HEAD,/api/s/:token/nodes/:node/content,raw,raw route,request-guest,not-checked,not-checked,,No attributed endpoint/actor evidence: Not checked,No claim of runtime testing or source review for this cell; may be outside intended authority.
HEAD,/api/s/:token/nodes/:node/content,raw,raw route,nearby-guest,not-checked,not-checked,,No attributed endpoint/actor evidence: Not checked,No claim of runtime testing or source review for this cell; may be outside intended authority.
HEAD,/api/s/:token/nodes/:node/content,raw,raw route,same-network-stranger,not-checked,not-checked,,No attributed endpoint/actor evidence: Not checked,No claim of runtime testing or source review for this cell; may be outside intended authority.
HEAD,/api/s/:token/nodes/:node/content,raw,raw route,cross-site-browser,not-checked,not-checked,,No attributed endpoint/actor evidence: Not checked,No claim of runtime testing or source review for this cell; may be outside intended authority.
HEAD,/api/s/:token/nodes/:node/content,raw,raw route,session-without-csrf,not-checked,not-checked,,No attributed endpoint/actor evidence: Not checked,No claim of runtime testing or source review for this cell; may be outside intended authority.
HEAD,/api/s/:token/nodes/:node/content,raw,raw route,rebound-host,boundary-asserted,boundary-asserted,tests/security-audit-matrix.test.ts,Host validation: HTTP 403; assertion passed,"Disposable Fastify injection; missing resource IDs exercise global hooks, not resource ownership or valid payload processing."
HEAD,/api/s/:token/nodes/:node/content,raw,raw route,revoked-member,not-checked,not-checked,,No attributed endpoint/actor evidence: Not checked,No claim of runtime testing or source review for this cell; may be outside intended authority.
HEAD,/api/s/:token/nodes/:node/content,raw,raw route,authentication-bearer,not-checked,not-checked,,No attributed endpoint/actor evidence: Not checked,No claim of runtime testing or source review for this cell; may be outside intended authority.
HEAD,/api/s/:token/nodes/:node/content,raw,raw route,local-helper,not-checked,not-checked,,No attributed endpoint/actor evidence: Not checked,No claim of runtime testing or source review for this cell; may be outside intended authority.
GET,/api/s/:token/nodes/:node/thumbnail,raw,raw route,anonymous,observed-request-only,observed-request-only,tests/security-audit-matrix.test.ts:116:37,"Request observed in completed test suite; assertion and purpose not inferred: HTTP status counts {""403"": 1}","May be fixture setup, valid feature/control or malformed request. Preload actor is best-effort at request start; share-bearer paths, revoked cookies and helper/network calls are not reliably classified. No payloads, credentials, fixture usernames or concrete token paths are exported."
GET,/api/s/:token/nodes/:node/thumbnail,raw,raw route,forged-session,not-checked,not-checked,,No attributed endpoint/actor evidence: Not checked,No claim of runtime testing or source review for this cell; may be outside intended authority.
GET,/api/s/:token/nodes/:node/thumbnail,raw,raw route,ordinary-member,not-checked,not-checked,,No attributed endpoint/actor evidence: Not checked,No claim of runtime testing or source review for this cell; may be outside intended authority.
GET,/api/s/:token/nodes/:node/thumbnail,raw,raw route,other-member,not-checked,not-checked,,No attributed endpoint/actor evidence: Not checked,No claim of runtime testing or source review for this cell; may be outside intended authority.
GET,/api/s/:token/nodes/:node/thumbnail,raw,raw route,administrator,not-checked,not-checked,,No attributed endpoint/actor evidence: Not checked,No claim of runtime testing or source review for this cell; may be outside intended authority.
GET,/api/s/:token/nodes/:node/thumbnail,raw,raw route,share-holder,boundary-asserted,boundary-asserted; security-property-asserted; allowed-control-asserted,tests/security-audit-content.test.ts:224; tests/security-audit-content.test.ts:247; tests/security-audit-content.test.ts:455; tests/security-audit-content.test.ts:597; tests/security-audit-content.test.ts:666; tests/security-audit-public-head.test.ts:173,"Password gate and share revocation precede range and conditional response handling: 401 locked; 404 revoked; authorized HEAD 200 | Conditional rendition access rechecks the updated share password: 401 after password update; 304 after fresh unlock | Oversized decoded pixel dimensions are rejected before rendition: 415 for both sizes; original bytes remain available | Claimed raster containing active text fails rendition: 415 on repeat | Share expiry is enforced before cleanup for metadata, range and conditional representations: 404; database share still present; owner bytes intact | Expected authorized/public status control: valid resource: HTTP 200; real HEAD has zero body bytes; GET authorization status matches | Resource/capability boundary: invalid bearer: HTTP 404; real HEAD has zero body bytes and no sensitive resource/upload headers; GET authorization status matches | Resource/capability boundary: valid share bearer with foreign node: HTTP 404; real HEAD has zero body bytes and no sensitive resource/upload headers; GET authorization status matches | Resource/capability boundary: locked content cannot be served: HTTP 401; real HEAD has zero body bytes and no sensitive resource/upload headers; GET authorization status matches | Resource/capability boundary: expired bearer even with existing visitor cookie: HTTP 404; real HEAD has zero body bytes and no sensitive resource/upload headers; GET authorization status matches | Resource/capability boundary: revoked bearer: HTTP 404; real HEAD has zero body bytes and no sensitive resource/upload headers; GET authorization status matches",Disposable test instance; this assertion covers the named scenario only. | Handcrafted PNG dimensions; not native-decoder fuzzing. | Real ephemeral HTTP for every HEAD and SSE GET; other GET counterparts use disposable harness injection. Named bearer/grant lifecycle case only; no deployed authenticated actors.
GET,/api/s/:token/nodes/:node/thumbnail,raw,raw route,request-guest,not-checked,not-checked,,No attributed endpoint/actor evidence: Not checked,No claim of runtime testing or source review for this cell; may be outside intended authority.
GET,/api/s/:token/nodes/:node/thumbnail,raw,raw route,nearby-guest,not-checked,not-checked,,No attributed endpoint/actor evidence: Not checked,No claim of runtime testing or source review for this cell; may be outside intended authority.
GET,/api/s/:token/nodes/:node/thumbnail,raw,raw route,same-network-stranger,not-checked,not-checked,,No attributed endpoint/actor evidence: Not checked,No claim of runtime testing or source review for this cell; may be outside intended authority.
GET,/api/s/:token/nodes/:node/thumbnail,raw,raw route,cross-site-browser,not-checked,not-checked,,No attributed endpoint/actor evidence: Not checked,No claim of runtime testing or source review for this cell; may be outside intended authority.
GET,/api/s/:token/nodes/:node/thumbnail,raw,raw route,session-without-csrf,not-checked,not-checked,,No attributed endpoint/actor evidence: Not checked,No claim of runtime testing or source review for this cell; may be outside intended authority.
GET,/api/s/:token/nodes/:node/thumbnail,raw,raw route,rebound-host,boundary-asserted,boundary-asserted,tests/security-audit-matrix.test.ts,Host validation: HTTP 403; assertion passed,"Disposable Fastify injection; missing resource IDs exercise global hooks, not resource ownership or valid payload processing."
GET,/api/s/:token/nodes/:node/thumbnail,raw,raw route,revoked-member,not-checked,not-checked,,No attributed endpoint/actor evidence: Not checked,No claim of runtime testing or source review for this cell; may be outside intended authority.
GET,/api/s/:token/nodes/:node/thumbnail,raw,raw route,authentication-bearer,not-checked,not-checked,,No attributed endpoint/actor evidence: Not checked,No claim of runtime testing or source review for this cell; may be outside intended authority.
GET,/api/s/:token/nodes/:node/thumbnail,raw,raw route,local-helper,not-checked,not-checked,,No attributed endpoint/actor evidence: Not checked,No claim of runtime testing or source review for this cell; may be outside intended authority.
HEAD,/api/s/:token/nodes/:node/thumbnail,raw,raw route,anonymous,observed-request-only,observed-request-only,tests/security-audit-matrix.test.ts:116:37,"Request observed in completed test suite; assertion and purpose not inferred: HTTP status counts {""403"": 1}","May be fixture setup, valid feature/control or malformed request. Preload actor is best-effort at request start; share-bearer paths, revoked cookies and helper/network calls are not reliably classified. No payloads, credentials, fixture usernames or concrete token paths are exported."
HEAD,/api/s/:token/nodes/:node/thumbnail,raw,raw route,forged-session,not-checked,not-checked,,No attributed endpoint/actor evidence: Not checked,No claim of runtime testing or source review for this cell; may be outside intended authority.
HEAD,/api/s/:token/nodes/:node/thumbnail,raw,raw route,ordinary-member,not-checked,not-checked,,No attributed endpoint/actor evidence: Not checked,No claim of runtime testing or source review for this cell; may be outside intended authority.
HEAD,/api/s/:token/nodes/:node/thumbnail,raw,raw route,other-member,not-checked,not-checked,,No attributed endpoint/actor evidence: Not checked,No claim of runtime testing or source review for this cell; may be outside intended authority.
HEAD,/api/s/:token/nodes/:node/thumbnail,raw,raw route,administrator,not-checked,not-checked,,No attributed endpoint/actor evidence: Not checked,No claim of runtime testing or source review for this cell; may be outside intended authority.
HEAD,/api/s/:token/nodes/:node/thumbnail,raw,raw route,share-holder,boundary-asserted,boundary-asserted; allowed-control-asserted,tests/security-audit-content.test.ts:224; tests/security-audit-content.test.ts:666; tests/security-audit-public-head.test.ts:173,"Password gate and share revocation precede range and conditional response handling: 401 locked; 404 revoked; authorized HEAD 200 | Share expiry is enforced before cleanup for metadata, range and conditional representations: 404; database share still present; owner bytes intact | Expected authorized/public status control: valid resource: HTTP 200; real HEAD has zero body bytes; GET authorization status matches | Resource/capability boundary: invalid bearer: HTTP 404; real HEAD has zero body bytes and no sensitive resource/upload headers; GET authorization status matches | Resource/capability boundary: valid share bearer with foreign node: HTTP 404; real HEAD has zero body bytes and no sensitive resource/upload headers; GET authorization status matches | Resource/capability boundary: locked content cannot be served: HTTP 401; real HEAD has zero body bytes and no sensitive resource/upload headers; GET authorization status matches | Resource/capability boundary: expired bearer even with existing visitor cookie: HTTP 404; real HEAD has zero body bytes and no sensitive resource/upload headers; GET authorization status matches | Resource/capability boundary: revoked bearer: HTTP 404; real HEAD has zero body bytes and no sensitive resource/upload headers; GET authorization status matches",Disposable test instance; this assertion covers the named scenario only. | Real ephemeral HTTP for every HEAD and SSE GET; other GET counterparts use disposable harness injection. Named bearer/grant lifecycle case only; no deployed authenticated actors.
HEAD,/api/s/:token/nodes/:node/thumbnail,raw,raw route,request-guest,not-checked,not-checked,,No attributed endpoint/actor evidence: Not checked,No claim of runtime testing or source review for this cell; may be outside intended authority.
HEAD,/api/s/:token/nodes/:node/thumbnail,raw,raw route,nearby-guest,not-checked,not-checked,,No attributed endpoint/actor evidence: Not checked,No claim of runtime testing or source review for this cell; may be outside intended authority.
HEAD,/api/s/:token/nodes/:node/thumbnail,raw,raw route,same-network-stranger,not-checked,not-checked,,No attributed endpoint/actor evidence: Not checked,No claim of runtime testing or source review for this cell; may be outside intended authority.
HEAD,/api/s/:token/nodes/:node/thumbnail,raw,raw route,cross-site-browser,not-checked,not-checked,,No attributed endpoint/actor evidence: Not checked,No claim of runtime testing or source review for this cell; may be outside intended authority.
HEAD,/api/s/:token/nodes/:node/thumbnail,raw,raw route,session-without-csrf,not-checked,not-checked,,No attributed endpoint/actor evidence: Not checked,No claim of runtime testing or source review for this cell; may be outside intended authority.
HEAD,/api/s/:token/nodes/:node/thumbnail,raw,raw route,rebound-host,boundary-asserted,boundary-asserted,tests/security-audit-matrix.test.ts,Host validation: HTTP 403; assertion passed,"Disposable Fastify injection; missing resource IDs exercise global hooks, not resource ownership or valid payload processing."
HEAD,/api/s/:token/nodes/:node/thumbnail,raw,raw route,revoked-member,not-checked,not-checked,,No attributed endpoint/actor evidence: Not checked,No claim of runtime testing or source review for this cell; may be outside intended authority.
HEAD,/api/s/:token/nodes/:node/thumbnail,raw,raw route,authentication-bearer,not-checked,not-checked,,No attributed endpoint/actor evidence: Not checked,No claim of runtime testing or source review for this cell; may be outside intended authority.
HEAD,/api/s/:token/nodes/:node/thumbnail,raw,raw route,local-helper,not-checked,not-checked,,No attributed endpoint/actor evidence: Not checked,No claim of runtime testing or source review for this cell; may be outside intended authority.
GET,/api/s/:token/zip,raw,raw route,anonymous,observed-request-only,observed-request-only,tests/security-audit-matrix.test.ts:116:37,"Request observed in completed test suite; assertion and purpose not inferred: HTTP status counts {""403"": 1}","May be fixture setup, valid feature/control or malformed request. Preload actor is best-effort at request start; share-bearer paths, revoked cookies and helper/network calls are not reliably classified. No payloads, credentials, fixture usernames or concrete token paths are exported."
GET,/api/s/:token/zip,raw,raw route,forged-session,not-checked,not-checked,,No attributed endpoint/actor evidence: Not checked,No claim of runtime testing or source review for this cell; may be outside intended authority.
GET,/api/s/:token/zip,raw,raw route,ordinary-member,not-checked,not-checked,,No attributed endpoint/actor evidence: Not checked,No claim of runtime testing or source review for this cell; may be outside intended authority.
GET,/api/s/:token/zip,raw,raw route,other-member,not-checked,not-checked,,No attributed endpoint/actor evidence: Not checked,No claim of runtime testing or source review for this cell; may be outside intended authority.
GET,/api/s/:token/zip,raw,raw route,administrator,not-checked,not-checked,,No attributed endpoint/actor evidence: Not checked,No claim of runtime testing or source review for this cell; may be outside intended authority.
GET,/api/s/:token/zip,raw,raw route,share-holder,boundary-asserted,boundary-asserted; allowed-control-asserted; observed-request-only,tests/link-options.test.ts:109:33; tests/link-options.test.ts:68:31; tests/security-audit-content.test.ts:224; tests/security-audit-content.test.ts:666; tests/security-audit-public-head.test.ts:173,"Password gate and share revocation precede range and conditional response handling: 401 locked; 404 revoked; authorized HEAD 200 | Share expiry is enforced before cleanup for metadata, range and conditional representations: 404; database share still present; owner bytes intact | Expected authorized/public status control: valid resource: HTTP 200; real HEAD has zero body bytes; GET authorization status matches | Resource/capability boundary: invalid bearer: HTTP 404; real HEAD has zero body bytes and no sensitive resource/upload headers; GET authorization status matches | Resource/capability boundary: foreign folder: HTTP 404; real HEAD has zero body bytes and no sensitive resource/upload headers; GET authorization status matches | Resource/capability boundary: locked content cannot be served: HTTP 401; real HEAD has zero body bytes and no sensitive resource/upload headers; GET authorization status matches | Resource/capability boundary: expired bearer even with existing visitor cookie: HTTP 404; real HEAD has zero body bytes and no sensitive resource/upload headers; GET authorization status matches | Resource/capability boundary: revoked bearer: HTTP 404; real HEAD has zero body bytes and no sensitive resource/upload headers; GET authorization status matches | Request observed in completed test suite; assertion and purpose not inferred: HTTP status counts {""200"": 1, ""401"": 1}","Disposable test instance; this assertion covers the named scenario only. | May be fixture setup, valid feature/control or malformed request. Preload actor is best-effort at request start; share-bearer paths, revoked cookies and helper/network calls are not reliably classified. No payloads, credentials, fixture usernames or concrete token paths are exported. | Real ephemeral HTTP for every HEAD and SSE GET; other GET counterparts use disposable harness injection. Named bearer/grant lifecycle case only; no deployed authenticated actors."
GET,/api/s/:token/zip,raw,raw route,request-guest,not-checked,not-checked,,No attributed endpoint/actor evidence: Not checked,No claim of runtime testing or source review for this cell; may be outside intended authority.
GET,/api/s/:token/zip,raw,raw route,nearby-guest,not-checked,not-checked,,No attributed endpoint/actor evidence: Not checked,No claim of runtime testing or source review for this cell; may be outside intended authority.
GET,/api/s/:token/zip,raw,raw route,same-network-stranger,not-checked,not-checked,,No attributed endpoint/actor evidence: Not checked,No claim of runtime testing or source review for this cell; may be outside intended authority.
GET,/api/s/:token/zip,raw,raw route,cross-site-browser,not-checked,not-checked,,No attributed endpoint/actor evidence: Not checked,No claim of runtime testing or source review for this cell; may be outside intended authority.
GET,/api/s/:token/zip,raw,raw route,session-without-csrf,not-checked,not-checked,,No attributed endpoint/actor evidence: Not checked,No claim of runtime testing or source review for this cell; may be outside intended authority.
GET,/api/s/:token/zip,raw,raw route,rebound-host,boundary-asserted,boundary-asserted,tests/security-audit-matrix.test.ts,Host validation: HTTP 403; assertion passed,"Disposable Fastify injection; missing resource IDs exercise global hooks, not resource ownership or valid payload processing."
GET,/api/s/:token/zip,raw,raw route,revoked-member,not-checked,not-checked,,No attributed endpoint/actor evidence: Not checked,No claim of runtime testing or source review for this cell; may be outside intended authority.
GET,/api/s/:token/zip,raw,raw route,authentication-bearer,not-checked,not-checked,,No attributed endpoint/actor evidence: Not checked,No claim of runtime testing or source review for this cell; may be outside intended authority.
GET,/api/s/:token/zip,raw,raw route,local-helper,not-checked,not-checked,,No attributed endpoint/actor evidence: Not checked,No claim of runtime testing or source review for this cell; may be outside intended authority.
HEAD,/api/s/:token/zip,raw,raw route,anonymous,observed-request-only,observed-request-only,tests/security-audit-matrix.test.ts:116:37,"Request observed in completed test suite; assertion and purpose not inferred: HTTP status counts {""403"": 1}","May be fixture setup, valid feature/control or malformed request. Preload actor is best-effort at request start; share-bearer paths, revoked cookies and helper/network calls are not reliably classified. No payloads, credentials, fixture usernames or concrete token paths are exported."
HEAD,/api/s/:token/zip,raw,raw route,forged-session,not-checked,not-checked,,No attributed endpoint/actor evidence: Not checked,No claim of runtime testing or source review for this cell; may be outside intended authority.
HEAD,/api/s/:token/zip,raw,raw route,ordinary-member,not-checked,not-checked,,No attributed endpoint/actor evidence: Not checked,No claim of runtime testing or source review for this cell; may be outside intended authority.
HEAD,/api/s/:token/zip,raw,raw route,other-member,not-checked,not-checked,,No attributed endpoint/actor evidence: Not checked,No claim of runtime testing or source review for this cell; may be outside intended authority.
HEAD,/api/s/:token/zip,raw,raw route,administrator,not-checked,not-checked,,No attributed endpoint/actor evidence: Not checked,No claim of runtime testing or source review for this cell; may be outside intended authority.
HEAD,/api/s/:token/zip,raw,raw route,share-holder,boundary-asserted,boundary-asserted; allowed-control-asserted,tests/security-audit-content.test.ts:224; tests/security-audit-content.test.ts:666; tests/security-audit-public-head.test.ts:173,"Password gate and share revocation precede range and conditional response handling: 401 locked; 404 revoked; authorized HEAD 200 | Share expiry is enforced before cleanup for metadata, range and conditional representations: 404; database share still present; owner bytes intact | Expected authorized/public status control: valid resource: HTTP 200; real HEAD has zero body bytes; GET authorization status matches | Resource/capability boundary: invalid bearer: HTTP 404; real HEAD has zero body bytes and no sensitive resource/upload headers; GET authorization status matches | Resource/capability boundary: foreign folder: HTTP 404; real HEAD has zero body bytes and no sensitive resource/upload headers; GET authorization status matches | Resource/capability boundary: locked content cannot be served: HTTP 401; real HEAD has zero body bytes and no sensitive resource/upload headers; GET authorization status matches | Resource/capability boundary: expired bearer even with existing visitor cookie: HTTP 404; real HEAD has zero body bytes and no sensitive resource/upload headers; GET authorization status matches | Resource/capability boundary: revoked bearer: HTTP 404; real HEAD has zero body bytes and no sensitive resource/upload headers; GET authorization status matches",Disposable test instance; this assertion covers the named scenario only. | Real ephemeral HTTP for every HEAD and SSE GET; other GET counterparts use disposable harness injection. Named bearer/grant lifecycle case only; no deployed authenticated actors.
HEAD,/api/s/:token/zip,raw,raw route,request-guest,not-checked,not-checked,,No attributed endpoint/actor evidence: Not checked,No claim of runtime testing or source review for this cell; may be outside intended authority.
HEAD,/api/s/:token/zip,raw,raw route,nearby-guest,not-checked,not-checked,,No attributed endpoint/actor evidence: Not checked,No claim of runtime testing or source review for this cell; may be outside intended authority.
HEAD,/api/s/:token/zip,raw,raw route,same-network-stranger,not-checked,not-checked,,No attributed endpoint/actor evidence: Not checked,No claim of runtime testing or source review for this cell; may be outside intended authority.
HEAD,/api/s/:token/zip,raw,raw route,cross-site-browser,not-checked,not-checked,,No attributed endpoint/actor evidence: Not checked,No claim of runtime testing or source review for this cell; may be outside intended authority.
HEAD,/api/s/:token/zip,raw,raw route,session-without-csrf,not-checked,not-checked,,No attributed endpoint/actor evidence: Not checked,No claim of runtime testing or source review for this cell; may be outside intended authority.
HEAD,/api/s/:token/zip,raw,raw route,rebound-host,boundary-asserted,boundary-asserted,tests/security-audit-matrix.test.ts,Host validation: HTTP 403; assertion passed,"Disposable Fastify injection; missing resource IDs exercise global hooks, not resource ownership or valid payload processing."
HEAD,/api/s/:token/zip,raw,raw route,revoked-member,not-checked,not-checked,,No attributed endpoint/actor evidence: Not checked,No claim of runtime testing or source review for this cell; may be outside intended authority.
HEAD,/api/s/:token/zip,raw,raw route,authentication-bearer,not-checked,not-checked,,No attributed endpoint/actor evidence: Not checked,No claim of runtime testing or source review for this cell; may be outside intended authority.
HEAD,/api/s/:token/zip,raw,raw route,local-helper,not-checked,not-checked,,No attributed endpoint/actor evidence: Not checked,No claim of runtime testing or source review for this cell; may be outside intended authority.
POST,/api/s/:token/unlock,public,api.links.unlock,anonymous,observed-request-only,observed-request-only,tests/link-options.test.ts:112:14; tests/link-options.test.ts:197:46; tests/security-audit-matrix.test.ts:101:39; tests/security-audit-matrix.test.ts:116:37,"Request observed in completed test suite; assertion and purpose not inferred: HTTP status counts {""200"": 2, ""403"": 12, ""429"": 1}","May be fixture setup, valid feature/control or malformed request. Preload actor is best-effort at request start; share-bearer paths, revoked cookies and helper/network calls are not reliably classified. No payloads, credentials, fixture usernames or concrete token paths are exported."
POST,/api/s/:token/unlock,public,api.links.unlock,forged-session,not-checked,not-checked,,No attributed endpoint/actor evidence: Not checked,No claim of runtime testing or source review for this cell; may be outside intended authority.
POST,/api/s/:token/unlock,public,api.links.unlock,ordinary-member,not-checked,not-checked,,No attributed endpoint/actor evidence: Not checked,No claim of runtime testing or source review for this cell; may be outside intended authority.
POST,/api/s/:token/unlock,public,api.links.unlock,other-member,not-checked,not-checked,,No attributed endpoint/actor evidence: Not checked,No claim of runtime testing or source review for this cell; may be outside intended authority.
POST,/api/s/:token/unlock,public,api.links.unlock,administrator,not-checked,not-checked,,No attributed endpoint/actor evidence: Not checked,No claim of runtime testing or source review for this cell; may be outside intended authority.
POST,/api/s/:token/unlock,public,api.links.unlock,share-holder,boundary-asserted,boundary-asserted; security-property-asserted; observed-request-only,tests/link-options.test.ts:112:14; tests/link-options.test.ts:249; tests/security-audit-content.test.ts:228,"Wrong and superseded share passwords are rejected: 403; correct-password control succeeds | Parallel share-password guesses share a bounded attempt budget without creating admitted visits: At least two 429; responses only 403/429/503; visit count zero | Request observed in completed test suite; assertion and purpose not inferred: HTTP status counts {""200"": 1, ""403"": 1}","Disposable test instance; this assertion covers the named scenario only. | May be fixture setup, valid feature/control or malformed request. Preload actor is best-effort at request start; share-bearer paths, revoked cookies and helper/network calls are not reliably classified. No payloads, credentials, fixture usernames or concrete token paths are exported."
POST,/api/s/:token/unlock,public,api.links.unlock,request-guest,not-checked,not-checked,,No attributed endpoint/actor evidence: Not checked,No claim of runtime testing or source review for this cell; may be outside intended authority.
POST,/api/s/:token/unlock,public,api.links.unlock,nearby-guest,not-checked,not-checked,,No attributed endpoint/actor evidence: Not checked,No claim of runtime testing or source review for this cell; may be outside intended authority.
POST,/api/s/:token/unlock,public,api.links.unlock,same-network-stranger,not-checked,not-checked,,No attributed endpoint/actor evidence: Not checked,No claim of runtime testing or source review for this cell; may be outside intended authority.
POST,/api/s/:token/unlock,public,api.links.unlock,cross-site-browser,boundary-asserted,boundary-asserted,tests/security-audit-matrix.test.ts,origin: HTTP 403; assertion passed | sec-fetch-site: HTTP 403; assertion passed,"Disposable Fastify injection; missing resource IDs exercise global hooks, not resource ownership or valid payload processing."
POST,/api/s/:token/unlock,public,api.links.unlock,session-without-csrf,not-checked,not-checked,,No attributed endpoint/actor evidence: Not checked,No claim of runtime testing or source review for this cell; may be outside intended authority.
POST,/api/s/:token/unlock,public,api.links.unlock,rebound-host,boundary-asserted,boundary-asserted,tests/security-audit-matrix.test.ts,Host validation: HTTP 403; assertion passed,"Disposable Fastify injection; missing resource IDs exercise global hooks, not resource ownership or valid payload processing."
POST,/api/s/:token/unlock,public,api.links.unlock,revoked-member,not-checked,not-checked,,No attributed endpoint/actor evidence: Not checked,No claim of runtime testing or source review for this cell; may be outside intended authority.
POST,/api/s/:token/unlock,public,api.links.unlock,authentication-bearer,not-checked,not-checked,,No attributed endpoint/actor evidence: Not checked,No claim of runtime testing or source review for this cell; may be outside intended authority.
POST,/api/s/:token/unlock,public,api.links.unlock,local-helper,not-checked,not-checked,,No attributed endpoint/actor evidence: Not checked,No claim of runtime testing or source review for this cell; may be outside intended authority.
GET,/api/invitations/:token,public,api.session.invitation,anonymous,observed-request-only,observed-request-only,tests/admin.test.ts:129:42; tests/admin.test.ts:140:32; tests/auth.test.ts:155:46; tests/auth.test.ts:162:52; tests/auth.test.ts:179:40; tests/security-audit-auth-direct.test.ts:36:17; tests/security-audit-matrix.test.ts:116:37,"Request observed in completed test suite; assertion and purpose not inferred: HTTP status counts {""200"": 3, ""403"": 1, ""410"": 24, ""429"": 1}","May be fixture setup, valid feature/control or malformed request. Preload actor is best-effort at request start; share-bearer paths, revoked cookies and helper/network calls are not reliably classified. No payloads, credentials, fixture usernames or concrete token paths are exported."
GET,/api/invitations/:token,public,api.session.invitation,forged-session,not-checked,not-checked,,No attributed endpoint/actor evidence: Not checked,No claim of runtime testing or source review for this cell; may be outside intended authority.
GET,/api/invitations/:token,public,api.session.invitation,ordinary-member,observed-request-only,observed-request-only,tests/auth.test.ts:155:46,"Request observed in completed test suite; assertion and purpose not inferred: HTTP status counts {""410"": 1}","May be fixture setup, valid feature/control or malformed request. Preload actor is best-effort at request start; share-bearer paths, revoked cookies and helper/network calls are not reliably classified. No payloads, credentials, fixture usernames or concrete token paths are exported."
GET,/api/invitations/:token,public,api.session.invitation,other-member,not-checked,not-checked,,No attributed endpoint/actor evidence: Not checked,No claim of runtime testing or source review for this cell; may be outside intended authority.
GET,/api/invitations/:token,public,api.session.invitation,administrator,not-checked,not-checked,,No attributed endpoint/actor evidence: Not checked,No claim of runtime testing or source review for this cell; may be outside intended authority.
GET,/api/invitations/:token,public,api.session.invitation,share-holder,not-checked,not-checked,,No attributed endpoint/actor evidence: Not checked,No claim of runtime testing or source review for this cell; may be outside intended authority.
GET,/api/invitations/:token,public,api.session.invitation,request-guest,not-checked,not-checked,,No attributed endpoint/actor evidence: Not checked,No claim of runtime testing or source review for this cell; may be outside intended authority.
GET,/api/invitations/:token,public,api.session.invitation,nearby-guest,not-checked,not-checked,,No attributed endpoint/actor evidence: Not checked,No claim of runtime testing or source review for this cell; may be outside intended authority.
GET,/api/invitations/:token,public,api.session.invitation,same-network-stranger,not-checked,not-checked,,No attributed endpoint/actor evidence: Not checked,No claim of runtime testing or source review for this cell; may be outside intended authority.
GET,/api/invitations/:token,public,api.session.invitation,cross-site-browser,not-checked,not-checked,,No attributed endpoint/actor evidence: Not checked,No claim of runtime testing or source review for this cell; may be outside intended authority.
GET,/api/invitations/:token,public,api.session.invitation,session-without-csrf,not-checked,not-checked,,No attributed endpoint/actor evidence: Not checked,No claim of runtime testing or source review for this cell; may be outside intended authority.
GET,/api/invitations/:token,public,api.session.invitation,rebound-host,boundary-asserted,boundary-asserted,tests/security-audit-matrix.test.ts,Host validation: HTTP 403; assertion passed,"Disposable Fastify injection; missing resource IDs exercise global hooks, not resource ownership or valid payload processing."
GET,/api/invitations/:token,public,api.session.invitation,revoked-member,not-checked,not-checked,,No attributed endpoint/actor evidence: Not checked,No claim of runtime testing or source review for this cell; may be outside intended authority.
GET,/api/invitations/:token,public,api.session.invitation,authentication-bearer,boundary-asserted,boundary-asserted; security-property-asserted; allowed-control-asserted,tests/admin.test.ts:130; tests/auth.test.ts:155; tests/auth.test.ts:182; tests/security-audit-auth-direct.test.ts:223; tests/security-audit-public-head.test.ts:486,Withdrawn invitation cannot be inspected as active: 410 | Invitation inspection returns only expiry/inviter and makes unknown/used/expired capabilities indistinguishable: Exact allowed response; unusable variants all 410 with matching errors | Invitation guessing has a per-address admission limit: Twenty unusable-token 410 responses; next 429 | Withdrawn invitation cannot be inspected or redeemed: 410 | Expected authorized/public status control: valid invitation: HTTP 200; real HEAD has zero body bytes; GET authorization status matches | Resource/capability boundary: invalid invitation: HTTP 410; real HEAD has zero body bytes and no sensitive resource/upload headers; GET authorization status matches | Resource/capability boundary: expired invitation: HTTP 410; real HEAD has zero body bytes and no sensitive resource/upload headers; GET authorization status matches | Resource/capability boundary: withdrawn invitation: HTTP 410; real HEAD has zero body bytes and no sensitive resource/upload headers; GET authorization status matches | Resource/capability boundary: consumed invitation: HTTP 410; real HEAD has zero body bytes and no sensitive resource/upload headers; GET authorization status matches,Disposable test instance; this assertion covers the named scenario only. | Real ephemeral HTTP for every HEAD and SSE GET; other GET counterparts use disposable harness injection. Named bearer/grant lifecycle case only; no deployed authenticated actors.
GET,/api/invitations/:token,public,api.session.invitation,local-helper,not-checked,not-checked,,No attributed endpoint/actor evidence: Not checked,No claim of runtime testing or source review for this cell; may be outside intended authority.
HEAD,/api/invitations/:token,public,api.session.invitation,anonymous,observed-request-only,observed-request-only,tests/security-audit-matrix.test.ts:116:37,"Request observed in completed test suite; assertion and purpose not inferred: HTTP status counts {""403"": 1}","May be fixture setup, valid feature/control or malformed request. Preload actor is best-effort at request start; share-bearer paths, revoked cookies and helper/network calls are not reliably classified. No payloads, credentials, fixture usernames or concrete token paths are exported."
HEAD,/api/invitations/:token,public,api.session.invitation,forged-session,not-checked,not-checked,,No attributed endpoint/actor evidence: Not checked,No claim of runtime testing or source review for this cell; may be outside intended authority.
HEAD,/api/invitations/:token,public,api.session.invitation,ordinary-member,not-checked,not-checked,,No attributed endpoint/actor evidence: Not checked,No claim of runtime testing or source review for this cell; may be outside intended authority.
HEAD,/api/invitations/:token,public,api.session.invitation,other-member,not-checked,not-checked,,No attributed endpoint/actor evidence: Not checked,No claim of runtime testing or source review for this cell; may be outside intended authority.
HEAD,/api/invitations/:token,public,api.session.invitation,administrator,not-checked,not-checked,,No attributed endpoint/actor evidence: Not checked,No claim of runtime testing or source review for this cell; may be outside intended authority.
HEAD,/api/invitations/:token,public,api.session.invitation,share-holder,not-checked,not-checked,,No attributed endpoint/actor evidence: Not checked,No claim of runtime testing or source review for this cell; may be outside intended authority.
HEAD,/api/invitations/:token,public,api.session.invitation,request-guest,not-checked,not-checked,,No attributed endpoint/actor evidence: Not checked,No claim of runtime testing or source review for this cell; may be outside intended authority.
HEAD,/api/invitations/:token,public,api.session.invitation,nearby-guest,not-checked,not-checked,,No attributed endpoint/actor evidence: Not checked,No claim of runtime testing or source review for this cell; may be outside intended authority.
HEAD,/api/invitations/:token,public,api.session.invitation,same-network-stranger,not-checked,not-checked,,No attributed endpoint/actor evidence: Not checked,No claim of runtime testing or source review for this cell; may be outside intended authority.
HEAD,/api/invitations/:token,public,api.session.invitation,cross-site-browser,not-checked,not-checked,,No attributed endpoint/actor evidence: Not checked,No claim of runtime testing or source review for this cell; may be outside intended authority.
HEAD,/api/invitations/:token,public,api.session.invitation,session-without-csrf,not-checked,not-checked,,No attributed endpoint/actor evidence: Not checked,No claim of runtime testing or source review for this cell; may be outside intended authority.
HEAD,/api/invitations/:token,public,api.session.invitation,rebound-host,boundary-asserted,boundary-asserted,tests/security-audit-matrix.test.ts,Host validation: HTTP 403; assertion passed,"Disposable Fastify injection; missing resource IDs exercise global hooks, not resource ownership or valid payload processing."
HEAD,/api/invitations/:token,public,api.session.invitation,revoked-member,not-checked,not-checked,,No attributed endpoint/actor evidence: Not checked,No claim of runtime testing or source review for this cell; may be outside intended authority.
HEAD,/api/invitations/:token,public,api.session.invitation,authentication-bearer,boundary-asserted,boundary-asserted; allowed-control-asserted,tests/security-audit-public-head.test.ts:486,Expected authorized/public status control: valid invitation: HTTP 200; real HEAD has zero body bytes; GET authorization status matches | Resource/capability boundary: invalid invitation: HTTP 410; real HEAD has zero body bytes and no sensitive resource/upload headers; GET authorization status matches | Resource/capability boundary: expired invitation: HTTP 410; real HEAD has zero body bytes and no sensitive resource/upload headers; GET authorization status matches | Resource/capability boundary: withdrawn invitation: HTTP 410; real HEAD has zero body bytes and no sensitive resource/upload headers; GET authorization status matches | Resource/capability boundary: consumed invitation: HTTP 410; real HEAD has zero body bytes and no sensitive resource/upload headers; GET authorization status matches,Real ephemeral HTTP for every HEAD and SSE GET; other GET counterparts use disposable harness injection. Named bearer/grant lifecycle case only; no deployed authenticated actors.
HEAD,/api/invitations/:token,public,api.session.invitation,local-helper,not-checked,not-checked,,No attributed endpoint/actor evidence: Not checked,No claim of runtime testing or source review for this cell; may be outside intended authority.
GET,/api/items,member,api.items.list,anonymous,boundary-asserted,boundary-asserted; observed-request-only,tests/security-audit-matrix.test.ts; tests/security-audit-matrix.test.ts:116:37; tests/security-audit-matrix.test.ts:89:36,"authentication boundary: HTTP 401; assertion passed | Request observed in completed test suite; assertion and purpose not inferred: HTTP status counts {""401"": 2, ""403"": 1}","Disposable Fastify injection; missing resource IDs exercise global hooks, not resource ownership or valid payload processing. | May be fixture setup, valid feature/control or malformed request. Preload actor is best-effort at request start; share-bearer paths, revoked cookies and helper/network calls are not reliably classified. No payloads, credentials, fixture usernames or concrete token paths are exported."
GET,/api/items,member,api.items.list,forged-session,boundary-asserted,boundary-asserted,tests/security-audit-matrix.test.ts,authentication boundary: HTTP 401; assertion passed,"Disposable Fastify injection; missing resource IDs exercise global hooks, not resource ownership or valid payload processing."
GET,/api/items,member,api.items.list,ordinary-member,security-property-asserted,security-property-asserted; observed-request-only,tests/library.test.ts:114:14; tests/library.test.ts:121:32; tests/library.test.ts:122:32; tests/library.test.ts:123:35; tests/library.test.ts:125:32; tests/library.test.ts:132:34; tests/library.test.ts:164:31; tests/library.test.ts:170:38; tests/library.test.ts:323:36; tests/library.test.ts:325:43; tests/library.test.ts:439:32; tests/library.test.ts:462:32; tests/library.test.ts:464:21; tests/library.test.ts:467:31; tests/library.test.ts:61:33; tests/security-audit-content.test.ts:556,"Query and ID injection do not alter storage or bypass lookup: Search empty; malformed sort 400; injected ID 404 | Request observed in completed test suite; assertion and purpose not inferred: HTTP status counts {""200"": 22, ""400"": 1}","Disposable test instance; this assertion covers the named scenario only. | May be fixture setup, valid feature/control or malformed request. Preload actor is best-effort at request start; share-bearer paths, revoked cookies and helper/network calls are not reliably classified. No payloads, credentials, fixture usernames or concrete token paths are exported."
GET,/api/items,member,api.items.list,other-member,security-property-asserted,security-property-asserted,tests/security-audit-content.test.ts:149,Collection views exclude another member's items and related activity: 200; foreign resources absent,Disposable test instance; this assertion covers the named scenario only.
GET,/api/items,member,api.items.list,administrator,not-checked,not-checked,,No attributed endpoint/actor evidence: Not checked,No claim of runtime testing or source review for this cell; may be outside intended authority.
GET,/api/items,member,api.items.list,share-holder,boundary-asserted,boundary-asserted; observed-request-only,tests/security-audit-matrix.test.ts; tests/security-audit-matrix.test.ts:89:36,"authentication boundary: HTTP 401; assertion passed | Request observed in completed test suite; assertion and purpose not inferred: HTTP status counts {""401"": 1}","Disposable Fastify injection; missing resource IDs exercise global hooks, not resource ownership or valid payload processing. | May be fixture setup, valid feature/control or malformed request. Preload actor is best-effort at request start; share-bearer paths, revoked cookies and helper/network calls are not reliably classified. No payloads, credentials, fixture usernames or concrete token paths are exported."
GET,/api/items,member,api.items.list,request-guest,boundary-asserted,boundary-asserted; observed-request-only,tests/requests.test.ts:266; tests/requests.test.ts:266:42; tests/security-audit-matrix.test.ts:89:36; tests/security-audit-matrix.test.ts,"authentication boundary: HTTP 401; assertion passed | Upload guests cannot read member collections: 401 | Request observed in completed test suite; assertion and purpose not inferred: HTTP status counts {""401"": 3}","Disposable Fastify injection; missing resource IDs exercise global hooks, not resource ownership or valid payload processing. | Disposable test instance; this assertion covers the named scenario only. | May be fixture setup, valid feature/control or malformed request. Preload actor is best-effort at request start; share-bearer paths, revoked cookies and helper/network calls are not reliably classified. No payloads, credentials, fixture usernames or concrete token paths are exported."
GET,/api/items,member,api.items.list,nearby-guest,boundary-asserted,boundary-asserted; observed-request-only,tests/security-audit-matrix.test.ts; tests/security-audit-matrix.test.ts:89:36,"authentication boundary: HTTP 401; assertion passed | Request observed in completed test suite; assertion and purpose not inferred: HTTP status counts {""401"": 1}","Disposable Fastify injection; missing resource IDs exercise global hooks, not resource ownership or valid payload processing. | May be fixture setup, valid feature/control or malformed request. Preload actor is best-effort at request start; share-bearer paths, revoked cookies and helper/network calls are not reliably classified. No payloads, credentials, fixture usernames or concrete token paths are exported."
GET,/api/items,member,api.items.list,same-network-stranger,boundary-asserted,boundary-asserted; observed-request-only,tests/security-audit-matrix.test.ts; tests/security-audit-matrix.test.ts:89:36,"authentication boundary: HTTP 401; assertion passed | Request observed in completed test suite; assertion and purpose not inferred: HTTP status counts {""401"": 1}","Disposable Fastify injection; missing resource IDs exercise global hooks, not resource ownership or valid payload processing. | May be fixture setup, valid feature/control or malformed request. Preload actor is best-effort at request start; share-bearer paths, revoked cookies and helper/network calls are not reliably classified. No payloads, credentials, fixture usernames or concrete token paths are exported."
GET,/api/items,member,api.items.list,cross-site-browser,not-checked,not-checked,,No attributed endpoint/actor evidence: Not checked,No claim of runtime testing or source review for this cell; may be outside intended authority.
GET,/api/items,member,api.items.list,session-without-csrf,not-checked,not-checked,,No attributed endpoint/actor evidence: Not checked,No claim of runtime testing or source review for this cell; may be outside intended authority.
GET,/api/items,member,api.items.list,rebound-host,boundary-asserted,boundary-asserted,tests/security-audit-matrix.test.ts,Host validation: HTTP 403; assertion passed,"Disposable Fastify injection; missing resource IDs exercise global hooks, not resource ownership or valid payload processing."
GET,/api/items,member,api.items.list,revoked-member,not-checked,not-checked,,No attributed endpoint/actor evidence: Not checked,No claim of runtime testing or source review for this cell; may be outside intended authority.
GET,/api/items,member,api.items.list,authentication-bearer,not-checked,not-checked,,No attributed endpoint/actor evidence: Not checked,No claim of runtime testing or source review for this cell; may be outside intended authority.
GET,/api/items,member,api.items.list,local-helper,not-checked,not-checked,,No attributed endpoint/actor evidence: Not checked,No claim of runtime testing or source review for this cell; may be outside intended authority.
HEAD,/api/items,member,api.items.list,anonymous,boundary-asserted,boundary-asserted; observed-request-only,tests/security-audit-matrix.test.ts; tests/security-audit-matrix.test.ts:116:37; tests/security-audit-matrix.test.ts:89:36,"authentication boundary: HTTP 401; assertion passed | Request observed in completed test suite; assertion and purpose not inferred: HTTP status counts {""401"": 2, ""403"": 1}","Disposable Fastify injection; missing resource IDs exercise global hooks, not resource ownership or valid payload processing. | May be fixture setup, valid feature/control or malformed request. Preload actor is best-effort at request start; share-bearer paths, revoked cookies and helper/network calls are not reliably classified. No payloads, credentials, fixture usernames or concrete token paths are exported."
HEAD,/api/items,member,api.items.list,forged-session,boundary-asserted,boundary-asserted,tests/security-audit-matrix.test.ts,authentication boundary: HTTP 401; assertion passed,"Disposable Fastify injection; missing resource IDs exercise global hooks, not resource ownership or valid payload processing."
HEAD,/api/items,member,api.items.list,ordinary-member,not-checked,not-checked,,No attributed endpoint/actor evidence: Not checked,No claim of runtime testing or source review for this cell; may be outside intended authority.
HEAD,/api/items,member,api.items.list,other-member,not-checked,not-checked,,No attributed endpoint/actor evidence: Not checked,No claim of runtime testing or source review for this cell; may be outside intended authority.
HEAD,/api/items,member,api.items.list,administrator,not-checked,not-checked,,No attributed endpoint/actor evidence: Not checked,No claim of runtime testing or source review for this cell; may be outside intended authority.
HEAD,/api/items,member,api.items.list,share-holder,boundary-asserted,boundary-asserted; observed-request-only,tests/security-audit-matrix.test.ts; tests/security-audit-matrix.test.ts:89:36,"authentication boundary: HTTP 401; assertion passed | Request observed in completed test suite; assertion and purpose not inferred: HTTP status counts {""401"": 1}","Disposable Fastify injection; missing resource IDs exercise global hooks, not resource ownership or valid payload processing. | May be fixture setup, valid feature/control or malformed request. Preload actor is best-effort at request start; share-bearer paths, revoked cookies and helper/network calls are not reliably classified. No payloads, credentials, fixture usernames or concrete token paths are exported."
HEAD,/api/items,member,api.items.list,request-guest,boundary-asserted,boundary-asserted; observed-request-only,tests/security-audit-matrix.test.ts; tests/security-audit-matrix.test.ts:89:36,"authentication boundary: HTTP 401; assertion passed | Request observed in completed test suite; assertion and purpose not inferred: HTTP status counts {""401"": 1}","Disposable Fastify injection; missing resource IDs exercise global hooks, not resource ownership or valid payload processing. | May be fixture setup, valid feature/control or malformed request. Preload actor is best-effort at request start; share-bearer paths, revoked cookies and helper/network calls are not reliably classified. No payloads, credentials, fixture usernames or concrete token paths are exported."
HEAD,/api/items,member,api.items.list,nearby-guest,boundary-asserted,boundary-asserted; observed-request-only,tests/security-audit-matrix.test.ts; tests/security-audit-matrix.test.ts:89:36,"authentication boundary: HTTP 401; assertion passed | Request observed in completed test suite; assertion and purpose not inferred: HTTP status counts {""401"": 1}","Disposable Fastify injection; missing resource IDs exercise global hooks, not resource ownership or valid payload processing. | May be fixture setup, valid feature/control or malformed request. Preload actor is best-effort at request start; share-bearer paths, revoked cookies and helper/network calls are not reliably classified. No payloads, credentials, fixture usernames or concrete token paths are exported."
HEAD,/api/items,member,api.items.list,same-network-stranger,boundary-asserted,boundary-asserted; observed-request-only,tests/security-audit-matrix.test.ts; tests/security-audit-matrix.test.ts:89:36,"authentication boundary: HTTP 401; assertion passed | Request observed in completed test suite; assertion and purpose not inferred: HTTP status counts {""401"": 1}","Disposable Fastify injection; missing resource IDs exercise global hooks, not resource ownership or valid payload processing. | May be fixture setup, valid feature/control or malformed request. Preload actor is best-effort at request start; share-bearer paths, revoked cookies and helper/network calls are not reliably classified. No payloads, credentials, fixture usernames or concrete token paths are exported."
HEAD,/api/items,member,api.items.list,cross-site-browser,not-checked,not-checked,,No attributed endpoint/actor evidence: Not checked,No claim of runtime testing or source review for this cell; may be outside intended authority.
HEAD,/api/items,member,api.items.list,session-without-csrf,not-checked,not-checked,,No attributed endpoint/actor evidence: Not checked,No claim of runtime testing or source review for this cell; may be outside intended authority.
HEAD,/api/items,member,api.items.list,rebound-host,boundary-asserted,boundary-asserted,tests/security-audit-matrix.test.ts,Host validation: HTTP 403; assertion passed,"Disposable Fastify injection; missing resource IDs exercise global hooks, not resource ownership or valid payload processing."
HEAD,/api/items,member,api.items.list,revoked-member,not-checked,not-checked,,No attributed endpoint/actor evidence: Not checked,No claim of runtime testing or source review for this cell; may be outside intended authority.
HEAD,/api/items,member,api.items.list,authentication-bearer,not-checked,not-checked,,No attributed endpoint/actor evidence: Not checked,No claim of runtime testing or source review for this cell; may be outside intended authority.
HEAD,/api/items,member,api.items.list,local-helper,not-checked,not-checked,,No attributed endpoint/actor evidence: Not checked,No claim of runtime testing or source review for this cell; may be outside intended authority.
POST,/api/items/bulk,member,api.items.bulk,anonymous,boundary-asserted,boundary-asserted; observed-request-only,tests/library.test.ts:198:36; tests/security-audit-matrix.test.ts:101:39; tests/security-audit-matrix.test.ts:116:37; tests/security-audit-matrix.test.ts:89:36; tests/security-audit-matrix.test.ts,"authentication boundary: HTTP 401; assertion passed | Request observed in completed test suite; assertion and purpose not inferred: HTTP status counts {""401"": 3, ""403"": 3}","Disposable Fastify injection; missing resource IDs exercise global hooks, not resource ownership or valid payload processing. | May be fixture setup, valid feature/control or malformed request. Preload actor is best-effort at request start; share-bearer paths, revoked cookies and helper/network calls are not reliably classified. No payloads, credentials, fixture usernames or concrete token paths are exported."
POST,/api/items/bulk,member,api.items.bulk,forged-session,boundary-asserted,boundary-asserted,tests/security-audit-matrix.test.ts,authentication boundary: HTTP 401; assertion passed,"Disposable Fastify injection; missing resource IDs exercise global hooks, not resource ownership or valid payload processing."
POST,/api/items/bulk,member,api.items.bulk,ordinary-member,security-property-asserted,security-property-asserted; observed-request-only,tests/library.test.ts:190:16; tests/library.test.ts:202:36; tests/library.test.ts:213:16; tests/library.test.ts:228:27; tests/library.test.ts:234:34; tests/library.test.ts:237:35; tests/library.test.ts:195; tests/limits.test.ts:123,"Member-provided lifetime settings cannot exceed configured item/share age policy: Indefinite/oversize requests clamp to configured age maxima | Oversized or mixed-stale bulk actions cannot partially apply: 400 over 200 IDs; 409 mixed state; valid row unchanged | Request observed in completed test suite; assertion and purpose not inferred: HTTP status counts {""200"": 3, ""400"": 1, ""404"": 1, ""409"": 1}","Disposable test instance; this assertion covers the named scenario only. | May be fixture setup, valid feature/control or malformed request. Preload actor is best-effort at request start; share-bearer paths, revoked cookies and helper/network calls are not reliably classified. No payloads, credentials, fixture usernames or concrete token paths are exported."
POST,/api/items/bulk,member,api.items.bulk,other-member,boundary-asserted,boundary-asserted,tests/security-audit-content.test.ts:129,"Foreign concrete resource IDs cannot read, mutate, bulk-operate, reuse uploads or close another tab: 404; no secret/hash/filename disclosure; mixed bulk operation leaves own item unchanged",Disposable test instance; this assertion covers the named scenario only.
POST,/api/items/bulk,member,api.items.bulk,administrator,not-checked,not-checked,,No attributed endpoint/actor evidence: Not checked,No claim of runtime testing or source review for this cell; may be outside intended authority.
POST,/api/items/bulk,member,api.items.bulk,share-holder,boundary-asserted,boundary-asserted; observed-request-only,tests/security-audit-matrix.test.ts; tests/security-audit-matrix.test.ts:89:36,"authentication boundary: HTTP 401; assertion passed | Request observed in completed test suite; assertion and purpose not inferred: HTTP status counts {""401"": 1}","Disposable Fastify injection; missing resource IDs exercise global hooks, not resource ownership or valid payload processing. | May be fixture setup, valid feature/control or malformed request. Preload actor is best-effort at request start; share-bearer paths, revoked cookies and helper/network calls are not reliably classified. No payloads, credentials, fixture usernames or concrete token paths are exported."
POST,/api/items/bulk,member,api.items.bulk,request-guest,boundary-asserted,boundary-asserted; observed-request-only,tests/security-audit-matrix.test.ts; tests/security-audit-matrix.test.ts:89:36,"authentication boundary: HTTP 403; assertion passed | Request observed in completed test suite; assertion and purpose not inferred: HTTP status counts {""403"": 1}","Disposable Fastify injection; missing resource IDs exercise global hooks, not resource ownership or valid payload processing. | May be fixture setup, valid feature/control or malformed request. Preload actor is best-effort at request start; share-bearer paths, revoked cookies and helper/network calls are not reliably classified. No payloads, credentials, fixture usernames or concrete token paths are exported."
POST,/api/items/bulk,member,api.items.bulk,nearby-guest,boundary-asserted,boundary-asserted; observed-request-only,tests/security-audit-matrix.test.ts; tests/security-audit-matrix.test.ts:89:36,"authentication boundary: HTTP 401; assertion passed | Request observed in completed test suite; assertion and purpose not inferred: HTTP status counts {""401"": 1}","Disposable Fastify injection; missing resource IDs exercise global hooks, not resource ownership or valid payload processing. | May be fixture setup, valid feature/control or malformed request. Preload actor is best-effort at request start; share-bearer paths, revoked cookies and helper/network calls are not reliably classified. No payloads, credentials, fixture usernames or concrete token paths are exported."
POST,/api/items/bulk,member,api.items.bulk,same-network-stranger,boundary-asserted,boundary-asserted; observed-request-only,tests/security-audit-matrix.test.ts; tests/security-audit-matrix.test.ts:89:36,"authentication boundary: HTTP 401; assertion passed | Request observed in completed test suite; assertion and purpose not inferred: HTTP status counts {""401"": 1}","Disposable Fastify injection; missing resource IDs exercise global hooks, not resource ownership or valid payload processing. | May be fixture setup, valid feature/control or malformed request. Preload actor is best-effort at request start; share-bearer paths, revoked cookies and helper/network calls are not reliably classified. No payloads, credentials, fixture usernames or concrete token paths are exported."
POST,/api/items/bulk,member,api.items.bulk,cross-site-browser,boundary-asserted,boundary-asserted,tests/security-audit-matrix.test.ts,origin: HTTP 403; assertion passed | sec-fetch-site: HTTP 403; assertion passed,"Disposable Fastify injection; missing resource IDs exercise global hooks, not resource ownership or valid payload processing."
POST,/api/items/bulk,member,api.items.bulk,session-without-csrf,boundary-asserted,boundary-asserted,tests/security-audit-matrix.test.ts,CSRF token: HTTP 403; assertion passed,"Disposable Fastify injection; missing resource IDs exercise global hooks, not resource ownership or valid payload processing."
POST,/api/items/bulk,member,api.items.bulk,rebound-host,boundary-asserted,boundary-asserted,tests/security-audit-matrix.test.ts,Host validation: HTTP 403; assertion passed,"Disposable Fastify injection; missing resource IDs exercise global hooks, not resource ownership or valid payload processing."
POST,/api/items/bulk,member,api.items.bulk,revoked-member,not-checked,not-checked,,No attributed endpoint/actor evidence: Not checked,No claim of runtime testing or source review for this cell; may be outside intended authority.
POST,/api/items/bulk,member,api.items.bulk,authentication-bearer,not-checked,not-checked,,No attributed endpoint/actor evidence: Not checked,No claim of runtime testing or source review for this cell; may be outside intended authority.
POST,/api/items/bulk,member,api.items.bulk,local-helper,not-checked,not-checked,,No attributed endpoint/actor evidence: Not checked,No claim of runtime testing or source review for this cell; may be outside intended authority.
GET,/api/items/:id,member,api.items.get,anonymous,boundary-asserted,boundary-asserted; observed-request-only,tests/security-audit-matrix.test.ts; tests/security-audit-matrix.test.ts:116:37; tests/security-audit-matrix.test.ts:89:36,"authentication boundary: HTTP 401; assertion passed | Request observed in completed test suite; assertion and purpose not inferred: HTTP status counts {""401"": 2, ""403"": 1}","Disposable Fastify injection; missing resource IDs exercise global hooks, not resource ownership or valid payload processing. | May be fixture setup, valid feature/control or malformed request. Preload actor is best-effort at request start; share-bearer paths, revoked cookies and helper/network calls are not reliably classified. No payloads, credentials, fixture usernames or concrete token paths are exported."
GET,/api/items/:id,member,api.items.get,forged-session,boundary-asserted,boundary-asserted,tests/security-audit-matrix.test.ts,authentication boundary: HTTP 401; assertion passed,"Disposable Fastify injection; missing resource IDs exercise global hooks, not resource ownership or valid payload processing."
GET,/api/items/:id,member,api.items.get,ordinary-member,security-property-asserted,security-property-asserted; observed-request-only,tests/deliveries.test.ts:109:31; tests/deliveries.test.ts:127:32; tests/deliveries.test.ts:254:32; tests/deliveries.test.ts:284:32; tests/deliveries.test.ts:321:31; tests/deliveries.test.ts:77:33; tests/library.test.ts:17:62; tests/library.test.ts:296:38; tests/library.test.ts:330:38; tests/links.test.ts:80:20; tests/local.test.ts:160:35; tests/local.test.ts:203:35; tests/local.test.ts:244:34; tests/requests.test.ts:217:38; tests/requests.test.ts:223:31; tests/requests.test.ts:238:36; tests/requests.test.ts:263:35; tests/security-audit-admin-content.test.ts:14:30; tests/setup.test.ts:299:37; tests/setup.test.ts:300:30; tests/transfers.test.ts:250:33; tests/transfers.test.ts:266:38; tests/transfers.test.ts:299:33; tests/transfers.test.ts:338:38; tests/transfers.test.ts:378:38; tests/security-audit-content.test.ts:556,"Query and ID injection do not alter storage or bypass lookup: Search empty; malformed sort 400; injected ID 404 | Request observed in completed test suite; assertion and purpose not inferred: HTTP status counts {""200"": 43, ""404"": 6}","Disposable test instance; this assertion covers the named scenario only. | May be fixture setup, valid feature/control or malformed request. Preload actor is best-effort at request start; share-bearer paths, revoked cookies and helper/network calls are not reliably classified. No payloads, credentials, fixture usernames or concrete token paths are exported."
GET,/api/items/:id,member,api.items.get,other-member,boundary-asserted,boundary-asserted; observed-request-only,tests/library.test.ts:133:37; tests/security-audit-content.test.ts:129,"Foreign concrete resource IDs cannot read, mutate, bulk-operate, reuse uploads or close another tab: 404; no secret/hash/filename disclosure; mixed bulk operation leaves own item unchanged | Request observed in completed test suite; assertion and purpose not inferred: HTTP status counts {""404"": 1}","Disposable test instance; this assertion covers the named scenario only. | May be fixture setup, valid feature/control or malformed request. Preload actor is best-effort at request start; share-bearer paths, revoked cookies and helper/network calls are not reliably classified. No payloads, credentials, fixture usernames or concrete token paths are exported."
GET,/api/items/:id,member,api.items.get,administrator,boundary-asserted,boundary-asserted; observed-request-only,tests/security-audit-admin-content.test.ts:33:46; tests/security-audit-admin-content.test.ts:34,"Administrator identity cannot directly browse another member's private content: 404; private payload absent | Request observed in completed test suite; assertion and purpose not inferred: HTTP status counts {""404"": 1}","Disposable test instance; this assertion covers the named scenario only. | May be fixture setup, valid feature/control or malformed request. Preload actor is best-effort at request start; share-bearer paths, revoked cookies and helper/network calls are not reliably classified. No payloads, credentials, fixture usernames or concrete token paths are exported."
GET,/api/items/:id,member,api.items.get,share-holder,boundary-asserted,boundary-asserted; observed-request-only,tests/security-audit-matrix.test.ts; tests/security-audit-matrix.test.ts:89:36,"authentication boundary: HTTP 401; assertion passed | Request observed in completed test suite; assertion and purpose not inferred: HTTP status counts {""401"": 1}","Disposable Fastify injection; missing resource IDs exercise global hooks, not resource ownership or valid payload processing. | May be fixture setup, valid feature/control or malformed request. Preload actor is best-effort at request start; share-bearer paths, revoked cookies and helper/network calls are not reliably classified. No payloads, credentials, fixture usernames or concrete token paths are exported."
GET,/api/items/:id,member,api.items.get,request-guest,boundary-asserted,boundary-asserted; observed-request-only,tests/requests.test.ts:268:42; tests/security-audit-matrix.test.ts:89:36; tests/security-audit-content.test.ts:322; tests/security-audit-matrix.test.ts,"authentication boundary: HTTP 401; assertion passed | Submitted identifiers do not give a write-only guest read authority: 401 | Request observed in completed test suite; assertion and purpose not inferred: HTTP status counts {""401"": 5}","Disposable Fastify injection; missing resource IDs exercise global hooks, not resource ownership or valid payload processing. | Disposable test instance; this assertion covers the named scenario only. | May be fixture setup, valid feature/control or malformed request. Preload actor is best-effort at request start; share-bearer paths, revoked cookies and helper/network calls are not reliably classified. No payloads, credentials, fixture usernames or concrete token paths are exported."
GET,/api/items/:id,member,api.items.get,nearby-guest,boundary-asserted,boundary-asserted; observed-request-only,tests/security-audit-matrix.test.ts; tests/security-audit-matrix.test.ts:89:36,"authentication boundary: HTTP 401; assertion passed | Request observed in completed test suite; assertion and purpose not inferred: HTTP status counts {""401"": 1}","Disposable Fastify injection; missing resource IDs exercise global hooks, not resource ownership or valid payload processing. | May be fixture setup, valid feature/control or malformed request. Preload actor is best-effort at request start; share-bearer paths, revoked cookies and helper/network calls are not reliably classified. No payloads, credentials, fixture usernames or concrete token paths are exported."
GET,/api/items/:id,member,api.items.get,same-network-stranger,boundary-asserted,boundary-asserted; observed-request-only,tests/security-audit-matrix.test.ts; tests/security-audit-matrix.test.ts:89:36,"authentication boundary: HTTP 401; assertion passed | Request observed in completed test suite; assertion and purpose not inferred: HTTP status counts {""401"": 1}","Disposable Fastify injection; missing resource IDs exercise global hooks, not resource ownership or valid payload processing. | May be fixture setup, valid feature/control or malformed request. Preload actor is best-effort at request start; share-bearer paths, revoked cookies and helper/network calls are not reliably classified. No payloads, credentials, fixture usernames or concrete token paths are exported."
GET,/api/items/:id,member,api.items.get,cross-site-browser,not-checked,not-checked,,No attributed endpoint/actor evidence: Not checked,No claim of runtime testing or source review for this cell; may be outside intended authority.
GET,/api/items/:id,member,api.items.get,session-without-csrf,not-checked,not-checked,,No attributed endpoint/actor evidence: Not checked,No claim of runtime testing or source review for this cell; may be outside intended authority.
GET,/api/items/:id,member,api.items.get,rebound-host,boundary-asserted,boundary-asserted,tests/security-audit-matrix.test.ts,Host validation: HTTP 403; assertion passed,"Disposable Fastify injection; missing resource IDs exercise global hooks, not resource ownership or valid payload processing."
GET,/api/items/:id,member,api.items.get,revoked-member,not-checked,not-checked,,No attributed endpoint/actor evidence: Not checked,No claim of runtime testing or source review for this cell; may be outside intended authority.
GET,/api/items/:id,member,api.items.get,authentication-bearer,not-checked,not-checked,,No attributed endpoint/actor evidence: Not checked,No claim of runtime testing or source review for this cell; may be outside intended authority.
GET,/api/items/:id,member,api.items.get,local-helper,not-checked,not-checked,,No attributed endpoint/actor evidence: Not checked,No claim of runtime testing or source review for this cell; may be outside intended authority.
HEAD,/api/items/:id,member,api.items.get,anonymous,boundary-asserted,boundary-asserted; observed-request-only,tests/security-audit-matrix.test.ts; tests/security-audit-matrix.test.ts:116:37; tests/security-audit-matrix.test.ts:89:36,"authentication boundary: HTTP 401; assertion passed | Request observed in completed test suite; assertion and purpose not inferred: HTTP status counts {""401"": 2, ""403"": 1}","Disposable Fastify injection; missing resource IDs exercise global hooks, not resource ownership or valid payload processing. | May be fixture setup, valid feature/control or malformed request. Preload actor is best-effort at request start; share-bearer paths, revoked cookies and helper/network calls are not reliably classified. No payloads, credentials, fixture usernames or concrete token paths are exported."
HEAD,/api/items/:id,member,api.items.get,forged-session,boundary-asserted,boundary-asserted,tests/security-audit-matrix.test.ts,authentication boundary: HTTP 401; assertion passed,"Disposable Fastify injection; missing resource IDs exercise global hooks, not resource ownership or valid payload processing."
HEAD,/api/items/:id,member,api.items.get,ordinary-member,not-checked,not-checked,,No attributed endpoint/actor evidence: Not checked,No claim of runtime testing or source review for this cell; may be outside intended authority.
HEAD,/api/items/:id,member,api.items.get,other-member,not-checked,not-checked,,No attributed endpoint/actor evidence: Not checked,No claim of runtime testing or source review for this cell; may be outside intended authority.
HEAD,/api/items/:id,member,api.items.get,administrator,boundary-asserted,boundary-asserted; observed-request-only,tests/security-audit-admin-content.test.ts:33:46; tests/security-audit-admin-content.test.ts:34,"Administrator identity cannot directly browse another member's private content: 404; private payload absent | Request observed in completed test suite; assertion and purpose not inferred: HTTP status counts {""404"": 1}","Disposable test instance; this assertion covers the named scenario only. | May be fixture setup, valid feature/control or malformed request. Preload actor is best-effort at request start; share-bearer paths, revoked cookies and helper/network calls are not reliably classified. No payloads, credentials, fixture usernames or concrete token paths are exported."
HEAD,/api/items/:id,member,api.items.get,share-holder,boundary-asserted,boundary-asserted; observed-request-only,tests/security-audit-matrix.test.ts; tests/security-audit-matrix.test.ts:89:36,"authentication boundary: HTTP 401; assertion passed | Request observed in completed test suite; assertion and purpose not inferred: HTTP status counts {""401"": 1}","Disposable Fastify injection; missing resource IDs exercise global hooks, not resource ownership or valid payload processing. | May be fixture setup, valid feature/control or malformed request. Preload actor is best-effort at request start; share-bearer paths, revoked cookies and helper/network calls are not reliably classified. No payloads, credentials, fixture usernames or concrete token paths are exported."
HEAD,/api/items/:id,member,api.items.get,request-guest,boundary-asserted,boundary-asserted; observed-request-only,tests/security-audit-matrix.test.ts; tests/security-audit-matrix.test.ts:89:36,"authentication boundary: HTTP 401; assertion passed | Request observed in completed test suite; assertion and purpose not inferred: HTTP status counts {""401"": 1}","Disposable Fastify injection; missing resource IDs exercise global hooks, not resource ownership or valid payload processing. | May be fixture setup, valid feature/control or malformed request. Preload actor is best-effort at request start; share-bearer paths, revoked cookies and helper/network calls are not reliably classified. No payloads, credentials, fixture usernames or concrete token paths are exported."
HEAD,/api/items/:id,member,api.items.get,nearby-guest,boundary-asserted,boundary-asserted; observed-request-only,tests/security-audit-matrix.test.ts; tests/security-audit-matrix.test.ts:89:36,"authentication boundary: HTTP 401; assertion passed | Request observed in completed test suite; assertion and purpose not inferred: HTTP status counts {""401"": 1}","Disposable Fastify injection; missing resource IDs exercise global hooks, not resource ownership or valid payload processing. | May be fixture setup, valid feature/control or malformed request. Preload actor is best-effort at request start; share-bearer paths, revoked cookies and helper/network calls are not reliably classified. No payloads, credentials, fixture usernames or concrete token paths are exported."
HEAD,/api/items/:id,member,api.items.get,same-network-stranger,boundary-asserted,boundary-asserted; observed-request-only,tests/security-audit-matrix.test.ts; tests/security-audit-matrix.test.ts:89:36,"authentication boundary: HTTP 401; assertion passed | Request observed in completed test suite; assertion and purpose not inferred: HTTP status counts {""401"": 1}","Disposable Fastify injection; missing resource IDs exercise global hooks, not resource ownership or valid payload processing. | May be fixture setup, valid feature/control or malformed request. Preload actor is best-effort at request start; share-bearer paths, revoked cookies and helper/network calls are not reliably classified. No payloads, credentials, fixture usernames or concrete token paths are exported."
HEAD,/api/items/:id,member,api.items.get,cross-site-browser,not-checked,not-checked,,No attributed endpoint/actor evidence: Not checked,No claim of runtime testing or source review for this cell; may be outside intended authority.
HEAD,/api/items/:id,member,api.items.get,session-without-csrf,not-checked,not-checked,,No attributed endpoint/actor evidence: Not checked,No claim of runtime testing or source review for this cell; may be outside intended authority.
HEAD,/api/items/:id,member,api.items.get,rebound-host,boundary-asserted,boundary-asserted,tests/security-audit-matrix.test.ts,Host validation: HTTP 403; assertion passed,"Disposable Fastify injection; missing resource IDs exercise global hooks, not resource ownership or valid payload processing."
HEAD,/api/items/:id,member,api.items.get,revoked-member,not-checked,not-checked,,No attributed endpoint/actor evidence: Not checked,No claim of runtime testing or source review for this cell; may be outside intended authority.
HEAD,/api/items/:id,member,api.items.get,authentication-bearer,not-checked,not-checked,,No attributed endpoint/actor evidence: Not checked,No claim of runtime testing or source review for this cell; may be outside intended authority.
HEAD,/api/items/:id,member,api.items.get,local-helper,not-checked,not-checked,,No attributed endpoint/actor evidence: Not checked,No claim of runtime testing or source review for this cell; may be outside intended authority.
PATCH,/api/items/:id,member,api.items.update,anonymous,boundary-asserted,boundary-asserted; observed-request-only,tests/security-audit-matrix.test.ts; tests/security-audit-matrix.test.ts:101:39; tests/security-audit-matrix.test.ts:116:37; tests/security-audit-matrix.test.ts:89:36,"authentication boundary: HTTP 401; assertion passed | Request observed in completed test suite; assertion and purpose not inferred: HTTP status counts {""401"": 2, ""403"": 3}","Disposable Fastify injection; missing resource IDs exercise global hooks, not resource ownership or valid payload processing. | May be fixture setup, valid feature/control or malformed request. Preload actor is best-effort at request start; share-bearer paths, revoked cookies and helper/network calls are not reliably classified. No payloads, credentials, fixture usernames or concrete token paths are exported."
PATCH,/api/items/:id,member,api.items.update,forged-session,boundary-asserted,boundary-asserted,tests/security-audit-matrix.test.ts,authentication boundary: HTTP 401; assertion passed,"Disposable Fastify injection; missing resource IDs exercise global hooks, not resource ownership or valid payload processing."
PATCH,/api/items/:id,member,api.items.update,ordinary-member,security-property-asserted,security-property-asserted; observed-request-only,tests/deliveries.test.ts:300:18; tests/library.test.ts:308:34; tests/library.test.ts:370:34; tests/library.test.ts:376:21; tests/library.test.ts:381:27; tests/library.test.ts:396:18; tests/library.test.ts:398:18; tests/library.test.ts:405:38; tests/links.test.ts:209:30; tests/links.test.ts:217:17; tests/links.test.ts:225:17; tests/library.test.ts:382; tests/limits.test.ts:123,"Member-provided lifetime settings cannot exceed configured item/share age policy: Indefinite/oversize requests clamp to configured age maxima | Empty or multi-segment item names cannot mutate item contents: 400 invalid updates; node IDs/paths unchanged | Request observed in completed test suite; assertion and purpose not inferred: HTTP status counts {""200"": 8, ""400"": 2, ""410"": 1}","Disposable test instance; this assertion covers the named scenario only. | May be fixture setup, valid feature/control or malformed request. Preload actor is best-effort at request start; share-bearer paths, revoked cookies and helper/network calls are not reliably classified. No payloads, credentials, fixture usernames or concrete token paths are exported."
PATCH,/api/items/:id,member,api.items.update,other-member,boundary-asserted,boundary-asserted; observed-request-only,tests/library.test.ts:403:40; tests/security-audit-content.test.ts:129,"Foreign concrete resource IDs cannot read, mutate, bulk-operate, reuse uploads or close another tab: 404; no secret/hash/filename disclosure; mixed bulk operation leaves own item unchanged | Request observed in completed test suite; assertion and purpose not inferred: HTTP status counts {""404"": 1}","Disposable test instance; this assertion covers the named scenario only. | May be fixture setup, valid feature/control or malformed request. Preload actor is best-effort at request start; share-bearer paths, revoked cookies and helper/network calls are not reliably classified. No payloads, credentials, fixture usernames or concrete token paths are exported."
PATCH,/api/items/:id,member,api.items.update,administrator,not-checked,not-checked,,No attributed endpoint/actor evidence: Not checked,No claim of runtime testing or source review for this cell; may be outside intended authority.
PATCH,/api/items/:id,member,api.items.update,share-holder,boundary-asserted,boundary-asserted; observed-request-only,tests/security-audit-matrix.test.ts; tests/security-audit-matrix.test.ts:89:36,"authentication boundary: HTTP 401; assertion passed | Request observed in completed test suite; assertion and purpose not inferred: HTTP status counts {""401"": 1}","Disposable Fastify injection; missing resource IDs exercise global hooks, not resource ownership or valid payload processing. | May be fixture setup, valid feature/control or malformed request. Preload actor is best-effort at request start; share-bearer paths, revoked cookies and helper/network calls are not reliably classified. No payloads, credentials, fixture usernames or concrete token paths are exported."
PATCH,/api/items/:id,member,api.items.update,request-guest,boundary-asserted,boundary-asserted; observed-request-only,tests/security-audit-matrix.test.ts; tests/security-audit-matrix.test.ts:89:36,"authentication boundary: HTTP 403; assertion passed | Request observed in completed test suite; assertion and purpose not inferred: HTTP status counts {""403"": 1}","Disposable Fastify injection; missing resource IDs exercise global hooks, not resource ownership or valid payload processing. | May be fixture setup, valid feature/control or malformed request. Preload actor is best-effort at request start; share-bearer paths, revoked cookies and helper/network calls are not reliably classified. No payloads, credentials, fixture usernames or concrete token paths are exported."
PATCH,/api/items/:id,member,api.items.update,nearby-guest,boundary-asserted,boundary-asserted; observed-request-only,tests/security-audit-matrix.test.ts; tests/security-audit-matrix.test.ts:89:36,"authentication boundary: HTTP 401; assertion passed | Request observed in completed test suite; assertion and purpose not inferred: HTTP status counts {""401"": 1}","Disposable Fastify injection; missing resource IDs exercise global hooks, not resource ownership or valid payload processing. | May be fixture setup, valid feature/control or malformed request. Preload actor is best-effort at request start; share-bearer paths, revoked cookies and helper/network calls are not reliably classified. No payloads, credentials, fixture usernames or concrete token paths are exported."
PATCH,/api/items/:id,member,api.items.update,same-network-stranger,boundary-asserted,boundary-asserted; observed-request-only,tests/security-audit-matrix.test.ts; tests/security-audit-matrix.test.ts:89:36,"authentication boundary: HTTP 401; assertion passed | Request observed in completed test suite; assertion and purpose not inferred: HTTP status counts {""401"": 1}","Disposable Fastify injection; missing resource IDs exercise global hooks, not resource ownership or valid payload processing. | May be fixture setup, valid feature/control or malformed request. Preload actor is best-effort at request start; share-bearer paths, revoked cookies and helper/network calls are not reliably classified. No payloads, credentials, fixture usernames or concrete token paths are exported."
PATCH,/api/items/:id,member,api.items.update,cross-site-browser,boundary-asserted,boundary-asserted,tests/security-audit-matrix.test.ts,origin: HTTP 403; assertion passed | sec-fetch-site: HTTP 403; assertion passed,"Disposable Fastify injection; missing resource IDs exercise global hooks, not resource ownership or valid payload processing."
PATCH,/api/items/:id,member,api.items.update,session-without-csrf,boundary-asserted,boundary-asserted,tests/security-audit-matrix.test.ts,CSRF token: HTTP 403; assertion passed,"Disposable Fastify injection; missing resource IDs exercise global hooks, not resource ownership or valid payload processing."
PATCH,/api/items/:id,member,api.items.update,rebound-host,boundary-asserted,boundary-asserted,tests/security-audit-matrix.test.ts,Host validation: HTTP 403; assertion passed,"Disposable Fastify injection; missing resource IDs exercise global hooks, not resource ownership or valid payload processing."
PATCH,/api/items/:id,member,api.items.update,revoked-member,not-checked,not-checked,,No attributed endpoint/actor evidence: Not checked,No claim of runtime testing or source review for this cell; may be outside intended authority.
PATCH,/api/items/:id,member,api.items.update,authentication-bearer,not-checked,not-checked,,No attributed endpoint/actor evidence: Not checked,No claim of runtime testing or source review for this cell; may be outside intended authority.
PATCH,/api/items/:id,member,api.items.update,local-helper,not-checked,not-checked,,No attributed endpoint/actor evidence: Not checked,No claim of runtime testing or source review for this cell; may be outside intended authority.
DELETE,/api/items/:id,member,api.items.remove,anonymous,boundary-asserted,boundary-asserted; observed-request-only,tests/security-audit-matrix.test.ts; tests/security-audit-matrix.test.ts:101:39; tests/security-audit-matrix.test.ts:116:37; tests/security-audit-matrix.test.ts:89:36,"authentication boundary: HTTP 401; assertion passed | Request observed in completed test suite; assertion and purpose not inferred: HTTP status counts {""401"": 2, ""403"": 3}","Disposable Fastify injection; missing resource IDs exercise global hooks, not resource ownership or valid payload processing. | May be fixture setup, valid feature/control or malformed request. Preload actor is best-effort at request start; share-bearer paths, revoked cookies and helper/network calls are not reliably classified. No payloads, credentials, fixture usernames or concrete token paths are exported."
DELETE,/api/items/:id,member,api.items.remove,forged-session,boundary-asserted,boundary-asserted,tests/security-audit-matrix.test.ts,authentication boundary: HTTP 401; assertion passed,"Disposable Fastify injection; missing resource IDs exercise global hooks, not resource ownership or valid payload processing."
DELETE,/api/items/:id,member,api.items.remove,ordinary-member,observed-request-only,observed-request-only,tests/deliveries.test.ts:332:18; tests/library.test.ts:258:38; tests/library.test.ts:295:18; tests/links.test.ts:104:17; tests/requests.test.ts:812:17,"Request observed in completed test suite; assertion and purpose not inferred: HTTP status counts {""200"": 4, ""409"": 1}","May be fixture setup, valid feature/control or malformed request. Preload actor is best-effort at request start; share-bearer paths, revoked cookies and helper/network calls are not reliably classified. No payloads, credentials, fixture usernames or concrete token paths are exported."
DELETE,/api/items/:id,member,api.items.remove,other-member,boundary-asserted,boundary-asserted,tests/security-audit-content.test.ts:129,"Foreign concrete resource IDs cannot read, mutate, bulk-operate, reuse uploads or close another tab: 404; no secret/hash/filename disclosure; mixed bulk operation leaves own item unchanged",Disposable test instance; this assertion covers the named scenario only.
DELETE,/api/items/:id,member,api.items.remove,administrator,not-checked,not-checked,,No attributed endpoint/actor evidence: Not checked,No claim of runtime testing or source review for this cell; may be outside intended authority.
DELETE,/api/items/:id,member,api.items.remove,share-holder,boundary-asserted,boundary-asserted; observed-request-only,tests/security-audit-matrix.test.ts; tests/security-audit-matrix.test.ts:89:36,"authentication boundary: HTTP 401; assertion passed | Request observed in completed test suite; assertion and purpose not inferred: HTTP status counts {""401"": 1}","Disposable Fastify injection; missing resource IDs exercise global hooks, not resource ownership or valid payload processing. | May be fixture setup, valid feature/control or malformed request. Preload actor is best-effort at request start; share-bearer paths, revoked cookies and helper/network calls are not reliably classified. No payloads, credentials, fixture usernames or concrete token paths are exported."
DELETE,/api/items/:id,member,api.items.remove,request-guest,boundary-asserted,boundary-asserted; observed-request-only,tests/security-audit-matrix.test.ts; tests/security-audit-matrix.test.ts:89:36,"authentication boundary: HTTP 403; assertion passed | Request observed in completed test suite; assertion and purpose not inferred: HTTP status counts {""403"": 1}","Disposable Fastify injection; missing resource IDs exercise global hooks, not resource ownership or valid payload processing. | May be fixture setup, valid feature/control or malformed request. Preload actor is best-effort at request start; share-bearer paths, revoked cookies and helper/network calls are not reliably classified. No payloads, credentials, fixture usernames or concrete token paths are exported."
DELETE,/api/items/:id,member,api.items.remove,nearby-guest,boundary-asserted,boundary-asserted; observed-request-only,tests/security-audit-matrix.test.ts; tests/security-audit-matrix.test.ts:89:36,"authentication boundary: HTTP 401; assertion passed | Request observed in completed test suite; assertion and purpose not inferred: HTTP status counts {""401"": 1}","Disposable Fastify injection; missing resource IDs exercise global hooks, not resource ownership or valid payload processing. | May be fixture setup, valid feature/control or malformed request. Preload actor is best-effort at request start; share-bearer paths, revoked cookies and helper/network calls are not reliably classified. No payloads, credentials, fixture usernames or concrete token paths are exported."
DELETE,/api/items/:id,member,api.items.remove,same-network-stranger,boundary-asserted,boundary-asserted; observed-request-only,tests/security-audit-matrix.test.ts; tests/security-audit-matrix.test.ts:89:36,"authentication boundary: HTTP 401; assertion passed | Request observed in completed test suite; assertion and purpose not inferred: HTTP status counts {""401"": 1}","Disposable Fastify injection; missing resource IDs exercise global hooks, not resource ownership or valid payload processing. | May be fixture setup, valid feature/control or malformed request. Preload actor is best-effort at request start; share-bearer paths, revoked cookies and helper/network calls are not reliably classified. No payloads, credentials, fixture usernames or concrete token paths are exported."
DELETE,/api/items/:id,member,api.items.remove,cross-site-browser,boundary-asserted,boundary-asserted,tests/security-audit-matrix.test.ts,origin: HTTP 403; assertion passed | sec-fetch-site: HTTP 403; assertion passed,"Disposable Fastify injection; missing resource IDs exercise global hooks, not resource ownership or valid payload processing."
DELETE,/api/items/:id,member,api.items.remove,session-without-csrf,boundary-asserted,boundary-asserted,tests/security-audit-matrix.test.ts,CSRF token: HTTP 403; assertion passed,"Disposable Fastify injection; missing resource IDs exercise global hooks, not resource ownership or valid payload processing."
DELETE,/api/items/:id,member,api.items.remove,rebound-host,boundary-asserted,boundary-asserted,tests/security-audit-matrix.test.ts,Host validation: HTTP 403; assertion passed,"Disposable Fastify injection; missing resource IDs exercise global hooks, not resource ownership or valid payload processing."
DELETE,/api/items/:id,member,api.items.remove,revoked-member,not-checked,not-checked,,No attributed endpoint/actor evidence: Not checked,No claim of runtime testing or source review for this cell; may be outside intended authority.
DELETE,/api/items/:id,member,api.items.remove,authentication-bearer,not-checked,not-checked,,No attributed endpoint/actor evidence: Not checked,No claim of runtime testing or source review for this cell; may be outside intended authority.
DELETE,/api/items/:id,member,api.items.remove,local-helper,not-checked,not-checked,,No attributed endpoint/actor evidence: Not checked,No claim of runtime testing or source review for this cell; may be outside intended authority.
POST,/api/items/:id/trash,member,api.items.trash,anonymous,boundary-asserted,boundary-asserted; observed-request-only,tests/security-audit-matrix.test.ts; tests/security-audit-matrix.test.ts:101:39; tests/security-audit-matrix.test.ts:116:37; tests/security-audit-matrix.test.ts:89:36,"authentication boundary: HTTP 401; assertion passed | Request observed in completed test suite; assertion and purpose not inferred: HTTP status counts {""401"": 2, ""403"": 3}","Disposable Fastify injection; missing resource IDs exercise global hooks, not resource ownership or valid payload processing. | May be fixture setup, valid feature/control or malformed request. Preload actor is best-effort at request start; share-bearer paths, revoked cookies and helper/network calls are not reliably classified. No payloads, credentials, fixture usernames or concrete token paths are exported."
POST,/api/items/:id/trash,member,api.items.trash,forged-session,boundary-asserted,boundary-asserted,tests/security-audit-matrix.test.ts,authentication boundary: HTTP 401; assertion passed,"Disposable Fastify injection; missing resource IDs exercise global hooks, not resource ownership or valid payload processing."
POST,/api/items/:id/trash,member,api.items.trash,ordinary-member,observed-request-only,observed-request-only,tests/deliveries.test.ts:205:18; tests/deliveries.test.ts:323:18; tests/library.test.ts:112:18; tests/library.test.ts:226:18; tests/library.test.ts:266:18; tests/library.test.ts:267:18; tests/library.test.ts:290:18; tests/library.test.ts:294:18; tests/library.test.ts:314:18; tests/library.test.ts:404:18; tests/library.test.ts:455:20; tests/library.test.ts:459:17; tests/links.test.ts:103:17; tests/links.test.ts:243:17; tests/requests.test.ts:400:46; tests/requests.test.ts:806:17; tests/setup.test.ts:287:20,"Request observed in completed test suite; assertion and purpose not inferred: HTTP status counts {""200"": 19}","May be fixture setup, valid feature/control or malformed request. Preload actor is best-effort at request start; share-bearer paths, revoked cookies and helper/network calls are not reliably classified. No payloads, credentials, fixture usernames or concrete token paths are exported."
POST,/api/items/:id/trash,member,api.items.trash,other-member,boundary-asserted,boundary-asserted,tests/security-audit-content.test.ts:129,"Foreign concrete resource IDs cannot read, mutate, bulk-operate, reuse uploads or close another tab: 404; no secret/hash/filename disclosure; mixed bulk operation leaves own item unchanged",Disposable test instance; this assertion covers the named scenario only.
POST,/api/items/:id/trash,member,api.items.trash,administrator,not-checked,not-checked,,No attributed endpoint/actor evidence: Not checked,No claim of runtime testing or source review for this cell; may be outside intended authority.
POST,/api/items/:id/trash,member,api.items.trash,share-holder,boundary-asserted,boundary-asserted; observed-request-only,tests/security-audit-matrix.test.ts; tests/security-audit-matrix.test.ts:89:36,"authentication boundary: HTTP 401; assertion passed | Request observed in completed test suite; assertion and purpose not inferred: HTTP status counts {""401"": 1}","Disposable Fastify injection; missing resource IDs exercise global hooks, not resource ownership or valid payload processing. | May be fixture setup, valid feature/control or malformed request. Preload actor is best-effort at request start; share-bearer paths, revoked cookies and helper/network calls are not reliably classified. No payloads, credentials, fixture usernames or concrete token paths are exported."
POST,/api/items/:id/trash,member,api.items.trash,request-guest,boundary-asserted,boundary-asserted; observed-request-only,tests/security-audit-matrix.test.ts; tests/security-audit-matrix.test.ts:89:36,"authentication boundary: HTTP 403; assertion passed | Request observed in completed test suite; assertion and purpose not inferred: HTTP status counts {""403"": 1}","Disposable Fastify injection; missing resource IDs exercise global hooks, not resource ownership or valid payload processing. | May be fixture setup, valid feature/control or malformed request. Preload actor is best-effort at request start; share-bearer paths, revoked cookies and helper/network calls are not reliably classified. No payloads, credentials, fixture usernames or concrete token paths are exported."
POST,/api/items/:id/trash,member,api.items.trash,nearby-guest,boundary-asserted,boundary-asserted; observed-request-only,tests/security-audit-matrix.test.ts; tests/security-audit-matrix.test.ts:89:36,"authentication boundary: HTTP 401; assertion passed | Request observed in completed test suite; assertion and purpose not inferred: HTTP status counts {""401"": 1}","Disposable Fastify injection; missing resource IDs exercise global hooks, not resource ownership or valid payload processing. | May be fixture setup, valid feature/control or malformed request. Preload actor is best-effort at request start; share-bearer paths, revoked cookies and helper/network calls are not reliably classified. No payloads, credentials, fixture usernames or concrete token paths are exported."
POST,/api/items/:id/trash,member,api.items.trash,same-network-stranger,boundary-asserted,boundary-asserted; observed-request-only,tests/security-audit-matrix.test.ts; tests/security-audit-matrix.test.ts:89:36,"authentication boundary: HTTP 401; assertion passed | Request observed in completed test suite; assertion and purpose not inferred: HTTP status counts {""401"": 1}","Disposable Fastify injection; missing resource IDs exercise global hooks, not resource ownership or valid payload processing. | May be fixture setup, valid feature/control or malformed request. Preload actor is best-effort at request start; share-bearer paths, revoked cookies and helper/network calls are not reliably classified. No payloads, credentials, fixture usernames or concrete token paths are exported."
POST,/api/items/:id/trash,member,api.items.trash,cross-site-browser,boundary-asserted,boundary-asserted,tests/security-audit-matrix.test.ts,origin: HTTP 403; assertion passed | sec-fetch-site: HTTP 403; assertion passed,"Disposable Fastify injection; missing resource IDs exercise global hooks, not resource ownership or valid payload processing."
POST,/api/items/:id/trash,member,api.items.trash,session-without-csrf,boundary-asserted,boundary-asserted,tests/security-audit-matrix.test.ts,CSRF token: HTTP 403; assertion passed,"Disposable Fastify injection; missing resource IDs exercise global hooks, not resource ownership or valid payload processing."
POST,/api/items/:id/trash,member,api.items.trash,rebound-host,boundary-asserted,boundary-asserted,tests/security-audit-matrix.test.ts,Host validation: HTTP 403; assertion passed,"Disposable Fastify injection; missing resource IDs exercise global hooks, not resource ownership or valid payload processing."
POST,/api/items/:id/trash,member,api.items.trash,revoked-member,not-checked,not-checked,,No attributed endpoint/actor evidence: Not checked,No claim of runtime testing or source review for this cell; may be outside intended authority.
POST,/api/items/:id/trash,member,api.items.trash,authentication-bearer,not-checked,not-checked,,No attributed endpoint/actor evidence: Not checked,No claim of runtime testing or source review for this cell; may be outside intended authority.
POST,/api/items/:id/trash,member,api.items.trash,local-helper,not-checked,not-checked,,No attributed endpoint/actor evidence: Not checked,No claim of runtime testing or source review for this cell; may be outside intended authority.
POST,/api/items/:id/restore,member,api.items.restore,anonymous,boundary-asserted,boundary-asserted; observed-request-only,tests/security-audit-matrix.test.ts; tests/security-audit-matrix.test.ts:101:39; tests/security-audit-matrix.test.ts:116:37; tests/security-audit-matrix.test.ts:89:36,"authentication boundary: HTTP 401; assertion passed | Request observed in completed test suite; assertion and purpose not inferred: HTTP status counts {""401"": 2, ""403"": 3}","Disposable Fastify injection; missing resource IDs exercise global hooks, not resource ownership or valid payload processing. | May be fixture setup, valid feature/control or malformed request. Preload actor is best-effort at request start; share-bearer paths, revoked cookies and helper/network calls are not reliably classified. No payloads, credentials, fixture usernames or concrete token paths are exported."
POST,/api/items/:id/restore,member,api.items.restore,forged-session,boundary-asserted,boundary-asserted,tests/security-audit-matrix.test.ts,authentication boundary: HTTP 401; assertion passed,"Disposable Fastify injection; missing resource IDs exercise global hooks, not resource ownership or valid payload processing."
POST,/api/items/:id/restore,member,api.items.restore,ordinary-member,observed-request-only,observed-request-only,tests/deliveries.test.ts:316:18; tests/library.test.ts:259:38; tests/library.test.ts:261:27; tests/library.test.ts:273:18; tests/library.test.ts:278:38; tests/library.test.ts:332:18; tests/links.test.ts:252:17,"Request observed in completed test suite; assertion and purpose not inferred: HTTP status counts {""200"": 4, ""404"": 1, ""409"": 2}","May be fixture setup, valid feature/control or malformed request. Preload actor is best-effort at request start; share-bearer paths, revoked cookies and helper/network calls are not reliably classified. No payloads, credentials, fixture usernames or concrete token paths are exported."
POST,/api/items/:id/restore,member,api.items.restore,other-member,boundary-asserted,boundary-asserted,tests/security-audit-content.test.ts:129,"Foreign concrete resource IDs cannot read, mutate, bulk-operate, reuse uploads or close another tab: 404; no secret/hash/filename disclosure; mixed bulk operation leaves own item unchanged",Disposable test instance; this assertion covers the named scenario only.
POST,/api/items/:id/restore,member,api.items.restore,administrator,not-checked,not-checked,,No attributed endpoint/actor evidence: Not checked,No claim of runtime testing or source review for this cell; may be outside intended authority.
POST,/api/items/:id/restore,member,api.items.restore,share-holder,boundary-asserted,boundary-asserted; observed-request-only,tests/security-audit-matrix.test.ts; tests/security-audit-matrix.test.ts:89:36,"authentication boundary: HTTP 401; assertion passed | Request observed in completed test suite; assertion and purpose not inferred: HTTP status counts {""401"": 1}","Disposable Fastify injection; missing resource IDs exercise global hooks, not resource ownership or valid payload processing. | May be fixture setup, valid feature/control or malformed request. Preload actor is best-effort at request start; share-bearer paths, revoked cookies and helper/network calls are not reliably classified. No payloads, credentials, fixture usernames or concrete token paths are exported."
POST,/api/items/:id/restore,member,api.items.restore,request-guest,boundary-asserted,boundary-asserted; observed-request-only,tests/security-audit-matrix.test.ts; tests/security-audit-matrix.test.ts:89:36,"authentication boundary: HTTP 403; assertion passed | Request observed in completed test suite; assertion and purpose not inferred: HTTP status counts {""403"": 1}","Disposable Fastify injection; missing resource IDs exercise global hooks, not resource ownership or valid payload processing. | May be fixture setup, valid feature/control or malformed request. Preload actor is best-effort at request start; share-bearer paths, revoked cookies and helper/network calls are not reliably classified. No payloads, credentials, fixture usernames or concrete token paths are exported."
POST,/api/items/:id/restore,member,api.items.restore,nearby-guest,boundary-asserted,boundary-asserted; observed-request-only,tests/security-audit-matrix.test.ts; tests/security-audit-matrix.test.ts:89:36,"authentication boundary: HTTP 401; assertion passed | Request observed in completed test suite; assertion and purpose not inferred: HTTP status counts {""401"": 1}","Disposable Fastify injection; missing resource IDs exercise global hooks, not resource ownership or valid payload processing. | May be fixture setup, valid feature/control or malformed request. Preload actor is best-effort at request start; share-bearer paths, revoked cookies and helper/network calls are not reliably classified. No payloads, credentials, fixture usernames or concrete token paths are exported."
POST,/api/items/:id/restore,member,api.items.restore,same-network-stranger,boundary-asserted,boundary-asserted; observed-request-only,tests/security-audit-matrix.test.ts; tests/security-audit-matrix.test.ts:89:36,"authentication boundary: HTTP 401; assertion passed | Request observed in completed test suite; assertion and purpose not inferred: HTTP status counts {""401"": 1}","Disposable Fastify injection; missing resource IDs exercise global hooks, not resource ownership or valid payload processing. | May be fixture setup, valid feature/control or malformed request. Preload actor is best-effort at request start; share-bearer paths, revoked cookies and helper/network calls are not reliably classified. No payloads, credentials, fixture usernames or concrete token paths are exported."
POST,/api/items/:id/restore,member,api.items.restore,cross-site-browser,boundary-asserted,boundary-asserted,tests/security-audit-matrix.test.ts,origin: HTTP 403; assertion passed | sec-fetch-site: HTTP 403; assertion passed,"Disposable Fastify injection; missing resource IDs exercise global hooks, not resource ownership or valid payload processing."
POST,/api/items/:id/restore,member,api.items.restore,session-without-csrf,boundary-asserted,boundary-asserted,tests/security-audit-matrix.test.ts,CSRF token: HTTP 403; assertion passed,"Disposable Fastify injection; missing resource IDs exercise global hooks, not resource ownership or valid payload processing."
POST,/api/items/:id/restore,member,api.items.restore,rebound-host,boundary-asserted,boundary-asserted,tests/security-audit-matrix.test.ts,Host validation: HTTP 403; assertion passed,"Disposable Fastify injection; missing resource IDs exercise global hooks, not resource ownership or valid payload processing."
POST,/api/items/:id/restore,member,api.items.restore,revoked-member,not-checked,not-checked,,No attributed endpoint/actor evidence: Not checked,No claim of runtime testing or source review for this cell; may be outside intended authority.
POST,/api/items/:id/restore,member,api.items.restore,authentication-bearer,not-checked,not-checked,,No attributed endpoint/actor evidence: Not checked,No claim of runtime testing or source review for this cell; may be outside intended authority.
POST,/api/items/:id/restore,member,api.items.restore,local-helper,not-checked,not-checked,,No attributed endpoint/actor evidence: Not checked,No claim of runtime testing or source review for this cell; may be outside intended authority.
GET,/api/items/:id/zip,member,raw route,anonymous,boundary-asserted,boundary-asserted; observed-request-only,tests/security-audit-matrix.test.ts; tests/security-audit-matrix.test.ts:116:37; tests/security-audit-matrix.test.ts:89:36,"authentication boundary: HTTP 401; assertion passed | Request observed in completed test suite; assertion and purpose not inferred: HTTP status counts {""401"": 2, ""403"": 1}","Disposable Fastify injection; missing resource IDs exercise global hooks, not resource ownership or valid payload processing. | May be fixture setup, valid feature/control or malformed request. Preload actor is best-effort at request start; share-bearer paths, revoked cookies and helper/network calls are not reliably classified. No payloads, credentials, fixture usernames or concrete token paths are exported."
GET,/api/items/:id/zip,member,raw route,forged-session,boundary-asserted,boundary-asserted,tests/security-audit-matrix.test.ts,authentication boundary: HTTP 401; assertion passed,"Disposable Fastify injection; missing resource IDs exercise global hooks, not resource ownership or valid payload processing."
GET,/api/items/:id/zip,member,raw route,ordinary-member,not-checked,not-checked,,No attributed endpoint/actor evidence: Not checked,No claim of runtime testing or source review for this cell; may be outside intended authority.
GET,/api/items/:id/zip,member,raw route,other-member,boundary-asserted,boundary-asserted,tests/security-audit-content.test.ts:129,"Foreign concrete resource IDs cannot read, mutate, bulk-operate, reuse uploads or close another tab: 404; no secret/hash/filename disclosure; mixed bulk operation leaves own item unchanged",Disposable test instance; this assertion covers the named scenario only.
GET,/api/items/:id/zip,member,raw route,administrator,boundary-asserted,boundary-asserted; observed-request-only,tests/security-audit-admin-content.test.ts:33:46; tests/security-audit-admin-content.test.ts:34,"Administrator identity cannot directly browse another member's private content: 404; private payload absent | Request observed in completed test suite; assertion and purpose not inferred: HTTP status counts {""404"": 1}","Disposable test instance; this assertion covers the named scenario only. | May be fixture setup, valid feature/control or malformed request. Preload actor is best-effort at request start; share-bearer paths, revoked cookies and helper/network calls are not reliably classified. No payloads, credentials, fixture usernames or concrete token paths are exported."
GET,/api/items/:id/zip,member,raw route,share-holder,boundary-asserted,boundary-asserted; observed-request-only,tests/security-audit-matrix.test.ts; tests/security-audit-matrix.test.ts:89:36,"authentication boundary: HTTP 401; assertion passed | Request observed in completed test suite; assertion and purpose not inferred: HTTP status counts {""401"": 1}","Disposable Fastify injection; missing resource IDs exercise global hooks, not resource ownership or valid payload processing. | May be fixture setup, valid feature/control or malformed request. Preload actor is best-effort at request start; share-bearer paths, revoked cookies and helper/network calls are not reliably classified. No payloads, credentials, fixture usernames or concrete token paths are exported."
GET,/api/items/:id/zip,member,raw route,request-guest,boundary-asserted,boundary-asserted; observed-request-only,tests/requests.test.ts:269:34; tests/security-audit-matrix.test.ts:89:36; tests/security-audit-content.test.ts:322; tests/security-audit-matrix.test.ts,"authentication boundary: HTTP 401; assertion passed | Submitted identifiers do not give a write-only guest read authority: 401 | Request observed in completed test suite; assertion and purpose not inferred: HTTP status counts {""401"": 5}","Disposable Fastify injection; missing resource IDs exercise global hooks, not resource ownership or valid payload processing. | Disposable test instance; this assertion covers the named scenario only. | May be fixture setup, valid feature/control or malformed request. Preload actor is best-effort at request start; share-bearer paths, revoked cookies and helper/network calls are not reliably classified. No payloads, credentials, fixture usernames or concrete token paths are exported."
GET,/api/items/:id/zip,member,raw route,nearby-guest,boundary-asserted,boundary-asserted; observed-request-only,tests/security-audit-matrix.test.ts; tests/security-audit-matrix.test.ts:89:36,"authentication boundary: HTTP 401; assertion passed | Request observed in completed test suite; assertion and purpose not inferred: HTTP status counts {""401"": 1}","Disposable Fastify injection; missing resource IDs exercise global hooks, not resource ownership or valid payload processing. | May be fixture setup, valid feature/control or malformed request. Preload actor is best-effort at request start; share-bearer paths, revoked cookies and helper/network calls are not reliably classified. No payloads, credentials, fixture usernames or concrete token paths are exported."
GET,/api/items/:id/zip,member,raw route,same-network-stranger,boundary-asserted,boundary-asserted; observed-request-only,tests/security-audit-matrix.test.ts; tests/security-audit-matrix.test.ts:89:36,"authentication boundary: HTTP 401; assertion passed | Request observed in completed test suite; assertion and purpose not inferred: HTTP status counts {""401"": 1}","Disposable Fastify injection; missing resource IDs exercise global hooks, not resource ownership or valid payload processing. | May be fixture setup, valid feature/control or malformed request. Preload actor is best-effort at request start; share-bearer paths, revoked cookies and helper/network calls are not reliably classified. No payloads, credentials, fixture usernames or concrete token paths are exported."
GET,/api/items/:id/zip,member,raw route,cross-site-browser,not-checked,not-checked,,No attributed endpoint/actor evidence: Not checked,No claim of runtime testing or source review for this cell; may be outside intended authority.
GET,/api/items/:id/zip,member,raw route,session-without-csrf,not-checked,not-checked,,No attributed endpoint/actor evidence: Not checked,No claim of runtime testing or source review for this cell; may be outside intended authority.
GET,/api/items/:id/zip,member,raw route,rebound-host,boundary-asserted,boundary-asserted,tests/security-audit-matrix.test.ts,Host validation: HTTP 403; assertion passed,"Disposable Fastify injection; missing resource IDs exercise global hooks, not resource ownership or valid payload processing."
GET,/api/items/:id/zip,member,raw route,revoked-member,not-checked,not-checked,,No attributed endpoint/actor evidence: Not checked,No claim of runtime testing or source review for this cell; may be outside intended authority.
GET,/api/items/:id/zip,member,raw route,authentication-bearer,not-checked,not-checked,,No attributed endpoint/actor evidence: Not checked,No claim of runtime testing or source review for this cell; may be outside intended authority.
GET,/api/items/:id/zip,member,raw route,local-helper,not-checked,not-checked,,No attributed endpoint/actor evidence: Not checked,No claim of runtime testing or source review for this cell; may be outside intended authority.
HEAD,/api/items/:id/zip,member,raw route,anonymous,boundary-asserted,boundary-asserted; observed-request-only,tests/security-audit-matrix.test.ts; tests/security-audit-matrix.test.ts:116:37; tests/security-audit-matrix.test.ts:89:36,"authentication boundary: HTTP 401; assertion passed | Request observed in completed test suite; assertion and purpose not inferred: HTTP status counts {""401"": 2, ""403"": 1}","Disposable Fastify injection; missing resource IDs exercise global hooks, not resource ownership or valid payload processing. | May be fixture setup, valid feature/control or malformed request. Preload actor is best-effort at request start; share-bearer paths, revoked cookies and helper/network calls are not reliably classified. No payloads, credentials, fixture usernames or concrete token paths are exported."
HEAD,/api/items/:id/zip,member,raw route,forged-session,boundary-asserted,boundary-asserted,tests/security-audit-matrix.test.ts,authentication boundary: HTTP 401; assertion passed,"Disposable Fastify injection; missing resource IDs exercise global hooks, not resource ownership or valid payload processing."
HEAD,/api/items/:id/zip,member,raw route,ordinary-member,not-checked,not-checked,,No attributed endpoint/actor evidence: Not checked,No claim of runtime testing or source review for this cell; may be outside intended authority.
HEAD,/api/items/:id/zip,member,raw route,other-member,boundary-asserted,boundary-asserted,tests/security-audit-content.test.ts:129,"Foreign concrete resource IDs cannot read, mutate, bulk-operate, reuse uploads or close another tab: 404; no secret/hash/filename disclosure; mixed bulk operation leaves own item unchanged",Disposable test instance; this assertion covers the named scenario only.
HEAD,/api/items/:id/zip,member,raw route,administrator,boundary-asserted,boundary-asserted; observed-request-only,tests/security-audit-admin-content.test.ts:33:46; tests/security-audit-admin-content.test.ts:34,"Administrator identity cannot directly browse another member's private content: 404; private payload absent | Request observed in completed test suite; assertion and purpose not inferred: HTTP status counts {""404"": 1}","Disposable test instance; this assertion covers the named scenario only. | May be fixture setup, valid feature/control or malformed request. Preload actor is best-effort at request start; share-bearer paths, revoked cookies and helper/network calls are not reliably classified. No payloads, credentials, fixture usernames or concrete token paths are exported."
HEAD,/api/items/:id/zip,member,raw route,share-holder,boundary-asserted,boundary-asserted; observed-request-only,tests/security-audit-matrix.test.ts; tests/security-audit-matrix.test.ts:89:36,"authentication boundary: HTTP 401; assertion passed | Request observed in completed test suite; assertion and purpose not inferred: HTTP status counts {""401"": 1}","Disposable Fastify injection; missing resource IDs exercise global hooks, not resource ownership or valid payload processing. | May be fixture setup, valid feature/control or malformed request. Preload actor is best-effort at request start; share-bearer paths, revoked cookies and helper/network calls are not reliably classified. No payloads, credentials, fixture usernames or concrete token paths are exported."
HEAD,/api/items/:id/zip,member,raw route,request-guest,boundary-asserted,boundary-asserted; observed-request-only,tests/security-audit-matrix.test.ts; tests/security-audit-matrix.test.ts:89:36,"authentication boundary: HTTP 401; assertion passed | Request observed in completed test suite; assertion and purpose not inferred: HTTP status counts {""401"": 1}","Disposable Fastify injection; missing resource IDs exercise global hooks, not resource ownership or valid payload processing. | May be fixture setup, valid feature/control or malformed request. Preload actor is best-effort at request start; share-bearer paths, revoked cookies and helper/network calls are not reliably classified. No payloads, credentials, fixture usernames or concrete token paths are exported."
HEAD,/api/items/:id/zip,member,raw route,nearby-guest,boundary-asserted,boundary-asserted; observed-request-only,tests/security-audit-matrix.test.ts; tests/security-audit-matrix.test.ts:89:36,"authentication boundary: HTTP 401; assertion passed | Request observed in completed test suite; assertion and purpose not inferred: HTTP status counts {""401"": 1}","Disposable Fastify injection; missing resource IDs exercise global hooks, not resource ownership or valid payload processing. | May be fixture setup, valid feature/control or malformed request. Preload actor is best-effort at request start; share-bearer paths, revoked cookies and helper/network calls are not reliably classified. No payloads, credentials, fixture usernames or concrete token paths are exported."
HEAD,/api/items/:id/zip,member,raw route,same-network-stranger,boundary-asserted,boundary-asserted; observed-request-only,tests/security-audit-matrix.test.ts; tests/security-audit-matrix.test.ts:89:36,"authentication boundary: HTTP 401; assertion passed | Request observed in completed test suite; assertion and purpose not inferred: HTTP status counts {""401"": 1}","Disposable Fastify injection; missing resource IDs exercise global hooks, not resource ownership or valid payload processing. | May be fixture setup, valid feature/control or malformed request. Preload actor is best-effort at request start; share-bearer paths, revoked cookies and helper/network calls are not reliably classified. No payloads, credentials, fixture usernames or concrete token paths are exported."
HEAD,/api/items/:id/zip,member,raw route,cross-site-browser,not-checked,not-checked,,No attributed endpoint/actor evidence: Not checked,No claim of runtime testing or source review for this cell; may be outside intended authority.
HEAD,/api/items/:id/zip,member,raw route,session-without-csrf,not-checked,not-checked,,No attributed endpoint/actor evidence: Not checked,No claim of runtime testing or source review for this cell; may be outside intended authority.
HEAD,/api/items/:id/zip,member,raw route,rebound-host,boundary-asserted,boundary-asserted,tests/security-audit-matrix.test.ts,Host validation: HTTP 403; assertion passed,"Disposable Fastify injection; missing resource IDs exercise global hooks, not resource ownership or valid payload processing."
HEAD,/api/items/:id/zip,member,raw route,revoked-member,not-checked,not-checked,,No attributed endpoint/actor evidence: Not checked,No claim of runtime testing or source review for this cell; may be outside intended authority.
HEAD,/api/items/:id/zip,member,raw route,authentication-bearer,not-checked,not-checked,,No attributed endpoint/actor evidence: Not checked,No claim of runtime testing or source review for this cell; may be outside intended authority.
HEAD,/api/items/:id/zip,member,raw route,local-helper,not-checked,not-checked,,No attributed endpoint/actor evidence: Not checked,No claim of runtime testing or source review for this cell; may be outside intended authority.
PATCH,/api/account,member,api.account.update,anonymous,boundary-asserted,boundary-asserted; observed-request-only,tests/security-audit-auth-direct.test.ts:36:17; tests/security-audit-matrix.test.ts:101:39; tests/security-audit-matrix.test.ts:116:37; tests/security-audit-matrix.test.ts:89:36; tests/security-audit-matrix.test.ts,"authentication boundary: HTTP 401; assertion passed | Request observed in completed test suite; assertion and purpose not inferred: HTTP status counts {""401"": 3, ""403"": 3}","Disposable Fastify injection; missing resource IDs exercise global hooks, not resource ownership or valid payload processing. | May be fixture setup, valid feature/control or malformed request. Preload actor is best-effort at request start; share-bearer paths, revoked cookies and helper/network calls are not reliably classified. No payloads, credentials, fixture usernames or concrete token paths are exported."
PATCH,/api/account,member,api.account.update,forged-session,boundary-asserted,boundary-asserted,tests/security-audit-matrix.test.ts,authentication boundary: HTTP 401; assertion passed,"Disposable Fastify injection; missing resource IDs exercise global hooks, not resource ownership or valid payload processing."
PATCH,/api/account,member,api.account.update,ordinary-member,boundary-asserted,boundary-asserted; security-property-asserted; observed-request-only,tests/auth.test.ts:235:34; tests/auth.test.ts:238:32; tests/link-options.test.ts:208:20; tests/link-options.test.ts:221:32; tests/link-options.test.ts:223:38; tests/link-options.test.ts:224:34; tests/link-options.test.ts:229:34; tests/link-options.test.ts:36:17; tests/link-options.test.ts:42:17; tests/nearby.test.ts:116:15; tests/nearby.test.ts:121:15; tests/security-audit-auth-direct.test.ts:36:17; tests/security-audit-auth-direct.test.ts:384:19; tests/security-audit-auth-direct.test.ts:386:19; tests/setup.test.ts:284:17; tests/limits.test.ts:123; tests/security-audit-auth-direct.test.ts:96,"Authenticated writes require CSRF: 403; same-origin authorized control 200 | Member-provided lifetime settings cannot exceed configured item/share age policy: Indefinite/oversize requests clamp to configured age maxima | Request observed in completed test suite; assertion and purpose not inferred: HTTP status counts {""200"": 14, ""403"": 3, ""409"": 1}","Disposable test instance; this assertion covers the named scenario only. | May be fixture setup, valid feature/control or malformed request. Preload actor is best-effort at request start; share-bearer paths, revoked cookies and helper/network calls are not reliably classified. No payloads, credentials, fixture usernames or concrete token paths are exported."
PATCH,/api/account,member,api.account.update,other-member,not-checked,not-checked,,No attributed endpoint/actor evidence: Not checked,No claim of runtime testing or source review for this cell; may be outside intended authority.
PATCH,/api/account,member,api.account.update,administrator,boundary-asserted,boundary-asserted; observed-request-only,tests/security-audit-auth-direct.test.ts:36:17; tests/setup.test.ts:47:19; tests/security-audit-auth-direct.test.ts:96,"Authenticated writes require CSRF: 403; same-origin authorized control 200 | Request observed in completed test suite; assertion and purpose not inferred: HTTP status counts {""200"": 2, ""403"": 3}","Disposable test instance; this assertion covers the named scenario only. | May be fixture setup, valid feature/control or malformed request. Preload actor is best-effort at request start; share-bearer paths, revoked cookies and helper/network calls are not reliably classified. No payloads, credentials, fixture usernames or concrete token paths are exported."
PATCH,/api/account,member,api.account.update,share-holder,boundary-asserted,boundary-asserted; observed-request-only,tests/security-audit-matrix.test.ts; tests/security-audit-matrix.test.ts:89:36,"authentication boundary: HTTP 401; assertion passed | Request observed in completed test suite; assertion and purpose not inferred: HTTP status counts {""401"": 1}","Disposable Fastify injection; missing resource IDs exercise global hooks, not resource ownership or valid payload processing. | May be fixture setup, valid feature/control or malformed request. Preload actor is best-effort at request start; share-bearer paths, revoked cookies and helper/network calls are not reliably classified. No payloads, credentials, fixture usernames or concrete token paths are exported."
PATCH,/api/account,member,api.account.update,request-guest,boundary-asserted,boundary-asserted; observed-request-only,tests/security-audit-matrix.test.ts; tests/security-audit-matrix.test.ts:89:36,"authentication boundary: HTTP 403; assertion passed | Request observed in completed test suite; assertion and purpose not inferred: HTTP status counts {""403"": 1}","Disposable Fastify injection; missing resource IDs exercise global hooks, not resource ownership or valid payload processing. | May be fixture setup, valid feature/control or malformed request. Preload actor is best-effort at request start; share-bearer paths, revoked cookies and helper/network calls are not reliably classified. No payloads, credentials, fixture usernames or concrete token paths are exported."
PATCH,/api/account,member,api.account.update,nearby-guest,boundary-asserted,boundary-asserted; observed-request-only,tests/security-audit-matrix.test.ts; tests/security-audit-matrix.test.ts:89:36,"authentication boundary: HTTP 401; assertion passed | Request observed in completed test suite; assertion and purpose not inferred: HTTP status counts {""401"": 1}","Disposable Fastify injection; missing resource IDs exercise global hooks, not resource ownership or valid payload processing. | May be fixture setup, valid feature/control or malformed request. Preload actor is best-effort at request start; share-bearer paths, revoked cookies and helper/network calls are not reliably classified. No payloads, credentials, fixture usernames or concrete token paths are exported."
PATCH,/api/account,member,api.account.update,same-network-stranger,boundary-asserted,boundary-asserted; observed-request-only,tests/security-audit-matrix.test.ts; tests/security-audit-matrix.test.ts:89:36,"authentication boundary: HTTP 401; assertion passed | Request observed in completed test suite; assertion and purpose not inferred: HTTP status counts {""401"": 1}","Disposable Fastify injection; missing resource IDs exercise global hooks, not resource ownership or valid payload processing. | May be fixture setup, valid feature/control or malformed request. Preload actor is best-effort at request start; share-bearer paths, revoked cookies and helper/network calls are not reliably classified. No payloads, credentials, fixture usernames or concrete token paths are exported."
PATCH,/api/account,member,api.account.update,cross-site-browser,boundary-asserted,boundary-asserted,tests/security-audit-auth-direct.test.ts:106; tests/security-audit-matrix.test.ts,origin: HTTP 403; assertion passed | sec-fetch-site: HTTP 403; assertion passed | Cross-origin and Fetch Metadata reject valid ambient credentials with valid CSRF: 403 with member and administrator credentials,"Disposable Fastify injection; missing resource IDs exercise global hooks, not resource ownership or valid payload processing. | Disposable test instance; this assertion covers the named scenario only."
PATCH,/api/account,member,api.account.update,session-without-csrf,boundary-asserted,boundary-asserted,tests/security-audit-matrix.test.ts,CSRF token: HTTP 403; assertion passed,"Disposable Fastify injection; missing resource IDs exercise global hooks, not resource ownership or valid payload processing."
PATCH,/api/account,member,api.account.update,rebound-host,boundary-asserted,boundary-asserted,tests/security-audit-matrix.test.ts,Host validation: HTTP 403; assertion passed,"Disposable Fastify injection; missing resource IDs exercise global hooks, not resource ownership or valid payload processing."
PATCH,/api/account,member,api.account.update,revoked-member,boundary-asserted,boundary-asserted,tests/security-audit-account-lifecycle.test.ts:92,Expired originating session loses read and mutation authority immediately: 401; second valid same-account session remains usable,Disposable test instance; this assertion covers the named scenario only.
PATCH,/api/account,member,api.account.update,authentication-bearer,not-checked,not-checked,,No attributed endpoint/actor evidence: Not checked,No claim of runtime testing or source review for this cell; may be outside intended authority.
PATCH,/api/account,member,api.account.update,local-helper,not-checked,not-checked,,No attributed endpoint/actor evidence: Not checked,No claim of runtime testing or source review for this cell; may be outside intended authority.
POST,/api/account/password,member,api.account.password,anonymous,boundary-asserted,boundary-asserted; observed-request-only,tests/security-audit-auth-direct.test.ts:36:17; tests/security-audit-matrix.test.ts:101:39; tests/security-audit-matrix.test.ts:116:37; tests/security-audit-matrix.test.ts:89:36; tests/security-audit-matrix.test.ts,"authentication boundary: HTTP 401; assertion passed | Request observed in completed test suite; assertion and purpose not inferred: HTTP status counts {""401"": 3, ""403"": 3}","Disposable Fastify injection; missing resource IDs exercise global hooks, not resource ownership or valid payload processing. | May be fixture setup, valid feature/control or malformed request. Preload actor is best-effort at request start; share-bearer paths, revoked cookies and helper/network calls are not reliably classified. No payloads, credentials, fixture usernames or concrete token paths are exported."
POST,/api/account/password,member,api.account.password,forged-session,boundary-asserted,boundary-asserted,tests/security-audit-matrix.test.ts,authentication boundary: HTTP 401; assertion passed,"Disposable Fastify injection; missing resource IDs exercise global hooks, not resource ownership or valid payload processing."
POST,/api/account/password,member,api.account.password,ordinary-member,observed-request-only,observed-request-only; read-only-reviewed,tests/auth-passkeys.test.ts:276:17; tests/auth.test.ts:205:24; tests/auth.test.ts:209:16; tests/security-audit-auth-direct.test.ts:247:17; work/security-audit/account-verification.md,"Request observed in completed test suite; assertion and purpose not inferred: HTTP status counts {""200"": 3, ""403"": 1} | Current session/account/password and passkey ceremony authorization code reviewed: Scoped source review; no additional endpoint/actor runtime assertion claimed","May be fixture setup, valid feature/control or malformed request. Preload actor is best-effort at request start; share-bearer paths, revoked cookies and helper/network calls are not reliably classified. No payloads, credentials, fixture usernames or concrete token paths are exported. | Review describes shared logic; does not prove this exact actor/method/payload combination was exercised."
POST,/api/account/password,member,api.account.password,other-member,not-checked,not-checked,,No attributed endpoint/actor evidence: Not checked,No claim of runtime testing or source review for this cell; may be outside intended authority.
POST,/api/account/password,member,api.account.password,administrator,not-checked,not-checked,,No attributed endpoint/actor evidence: Not checked,No claim of runtime testing or source review for this cell; may be outside intended authority.
POST,/api/account/password,member,api.account.password,share-holder,boundary-asserted,boundary-asserted; observed-request-only,tests/security-audit-matrix.test.ts; tests/security-audit-matrix.test.ts:89:36,"authentication boundary: HTTP 401; assertion passed | Request observed in completed test suite; assertion and purpose not inferred: HTTP status counts {""401"": 1}","Disposable Fastify injection; missing resource IDs exercise global hooks, not resource ownership or valid payload processing. | May be fixture setup, valid feature/control or malformed request. Preload actor is best-effort at request start; share-bearer paths, revoked cookies and helper/network calls are not reliably classified. No payloads, credentials, fixture usernames or concrete token paths are exported."
POST,/api/account/password,member,api.account.password,request-guest,boundary-asserted,boundary-asserted; observed-request-only,tests/security-audit-matrix.test.ts; tests/security-audit-matrix.test.ts:89:36,"authentication boundary: HTTP 403; assertion passed | Request observed in completed test suite; assertion and purpose not inferred: HTTP status counts {""403"": 1}","Disposable Fastify injection; missing resource IDs exercise global hooks, not resource ownership or valid payload processing. | May be fixture setup, valid feature/control or malformed request. Preload actor is best-effort at request start; share-bearer paths, revoked cookies and helper/network calls are not reliably classified. No payloads, credentials, fixture usernames or concrete token paths are exported."
POST,/api/account/password,member,api.account.password,nearby-guest,boundary-asserted,boundary-asserted; observed-request-only,tests/security-audit-matrix.test.ts; tests/security-audit-matrix.test.ts:89:36,"authentication boundary: HTTP 401; assertion passed | Request observed in completed test suite; assertion and purpose not inferred: HTTP status counts {""401"": 1}","Disposable Fastify injection; missing resource IDs exercise global hooks, not resource ownership or valid payload processing. | May be fixture setup, valid feature/control or malformed request. Preload actor is best-effort at request start; share-bearer paths, revoked cookies and helper/network calls are not reliably classified. No payloads, credentials, fixture usernames or concrete token paths are exported."
POST,/api/account/password,member,api.account.password,same-network-stranger,boundary-asserted,boundary-asserted; observed-request-only,tests/security-audit-matrix.test.ts; tests/security-audit-matrix.test.ts:89:36,"authentication boundary: HTTP 401; assertion passed | Request observed in completed test suite; assertion and purpose not inferred: HTTP status counts {""401"": 1}","Disposable Fastify injection; missing resource IDs exercise global hooks, not resource ownership or valid payload processing. | May be fixture setup, valid feature/control or malformed request. Preload actor is best-effort at request start; share-bearer paths, revoked cookies and helper/network calls are not reliably classified. No payloads, credentials, fixture usernames or concrete token paths are exported."
POST,/api/account/password,member,api.account.password,cross-site-browser,boundary-asserted,boundary-asserted,tests/security-audit-matrix.test.ts,origin: HTTP 403; assertion passed | sec-fetch-site: HTTP 403; assertion passed,"Disposable Fastify injection; missing resource IDs exercise global hooks, not resource ownership or valid payload processing."
POST,/api/account/password,member,api.account.password,session-without-csrf,boundary-asserted,boundary-asserted,tests/security-audit-matrix.test.ts,CSRF token: HTTP 403; assertion passed,"Disposable Fastify injection; missing resource IDs exercise global hooks, not resource ownership or valid payload processing."
POST,/api/account/password,member,api.account.password,rebound-host,boundary-asserted,boundary-asserted,tests/security-audit-matrix.test.ts,Host validation: HTTP 403; assertion passed,"Disposable Fastify injection; missing resource IDs exercise global hooks, not resource ownership or valid payload processing."
POST,/api/account/password,member,api.account.password,revoked-member,boundary-asserted,boundary-asserted; read-only-reviewed,tests/security-audit-account-lifecycle.test.ts:145; work/security-audit/account-verification.md,"Pending password change rechecks signout, expiry, disable and password reset at mutation: 401 for revocation; 409 reset conflict; authoritative password unchanged | Current session/account/password and passkey ceremony authorization code reviewed: Scoped source review; no additional endpoint/actor runtime assertion claimed",Disposable test instance; this assertion covers the named scenario only. | Review describes shared logic; does not prove this exact actor/method/payload combination was exercised.
POST,/api/account/password,member,api.account.password,authentication-bearer,not-checked,not-checked,,No attributed endpoint/actor evidence: Not checked,No claim of runtime testing or source review for this cell; may be outside intended authority.
POST,/api/account/password,member,api.account.password,local-helper,not-checked,not-checked,,No attributed endpoint/actor evidence: Not checked,No claim of runtime testing or source review for this cell; may be outside intended authority.
GET,/api/account/passkeys,member,api.account.passkeys,anonymous,boundary-asserted,boundary-asserted; observed-request-only,tests/security-audit-auth-direct.test.ts:36:17; tests/security-audit-matrix.test.ts:116:37; tests/security-audit-matrix.test.ts:89:36; tests/security-audit-matrix.test.ts,"authentication boundary: HTTP 401; assertion passed | Request observed in completed test suite; assertion and purpose not inferred: HTTP status counts {""401"": 3, ""403"": 1}","Disposable Fastify injection; missing resource IDs exercise global hooks, not resource ownership or valid payload processing. | May be fixture setup, valid feature/control or malformed request. Preload actor is best-effort at request start; share-bearer paths, revoked cookies and helper/network calls are not reliably classified. No payloads, credentials, fixture usernames or concrete token paths are exported."
GET,/api/account/passkeys,member,api.account.passkeys,forged-session,boundary-asserted,boundary-asserted,tests/security-audit-matrix.test.ts,authentication boundary: HTTP 401; assertion passed,"Disposable Fastify injection; missing resource IDs exercise global hooks, not resource ownership or valid payload processing."
GET,/api/account/passkeys,member,api.account.passkeys,ordinary-member,allowed-control-asserted,allowed-control-asserted; observed-request-only; read-only-reviewed,tests/auth-passkeys.test.ts:154:20; tests/auth-passkeys.test.ts:179:34; tests/auth-passkeys.test.ts:235:34; tests/auth-passkeys.test.ts:397:35; tests/auth-passkeys.test.ts:155; work/security-audit/account-verification.md,"Own credential inventory reflects accepted registration and removal: Only accepted ID listed; empty after removal | Request observed in completed test suite; assertion and purpose not inferred: HTTP status counts {""200"": 4} | Current session/account/password and passkey ceremony authorization code reviewed: Scoped source review; no additional endpoint/actor runtime assertion claimed","May be fixture setup, valid feature/control or malformed request. Preload actor is best-effort at request start; share-bearer paths, revoked cookies and helper/network calls are not reliably classified. No payloads, credentials, fixture usernames or concrete token paths are exported. | Own valid inventory control; no foreign credential ID/list ownership scenario is claimed. | Review describes shared logic; does not prove this exact actor/method/payload combination was exercised."
GET,/api/account/passkeys,member,api.account.passkeys,other-member,not-checked,not-checked,,No attributed endpoint/actor evidence: Not checked,No claim of runtime testing or source review for this cell; may be outside intended authority.
GET,/api/account/passkeys,member,api.account.passkeys,administrator,not-checked,not-checked,,No attributed endpoint/actor evidence: Not checked,No claim of runtime testing or source review for this cell; may be outside intended authority.
GET,/api/account/passkeys,member,api.account.passkeys,share-holder,boundary-asserted,boundary-asserted; observed-request-only,tests/security-audit-matrix.test.ts; tests/security-audit-matrix.test.ts:89:36,"authentication boundary: HTTP 401; assertion passed | Request observed in completed test suite; assertion and purpose not inferred: HTTP status counts {""401"": 1}","Disposable Fastify injection; missing resource IDs exercise global hooks, not resource ownership or valid payload processing. | May be fixture setup, valid feature/control or malformed request. Preload actor is best-effort at request start; share-bearer paths, revoked cookies and helper/network calls are not reliably classified. No payloads, credentials, fixture usernames or concrete token paths are exported."
GET,/api/account/passkeys,member,api.account.passkeys,request-guest,boundary-asserted,boundary-asserted; observed-request-only,tests/security-audit-matrix.test.ts; tests/security-audit-matrix.test.ts:89:36,"authentication boundary: HTTP 401; assertion passed | Request observed in completed test suite; assertion and purpose not inferred: HTTP status counts {""401"": 1}","Disposable Fastify injection; missing resource IDs exercise global hooks, not resource ownership or valid payload processing. | May be fixture setup, valid feature/control or malformed request. Preload actor is best-effort at request start; share-bearer paths, revoked cookies and helper/network calls are not reliably classified. No payloads, credentials, fixture usernames or concrete token paths are exported."
GET,/api/account/passkeys,member,api.account.passkeys,nearby-guest,boundary-asserted,boundary-asserted; observed-request-only,tests/security-audit-matrix.test.ts; tests/security-audit-matrix.test.ts:89:36,"authentication boundary: HTTP 401; assertion passed | Request observed in completed test suite; assertion and purpose not inferred: HTTP status counts {""401"": 1}","Disposable Fastify injection; missing resource IDs exercise global hooks, not resource ownership or valid payload processing. | May be fixture setup, valid feature/control or malformed request. Preload actor is best-effort at request start; share-bearer paths, revoked cookies and helper/network calls are not reliably classified. No payloads, credentials, fixture usernames or concrete token paths are exported."
GET,/api/account/passkeys,member,api.account.passkeys,same-network-stranger,boundary-asserted,boundary-asserted; observed-request-only,tests/security-audit-matrix.test.ts; tests/security-audit-matrix.test.ts:89:36,"authentication boundary: HTTP 401; assertion passed | Request observed in completed test suite; assertion and purpose not inferred: HTTP status counts {""401"": 1}","Disposable Fastify injection; missing resource IDs exercise global hooks, not resource ownership or valid payload processing. | May be fixture setup, valid feature/control or malformed request. Preload actor is best-effort at request start; share-bearer paths, revoked cookies and helper/network calls are not reliably classified. No payloads, credentials, fixture usernames or concrete token paths are exported."
GET,/api/account/passkeys,member,api.account.passkeys,cross-site-browser,not-checked,not-checked,,No attributed endpoint/actor evidence: Not checked,No claim of runtime testing or source review for this cell; may be outside intended authority.
GET,/api/account/passkeys,member,api.account.passkeys,session-without-csrf,not-checked,not-checked,,No attributed endpoint/actor evidence: Not checked,No claim of runtime testing or source review for this cell; may be outside intended authority.
GET,/api/account/passkeys,member,api.account.passkeys,rebound-host,boundary-asserted,boundary-asserted,tests/security-audit-matrix.test.ts,Host validation: HTTP 403; assertion passed,"Disposable Fastify injection; missing resource IDs exercise global hooks, not resource ownership or valid payload processing."
GET,/api/account/passkeys,member,api.account.passkeys,revoked-member,read-only-reviewed,read-only-reviewed,work/security-audit/account-verification.md,Current session/account/password and passkey ceremony authorization code reviewed: Scoped source review; no additional endpoint/actor runtime assertion claimed,Review describes shared logic; does not prove this exact actor/method/payload combination was exercised.
GET,/api/account/passkeys,member,api.account.passkeys,authentication-bearer,not-checked,not-checked,,No attributed endpoint/actor evidence: Not checked,No claim of runtime testing or source review for this cell; may be outside intended authority.
GET,/api/account/passkeys,member,api.account.passkeys,local-helper,not-checked,not-checked,,No attributed endpoint/actor evidence: Not checked,No claim of runtime testing or source review for this cell; may be outside intended authority.
HEAD,/api/account/passkeys,member,api.account.passkeys,anonymous,boundary-asserted,boundary-asserted; observed-request-only,tests/security-audit-matrix.test.ts; tests/security-audit-matrix.test.ts:116:37; tests/security-audit-matrix.test.ts:89:36,"authentication boundary: HTTP 401; assertion passed | Request observed in completed test suite; assertion and purpose not inferred: HTTP status counts {""401"": 2, ""403"": 1}","Disposable Fastify injection; missing resource IDs exercise global hooks, not resource ownership or valid payload processing. | May be fixture setup, valid feature/control or malformed request. Preload actor is best-effort at request start; share-bearer paths, revoked cookies and helper/network calls are not reliably classified. No payloads, credentials, fixture usernames or concrete token paths are exported."
HEAD,/api/account/passkeys,member,api.account.passkeys,forged-session,boundary-asserted,boundary-asserted,tests/security-audit-matrix.test.ts,authentication boundary: HTTP 401; assertion passed,"Disposable Fastify injection; missing resource IDs exercise global hooks, not resource ownership or valid payload processing."
HEAD,/api/account/passkeys,member,api.account.passkeys,ordinary-member,read-only-reviewed,read-only-reviewed,work/security-audit/account-verification.md,Current session/account/password and passkey ceremony authorization code reviewed: Scoped source review; no additional endpoint/actor runtime assertion claimed,Review describes shared logic; does not prove this exact actor/method/payload combination was exercised.
HEAD,/api/account/passkeys,member,api.account.passkeys,other-member,not-checked,not-checked,,No attributed endpoint/actor evidence: Not checked,No claim of runtime testing or source review for this cell; may be outside intended authority.
HEAD,/api/account/passkeys,member,api.account.passkeys,administrator,not-checked,not-checked,,No attributed endpoint/actor evidence: Not checked,No claim of runtime testing or source review for this cell; may be outside intended authority.
HEAD,/api/account/passkeys,member,api.account.passkeys,share-holder,boundary-asserted,boundary-asserted; observed-request-only,tests/security-audit-matrix.test.ts; tests/security-audit-matrix.test.ts:89:36,"authentication boundary: HTTP 401; assertion passed | Request observed in completed test suite; assertion and purpose not inferred: HTTP status counts {""401"": 1}","Disposable Fastify injection; missing resource IDs exercise global hooks, not resource ownership or valid payload processing. | May be fixture setup, valid feature/control or malformed request. Preload actor is best-effort at request start; share-bearer paths, revoked cookies and helper/network calls are not reliably classified. No payloads, credentials, fixture usernames or concrete token paths are exported."
HEAD,/api/account/passkeys,member,api.account.passkeys,request-guest,boundary-asserted,boundary-asserted; observed-request-only,tests/security-audit-matrix.test.ts; tests/security-audit-matrix.test.ts:89:36,"authentication boundary: HTTP 401; assertion passed | Request observed in completed test suite; assertion and purpose not inferred: HTTP status counts {""401"": 1}","Disposable Fastify injection; missing resource IDs exercise global hooks, not resource ownership or valid payload processing. | May be fixture setup, valid feature/control or malformed request. Preload actor is best-effort at request start; share-bearer paths, revoked cookies and helper/network calls are not reliably classified. No payloads, credentials, fixture usernames or concrete token paths are exported."
HEAD,/api/account/passkeys,member,api.account.passkeys,nearby-guest,boundary-asserted,boundary-asserted; observed-request-only,tests/security-audit-matrix.test.ts; tests/security-audit-matrix.test.ts:89:36,"authentication boundary: HTTP 401; assertion passed | Request observed in completed test suite; assertion and purpose not inferred: HTTP status counts {""401"": 1}","Disposable Fastify injection; missing resource IDs exercise global hooks, not resource ownership or valid payload processing. | May be fixture setup, valid feature/control or malformed request. Preload actor is best-effort at request start; share-bearer paths, revoked cookies and helper/network calls are not reliably classified. No payloads, credentials, fixture usernames or concrete token paths are exported."
HEAD,/api/account/passkeys,member,api.account.passkeys,same-network-stranger,boundary-asserted,boundary-asserted; observed-request-only,tests/security-audit-matrix.test.ts; tests/security-audit-matrix.test.ts:89:36,"authentication boundary: HTTP 401; assertion passed | Request observed in completed test suite; assertion and purpose not inferred: HTTP status counts {""401"": 1}","Disposable Fastify injection; missing resource IDs exercise global hooks, not resource ownership or valid payload processing. | May be fixture setup, valid feature/control or malformed request. Preload actor is best-effort at request start; share-bearer paths, revoked cookies and helper/network calls are not reliably classified. No payloads, credentials, fixture usernames or concrete token paths are exported."
HEAD,/api/account/passkeys,member,api.account.passkeys,cross-site-browser,not-checked,not-checked,,No attributed endpoint/actor evidence: Not checked,No claim of runtime testing or source review for this cell; may be outside intended authority.
HEAD,/api/account/passkeys,member,api.account.passkeys,session-without-csrf,not-checked,not-checked,,No attributed endpoint/actor evidence: Not checked,No claim of runtime testing or source review for this cell; may be outside intended authority.
HEAD,/api/account/passkeys,member,api.account.passkeys,rebound-host,boundary-asserted,boundary-asserted,tests/security-audit-matrix.test.ts,Host validation: HTTP 403; assertion passed,"Disposable Fastify injection; missing resource IDs exercise global hooks, not resource ownership or valid payload processing."
HEAD,/api/account/passkeys,member,api.account.passkeys,revoked-member,read-only-reviewed,read-only-reviewed,work/security-audit/account-verification.md,Current session/account/password and passkey ceremony authorization code reviewed: Scoped source review; no additional endpoint/actor runtime assertion claimed,Review describes shared logic; does not prove this exact actor/method/payload combination was exercised.
HEAD,/api/account/passkeys,member,api.account.passkeys,authentication-bearer,not-checked,not-checked,,No attributed endpoint/actor evidence: Not checked,No claim of runtime testing or source review for this cell; may be outside intended authority.
HEAD,/api/account/passkeys,member,api.account.passkeys,local-helper,not-checked,not-checked,,No attributed endpoint/actor evidence: Not checked,No claim of runtime testing or source review for this cell; may be outside intended authority.
POST,/api/account/passkeys,member,api.account.addPasskey,anonymous,boundary-asserted,boundary-asserted; observed-request-only,tests/security-audit-auth-direct.test.ts:36:17; tests/security-audit-matrix.test.ts:101:39; tests/security-audit-matrix.test.ts:116:37; tests/security-audit-matrix.test.ts:89:36; tests/security-audit-matrix.test.ts,"authentication boundary: HTTP 401; assertion passed | Request observed in completed test suite; assertion and purpose not inferred: HTTP status counts {""401"": 3, ""403"": 3}","Disposable Fastify injection; missing resource IDs exercise global hooks, not resource ownership or valid payload processing. | May be fixture setup, valid feature/control or malformed request. Preload actor is best-effort at request start; share-bearer paths, revoked cookies and helper/network calls are not reliably classified. No payloads, credentials, fixture usernames or concrete token paths are exported."
POST,/api/account/passkeys,member,api.account.addPasskey,forged-session,boundary-asserted,boundary-asserted,tests/security-audit-matrix.test.ts,authentication boundary: HTTP 401; assertion passed,"Disposable Fastify injection; missing resource IDs exercise global hooks, not resource ownership or valid payload processing."
POST,/api/account/passkeys,member,api.account.addPasskey,ordinary-member,boundary-asserted,boundary-asserted; security-property-asserted; observed-request-only; read-only-reviewed,tests/auth-passkeys.test.ts:136:31; tests/auth-passkeys.test.ts:145:27; tests/auth-passkeys.test.ts:213:29; tests/auth-passkeys.test.ts:253:24; tests/auth-passkeys.test.ts:281:15; tests/auth-passkeys.test.ts:336:17; tests/auth-passkeys.test.ts:387:33; tests/auth-passkeys.test.ts:152; tests/auth-passkeys.test.ts:215; tests/auth-passkeys.test.ts:246; tests/auth-passkeys.test.ts:262; work/security-audit/account-verification.md,"Expired registration challenge cannot add a passkey: 400 | Passkey registration requires current password and is bound to ceremony's current password: Wrong/superseded password rejected | Registration without authenticator user verification cannot add a credential: 400; inventory contains only the previously accepted credential | Duplicate authenticator credential cannot be registered twice: 409 | Request observed in completed test suite; assertion and purpose not inferred: HTTP status counts {""200"": 5, ""400"": 2, ""403"": 1, ""409"": 1} | Current session/account/password and passkey ceremony authorization code reviewed: Scoped source review; no additional endpoint/actor runtime assertion claimed","Disposable test instance; this assertion covers the named scenario only. | May be fixture setup, valid feature/control or malformed request. Preload actor is best-effort at request start; share-bearer paths, revoked cookies and helper/network calls are not reliably classified. No payloads, credentials, fixture usernames or concrete token paths are exported. | Review describes shared logic; does not prove this exact actor/method/payload combination was exercised."
POST,/api/account/passkeys,member,api.account.addPasskey,other-member,not-checked,not-checked,,No attributed endpoint/actor evidence: Not checked,No claim of runtime testing or source review for this cell; may be outside intended authority.
POST,/api/account/passkeys,member,api.account.addPasskey,administrator,not-checked,not-checked,,No attributed endpoint/actor evidence: Not checked,No claim of runtime testing or source review for this cell; may be outside intended authority.
POST,/api/account/passkeys,member,api.account.addPasskey,share-holder,boundary-asserted,boundary-asserted; observed-request-only,tests/security-audit-matrix.test.ts; tests/security-audit-matrix.test.ts:89:36,"authentication boundary: HTTP 401; assertion passed | Request observed in completed test suite; assertion and purpose not inferred: HTTP status counts {""401"": 1}","Disposable Fastify injection; missing resource IDs exercise global hooks, not resource ownership or valid payload processing. | May be fixture setup, valid feature/control or malformed request. Preload actor is best-effort at request start; share-bearer paths, revoked cookies and helper/network calls are not reliably classified. No payloads, credentials, fixture usernames or concrete token paths are exported."
POST,/api/account/passkeys,member,api.account.addPasskey,request-guest,boundary-asserted,boundary-asserted; observed-request-only,tests/security-audit-matrix.test.ts; tests/security-audit-matrix.test.ts:89:36,"authentication boundary: HTTP 403; assertion passed | Request observed in completed test suite; assertion and purpose not inferred: HTTP status counts {""403"": 1}","Disposable Fastify injection; missing resource IDs exercise global hooks, not resource ownership or valid payload processing. | May be fixture setup, valid feature/control or malformed request. Preload actor is best-effort at request start; share-bearer paths, revoked cookies and helper/network calls are not reliably classified. No payloads, credentials, fixture usernames or concrete token paths are exported."
POST,/api/account/passkeys,member,api.account.addPasskey,nearby-guest,boundary-asserted,boundary-asserted; observed-request-only,tests/security-audit-matrix.test.ts; tests/security-audit-matrix.test.ts:89:36,"authentication boundary: HTTP 401; assertion passed | Request observed in completed test suite; assertion and purpose not inferred: HTTP status counts {""401"": 1}","Disposable Fastify injection; missing resource IDs exercise global hooks, not resource ownership or valid payload processing. | May be fixture setup, valid feature/control or malformed request. Preload actor is best-effort at request start; share-bearer paths, revoked cookies and helper/network calls are not reliably classified. No payloads, credentials, fixture usernames or concrete token paths are exported."
POST,/api/account/passkeys,member,api.account.addPasskey,same-network-stranger,boundary-asserted,boundary-asserted; observed-request-only,tests/security-audit-matrix.test.ts; tests/security-audit-matrix.test.ts:89:36,"authentication boundary: HTTP 401; assertion passed | Request observed in completed test suite; assertion and purpose not inferred: HTTP status counts {""401"": 1}","Disposable Fastify injection; missing resource IDs exercise global hooks, not resource ownership or valid payload processing. | May be fixture setup, valid feature/control or malformed request. Preload actor is best-effort at request start; share-bearer paths, revoked cookies and helper/network calls are not reliably classified. No payloads, credentials, fixture usernames or concrete token paths are exported."
POST,/api/account/passkeys,member,api.account.addPasskey,cross-site-browser,boundary-asserted,boundary-asserted,tests/security-audit-matrix.test.ts,origin: HTTP 403; assertion passed | sec-fetch-site: HTTP 403; assertion passed,"Disposable Fastify injection; missing resource IDs exercise global hooks, not resource ownership or valid payload processing."
POST,/api/account/passkeys,member,api.account.addPasskey,session-without-csrf,boundary-asserted,boundary-asserted,tests/security-audit-matrix.test.ts,CSRF token: HTTP 403; assertion passed,"Disposable Fastify injection; missing resource IDs exercise global hooks, not resource ownership or valid payload processing."
POST,/api/account/passkeys,member,api.account.addPasskey,rebound-host,boundary-asserted,boundary-asserted,tests/security-audit-matrix.test.ts,Host validation: HTTP 403; assertion passed,"Disposable Fastify injection; missing resource IDs exercise global hooks, not resource ownership or valid payload processing."
POST,/api/account/passkeys,member,api.account.addPasskey,revoked-member,read-only-reviewed,read-only-reviewed,work/security-audit/account-verification.md,Current session/account/password and passkey ceremony authorization code reviewed: Scoped source review; no additional endpoint/actor runtime assertion claimed,Review describes shared logic; does not prove this exact actor/method/payload combination was exercised.
POST,/api/account/passkeys,member,api.account.addPasskey,authentication-bearer,not-checked,not-checked,,No attributed endpoint/actor evidence: Not checked,No claim of runtime testing or source review for this cell; may be outside intended authority.
POST,/api/account/passkeys,member,api.account.addPasskey,local-helper,not-checked,not-checked,,No attributed endpoint/actor evidence: Not checked,No claim of runtime testing or source review for this cell; may be outside intended authority.
POST,/api/account/passkeys/options,member,api.account.passkeyOptions,anonymous,boundary-asserted,boundary-asserted; observed-request-only,tests/security-audit-auth-direct.test.ts:36:17; tests/security-audit-matrix.test.ts:101:39; tests/security-audit-matrix.test.ts:116:37; tests/security-audit-matrix.test.ts:89:36; tests/security-audit-matrix.test.ts,"authentication boundary: HTTP 401; assertion passed | Request observed in completed test suite; assertion and purpose not inferred: HTTP status counts {""401"": 3, ""403"": 3}","Disposable Fastify injection; missing resource IDs exercise global hooks, not resource ownership or valid payload processing. | May be fixture setup, valid feature/control or malformed request. Preload actor is best-effort at request start; share-bearer paths, revoked cookies and helper/network calls are not reliably classified. No payloads, credentials, fixture usernames or concrete token paths are exported."
POST,/api/account/passkeys/options,member,api.account.passkeyOptions,forged-session,boundary-asserted,boundary-asserted,tests/security-audit-matrix.test.ts,authentication boundary: HTTP 401; assertion passed,"Disposable Fastify injection; missing resource IDs exercise global hooks, not resource ownership or valid payload processing."
POST,/api/account/passkeys/options,member,api.account.passkeyOptions,ordinary-member,security-property-asserted,security-property-asserted; observed-request-only; read-only-reviewed,tests/auth-passkeys.test.ts:129:38; tests/auth-passkeys.test.ts:142:42; tests/auth-passkeys.test.ts:212:32; tests/auth-passkeys.test.ts:221:33; tests/auth-passkeys.test.ts:250:38; tests/auth-passkeys.test.ts:266:31; tests/auth-passkeys.test.ts:274:33; tests/auth-passkeys.test.ts:291:13; tests/auth-passkeys.test.ts:335:38; tests/auth-passkeys.test.ts:384:40; tests/auth-passkeys.test.ts:139; tests/auth-passkeys.test.ts:262; tests/auth-passkeys.test.ts:294; work/security-audit/account-verification.md,"Passkey registration requires current password and is bound to ceremony's current password: Wrong/superseded password rejected | Passkey registration option issuance is rate limited: 429 after eight options | Registration options require the configured relying party, resident credential and user verification: RP relay.test; residentKey/userVerification required | Request observed in completed test suite; assertion and purpose not inferred: HTTP status counts {""200"": 18, ""403"": 1, ""429"": 1} | Current session/account/password and passkey ceremony authorization code reviewed: Scoped source review; no additional endpoint/actor runtime assertion claimed","Disposable test instance; this assertion covers the named scenario only. | May be fixture setup, valid feature/control or malformed request. Preload actor is best-effort at request start; share-bearer paths, revoked cookies and helper/network calls are not reliably classified. No payloads, credentials, fixture usernames or concrete token paths are exported. | Review describes shared logic; does not prove this exact actor/method/payload combination was exercised."
POST,/api/account/passkeys/options,member,api.account.passkeyOptions,other-member,not-checked,not-checked,,No attributed endpoint/actor evidence: Not checked,No claim of runtime testing or source review for this cell; may be outside intended authority.
POST,/api/account/passkeys/options,member,api.account.passkeyOptions,administrator,not-checked,not-checked,,No attributed endpoint/actor evidence: Not checked,No claim of runtime testing or source review for this cell; may be outside intended authority.
POST,/api/account/passkeys/options,member,api.account.passkeyOptions,share-holder,boundary-asserted,boundary-asserted; observed-request-only,tests/security-audit-matrix.test.ts; tests/security-audit-matrix.test.ts:89:36,"authentication boundary: HTTP 401; assertion passed | Request observed in completed test suite; assertion and purpose not inferred: HTTP status counts {""401"": 1}","Disposable Fastify injection; missing resource IDs exercise global hooks, not resource ownership or valid payload processing. | May be fixture setup, valid feature/control or malformed request. Preload actor is best-effort at request start; share-bearer paths, revoked cookies and helper/network calls are not reliably classified. No payloads, credentials, fixture usernames or concrete token paths are exported."
POST,/api/account/passkeys/options,member,api.account.passkeyOptions,request-guest,boundary-asserted,boundary-asserted; observed-request-only,tests/security-audit-matrix.test.ts; tests/security-audit-matrix.test.ts:89:36,"authentication boundary: HTTP 403; assertion passed | Request observed in completed test suite; assertion and purpose not inferred: HTTP status counts {""403"": 1}","Disposable Fastify injection; missing resource IDs exercise global hooks, not resource ownership or valid payload processing. | May be fixture setup, valid feature/control or malformed request. Preload actor is best-effort at request start; share-bearer paths, revoked cookies and helper/network calls are not reliably classified. No payloads, credentials, fixture usernames or concrete token paths are exported."
POST,/api/account/passkeys/options,member,api.account.passkeyOptions,nearby-guest,boundary-asserted,boundary-asserted; observed-request-only,tests/security-audit-matrix.test.ts; tests/security-audit-matrix.test.ts:89:36,"authentication boundary: HTTP 401; assertion passed | Request observed in completed test suite; assertion and purpose not inferred: HTTP status counts {""401"": 1}","Disposable Fastify injection; missing resource IDs exercise global hooks, not resource ownership or valid payload processing. | May be fixture setup, valid feature/control or malformed request. Preload actor is best-effort at request start; share-bearer paths, revoked cookies and helper/network calls are not reliably classified. No payloads, credentials, fixture usernames or concrete token paths are exported."
POST,/api/account/passkeys/options,member,api.account.passkeyOptions,same-network-stranger,boundary-asserted,boundary-asserted; observed-request-only,tests/security-audit-matrix.test.ts; tests/security-audit-matrix.test.ts:89:36,"authentication boundary: HTTP 401; assertion passed | Request observed in completed test suite; assertion and purpose not inferred: HTTP status counts {""401"": 1}","Disposable Fastify injection; missing resource IDs exercise global hooks, not resource ownership or valid payload processing. | May be fixture setup, valid feature/control or malformed request. Preload actor is best-effort at request start; share-bearer paths, revoked cookies and helper/network calls are not reliably classified. No payloads, credentials, fixture usernames or concrete token paths are exported."
POST,/api/account/passkeys/options,member,api.account.passkeyOptions,cross-site-browser,boundary-asserted,boundary-asserted,tests/security-audit-matrix.test.ts,origin: HTTP 403; assertion passed | sec-fetch-site: HTTP 403; assertion passed,"Disposable Fastify injection; missing resource IDs exercise global hooks, not resource ownership or valid payload processing."
POST,/api/account/passkeys/options,member,api.account.passkeyOptions,session-without-csrf,boundary-asserted,boundary-asserted,tests/security-audit-matrix.test.ts,CSRF token: HTTP 403; assertion passed,"Disposable Fastify injection; missing resource IDs exercise global hooks, not resource ownership or valid payload processing."
POST,/api/account/passkeys/options,member,api.account.passkeyOptions,rebound-host,boundary-asserted,boundary-asserted,tests/security-audit-matrix.test.ts,Host validation: HTTP 403; assertion passed,"Disposable Fastify injection; missing resource IDs exercise global hooks, not resource ownership or valid payload processing."
POST,/api/account/passkeys/options,member,api.account.passkeyOptions,revoked-member,read-only-reviewed,read-only-reviewed,work/security-audit/account-verification.md,Current session/account/password and passkey ceremony authorization code reviewed: Scoped source review; no additional endpoint/actor runtime assertion claimed,Review describes shared logic; does not prove this exact actor/method/payload combination was exercised.
POST,/api/account/passkeys/options,member,api.account.passkeyOptions,authentication-bearer,not-checked,not-checked,,No attributed endpoint/actor evidence: Not checked,No claim of runtime testing or source review for this cell; may be outside intended authority.
POST,/api/account/passkeys/options,member,api.account.passkeyOptions,local-helper,not-checked,not-checked,,No attributed endpoint/actor evidence: Not checked,No claim of runtime testing or source review for this cell; may be outside intended authority.
DELETE,/api/account/passkeys/:id,member,api.account.removePasskey,anonymous,boundary-asserted,boundary-asserted; observed-request-only,tests/security-audit-auth-direct.test.ts:36:17; tests/security-audit-matrix.test.ts:101:39; tests/security-audit-matrix.test.ts:116:37; tests/security-audit-matrix.test.ts:89:36; tests/security-audit-matrix.test.ts,"authentication boundary: HTTP 401; assertion passed | Request observed in completed test suite; assertion and purpose not inferred: HTTP status counts {""401"": 3, ""403"": 3}","Disposable Fastify injection; missing resource IDs exercise global hooks, not resource ownership or valid payload processing. | May be fixture setup, valid feature/control or malformed request. Preload actor is best-effort at request start; share-bearer paths, revoked cookies and helper/network calls are not reliably classified. No payloads, credentials, fixture usernames or concrete token paths are exported."
DELETE,/api/account/passkeys/:id,member,api.account.removePasskey,forged-session,boundary-asserted,boundary-asserted,tests/security-audit-matrix.test.ts,authentication boundary: HTTP 401; assertion passed,"Disposable Fastify injection; missing resource IDs exercise global hooks, not resource ownership or valid payload processing."
DELETE,/api/account/passkeys/:id,member,api.account.removePasskey,ordinary-member,security-property-asserted,security-property-asserted; observed-request-only; read-only-reviewed,tests/auth-passkeys.test.ts:234:17; tests/auth-passkeys.test.ts:235; work/security-audit/account-verification.md,"Removing own passkey removes its inventory entry and prevents subsequent sign-in: Inventory empty; removed credential assertion 401 | Request observed in completed test suite; assertion and purpose not inferred: HTTP status counts {""200"": 1} | Current session/account/password and passkey ceremony authorization code reviewed: Scoped source review; no additional endpoint/actor runtime assertion claimed","Disposable test instance; this assertion covers the named scenario only. | May be fixture setup, valid feature/control or malformed request. Preload actor is best-effort at request start; share-bearer paths, revoked cookies and helper/network calls are not reliably classified. No payloads, credentials, fixture usernames or concrete token paths are exported. | Review describes shared logic; does not prove this exact actor/method/payload combination was exercised."
DELETE,/api/account/passkeys/:id,member,api.account.removePasskey,other-member,not-checked,not-checked,,No attributed endpoint/actor evidence: Not checked,No claim of runtime testing or source review for this cell; may be outside intended authority.
DELETE,/api/account/passkeys/:id,member,api.account.removePasskey,administrator,not-checked,not-checked,,No attributed endpoint/actor evidence: Not checked,No claim of runtime testing or source review for this cell; may be outside intended authority.
DELETE,/api/account/passkeys/:id,member,api.account.removePasskey,share-holder,boundary-asserted,boundary-asserted; observed-request-only,tests/security-audit-matrix.test.ts; tests/security-audit-matrix.test.ts:89:36,"authentication boundary: HTTP 401; assertion passed | Request observed in completed test suite; assertion and purpose not inferred: HTTP status counts {""401"": 1}","Disposable Fastify injection; missing resource IDs exercise global hooks, not resource ownership or valid payload processing. | May be fixture setup, valid feature/control or malformed request. Preload actor is best-effort at request start; share-bearer paths, revoked cookies and helper/network calls are not reliably classified. No payloads, credentials, fixture usernames or concrete token paths are exported."
DELETE,/api/account/passkeys/:id,member,api.account.removePasskey,request-guest,boundary-asserted,boundary-asserted; observed-request-only,tests/security-audit-matrix.test.ts; tests/security-audit-matrix.test.ts:89:36,"authentication boundary: HTTP 403; assertion passed | Request observed in completed test suite; assertion and purpose not inferred: HTTP status counts {""403"": 1}","Disposable Fastify injection; missing resource IDs exercise global hooks, not resource ownership or valid payload processing. | May be fixture setup, valid feature/control or malformed request. Preload actor is best-effort at request start; share-bearer paths, revoked cookies and helper/network calls are not reliably classified. No payloads, credentials, fixture usernames or concrete token paths are exported."
DELETE,/api/account/passkeys/:id,member,api.account.removePasskey,nearby-guest,boundary-asserted,boundary-asserted; observed-request-only,tests/security-audit-matrix.test.ts; tests/security-audit-matrix.test.ts:89:36,"authentication boundary: HTTP 401; assertion passed | Request observed in completed test suite; assertion and purpose not inferred: HTTP status counts {""401"": 1}","Disposable Fastify injection; missing resource IDs exercise global hooks, not resource ownership or valid payload processing. | May be fixture setup, valid feature/control or malformed request. Preload actor is best-effort at request start; share-bearer paths, revoked cookies and helper/network calls are not reliably classified. No payloads, credentials, fixture usernames or concrete token paths are exported."
DELETE,/api/account/passkeys/:id,member,api.account.removePasskey,same-network-stranger,boundary-asserted,boundary-asserted; observed-request-only,tests/security-audit-matrix.test.ts; tests/security-audit-matrix.test.ts:89:36,"authentication boundary: HTTP 401; assertion passed | Request observed in completed test suite; assertion and purpose not inferred: HTTP status counts {""401"": 1}","Disposable Fastify injection; missing resource IDs exercise global hooks, not resource ownership or valid payload processing. | May be fixture setup, valid feature/control or malformed request. Preload actor is best-effort at request start; share-bearer paths, revoked cookies and helper/network calls are not reliably classified. No payloads, credentials, fixture usernames or concrete token paths are exported."
DELETE,/api/account/passkeys/:id,member,api.account.removePasskey,cross-site-browser,boundary-asserted,boundary-asserted,tests/security-audit-matrix.test.ts,origin: HTTP 403; assertion passed | sec-fetch-site: HTTP 403; assertion passed,"Disposable Fastify injection; missing resource IDs exercise global hooks, not resource ownership or valid payload processing."
DELETE,/api/account/passkeys/:id,member,api.account.removePasskey,session-without-csrf,boundary-asserted,boundary-asserted,tests/security-audit-matrix.test.ts,CSRF token: HTTP 403; assertion passed,"Disposable Fastify injection; missing resource IDs exercise global hooks, not resource ownership or valid payload processing."
DELETE,/api/account/passkeys/:id,member,api.account.removePasskey,rebound-host,boundary-asserted,boundary-asserted,tests/security-audit-matrix.test.ts,Host validation: HTTP 403; assertion passed,"Disposable Fastify injection; missing resource IDs exercise global hooks, not resource ownership or valid payload processing."
DELETE,/api/account/passkeys/:id,member,api.account.removePasskey,revoked-member,read-only-reviewed,read-only-reviewed,work/security-audit/account-verification.md,Current session/account/password and passkey ceremony authorization code reviewed: Scoped source review; no additional endpoint/actor runtime assertion claimed,Review describes shared logic; does not prove this exact actor/method/payload combination was exercised.
DELETE,/api/account/passkeys/:id,member,api.account.removePasskey,authentication-bearer,not-checked,not-checked,,No attributed endpoint/actor evidence: Not checked,No claim of runtime testing or source review for this cell; may be outside intended authority.
DELETE,/api/account/passkeys/:id,member,api.account.removePasskey,local-helper,not-checked,not-checked,,No attributed endpoint/actor evidence: Not checked,No claim of runtime testing or source review for this cell; may be outside intended authority.
GET,/api/activity,member,api.activity.list,anonymous,boundary-asserted,boundary-asserted; observed-request-only,tests/activity.test.ts:148; tests/security-audit-matrix.test.ts; tests/security-audit-matrix.test.ts:116:37; tests/security-audit-matrix.test.ts:89:36,"authentication boundary: HTTP 401; assertion passed | Anonymous actor cannot read or change account activity: GET 401; seen mutation 401/403 | Request observed in completed test suite; assertion and purpose not inferred: HTTP status counts {""401"": 2, ""403"": 1}","Disposable Fastify injection; missing resource IDs exercise global hooks, not resource ownership or valid payload processing. | Disposable test instance; this assertion covers the named scenario only. | May be fixture setup, valid feature/control or malformed request. Preload actor is best-effort at request start; share-bearer paths, revoked cookies and helper/network calls are not reliably classified. No payloads, credentials, fixture usernames or concrete token paths are exported."
GET,/api/activity,member,api.activity.list,forged-session,boundary-asserted,boundary-asserted,tests/security-audit-matrix.test.ts,authentication boundary: HTTP 401; assertion passed,"Disposable Fastify injection; missing resource IDs exercise global hooks, not resource ownership or valid payload processing."
GET,/api/activity,member,api.activity.list,ordinary-member,security-property-asserted,security-property-asserted; observed-request-only,tests/activity.test.ts:59; tests/link-options.test.ts:83:37,"Member activity does not reveal another inviter's account-join event: No joined event in unrelated member feed | Request observed in completed test suite; assertion and purpose not inferred: HTTP status counts {""200"": 1}","Disposable test instance; this assertion covers the named scenario only. | May be fixture setup, valid feature/control or malformed request. Preload actor is best-effort at request start; share-bearer paths, revoked cookies and helper/network calls are not reliably classified. No payloads, credentials, fixture usernames or concrete token paths are exported."
GET,/api/activity,member,api.activity.list,other-member,security-property-asserted,security-property-asserted,tests/activity.test.ts:144; tests/security-audit-content.test.ts:149,Collection views exclude another member's items and related activity: 200; foreign resources absent | Another account's feed and seen marker remain isolated from the first account's updates: Seen=0; every entry belongs to other account's own sign-in,Disposable test instance; this assertion covers the named scenario only.
GET,/api/activity,member,api.activity.list,administrator,observed-request-only,observed-request-only,tests/setup.test.ts:42:37,"Request observed in completed test suite; assertion and purpose not inferred: HTTP status counts {""200"": 1}","May be fixture setup, valid feature/control or malformed request. Preload actor is best-effort at request start; share-bearer paths, revoked cookies and helper/network calls are not reliably classified. No payloads, credentials, fixture usernames or concrete token paths are exported."
GET,/api/activity,member,api.activity.list,share-holder,boundary-asserted,boundary-asserted; observed-request-only,tests/security-audit-matrix.test.ts; tests/security-audit-matrix.test.ts:89:36,"authentication boundary: HTTP 401; assertion passed | Request observed in completed test suite; assertion and purpose not inferred: HTTP status counts {""401"": 1}","Disposable Fastify injection; missing resource IDs exercise global hooks, not resource ownership or valid payload processing. | May be fixture setup, valid feature/control or malformed request. Preload actor is best-effort at request start; share-bearer paths, revoked cookies and helper/network calls are not reliably classified. No payloads, credentials, fixture usernames or concrete token paths are exported."
GET,/api/activity,member,api.activity.list,request-guest,boundary-asserted,boundary-asserted; observed-request-only,tests/security-audit-matrix.test.ts; tests/security-audit-matrix.test.ts:89:36,"authentication boundary: HTTP 401; assertion passed | Request observed in completed test suite; assertion and purpose not inferred: HTTP status counts {""401"": 1}","Disposable Fastify injection; missing resource IDs exercise global hooks, not resource ownership or valid payload processing. | May be fixture setup, valid feature/control or malformed request. Preload actor is best-effort at request start; share-bearer paths, revoked cookies and helper/network calls are not reliably classified. No payloads, credentials, fixture usernames or concrete token paths are exported."
GET,/api/activity,member,api.activity.list,nearby-guest,boundary-asserted,boundary-asserted; observed-request-only,tests/security-audit-matrix.test.ts; tests/security-audit-matrix.test.ts:89:36,"authentication boundary: HTTP 401; assertion passed | Request observed in completed test suite; assertion and purpose not inferred: HTTP status counts {""401"": 1}","Disposable Fastify injection; missing resource IDs exercise global hooks, not resource ownership or valid payload processing. | May be fixture setup, valid feature/control or malformed request. Preload actor is best-effort at request start; share-bearer paths, revoked cookies and helper/network calls are not reliably classified. No payloads, credentials, fixture usernames or concrete token paths are exported."
GET,/api/activity,member,api.activity.list,same-network-stranger,boundary-asserted,boundary-asserted; observed-request-only,tests/security-audit-matrix.test.ts; tests/security-audit-matrix.test.ts:89:36,"authentication boundary: HTTP 401; assertion passed | Request observed in completed test suite; assertion and purpose not inferred: HTTP status counts {""401"": 1}","Disposable Fastify injection; missing resource IDs exercise global hooks, not resource ownership or valid payload processing. | May be fixture setup, valid feature/control or malformed request. Preload actor is best-effort at request start; share-bearer paths, revoked cookies and helper/network calls are not reliably classified. No payloads, credentials, fixture usernames or concrete token paths are exported."
GET,/api/activity,member,api.activity.list,cross-site-browser,not-checked,not-checked,,No attributed endpoint/actor evidence: Not checked,No claim of runtime testing or source review for this cell; may be outside intended authority.
GET,/api/activity,member,api.activity.list,session-without-csrf,not-checked,not-checked,,No attributed endpoint/actor evidence: Not checked,No claim of runtime testing or source review for this cell; may be outside intended authority.
GET,/api/activity,member,api.activity.list,rebound-host,boundary-asserted,boundary-asserted,tests/security-audit-matrix.test.ts,Host validation: HTTP 403; assertion passed,"Disposable Fastify injection; missing resource IDs exercise global hooks, not resource ownership or valid payload processing."
GET,/api/activity,member,api.activity.list,revoked-member,not-checked,not-checked,,No attributed endpoint/actor evidence: Not checked,No claim of runtime testing or source review for this cell; may be outside intended authority.
GET,/api/activity,member,api.activity.list,authentication-bearer,not-checked,not-checked,,No attributed endpoint/actor evidence: Not checked,No claim of runtime testing or source review for this cell; may be outside intended authority.
GET,/api/activity,member,api.activity.list,local-helper,not-checked,not-checked,,No attributed endpoint/actor evidence: Not checked,No claim of runtime testing or source review for this cell; may be outside intended authority.
HEAD,/api/activity,member,api.activity.list,anonymous,boundary-asserted,boundary-asserted; observed-request-only,tests/security-audit-matrix.test.ts; tests/security-audit-matrix.test.ts:116:37; tests/security-audit-matrix.test.ts:89:36,"authentication boundary: HTTP 401; assertion passed | Request observed in completed test suite; assertion and purpose not inferred: HTTP status counts {""401"": 2, ""403"": 1}","Disposable Fastify injection; missing resource IDs exercise global hooks, not resource ownership or valid payload processing. | May be fixture setup, valid feature/control or malformed request. Preload actor is best-effort at request start; share-bearer paths, revoked cookies and helper/network calls are not reliably classified. No payloads, credentials, fixture usernames or concrete token paths are exported."
HEAD,/api/activity,member,api.activity.list,forged-session,boundary-asserted,boundary-asserted,tests/security-audit-matrix.test.ts,authentication boundary: HTTP 401; assertion passed,"Disposable Fastify injection; missing resource IDs exercise global hooks, not resource ownership or valid payload processing."
HEAD,/api/activity,member,api.activity.list,ordinary-member,not-checked,not-checked,,No attributed endpoint/actor evidence: Not checked,No claim of runtime testing or source review for this cell; may be outside intended authority.
HEAD,/api/activity,member,api.activity.list,other-member,not-checked,not-checked,,No attributed endpoint/actor evidence: Not checked,No claim of runtime testing or source review for this cell; may be outside intended authority.
HEAD,/api/activity,member,api.activity.list,administrator,not-checked,not-checked,,No attributed endpoint/actor evidence: Not checked,No claim of runtime testing or source review for this cell; may be outside intended authority.
HEAD,/api/activity,member,api.activity.list,share-holder,boundary-asserted,boundary-asserted; observed-request-only,tests/security-audit-matrix.test.ts; tests/security-audit-matrix.test.ts:89:36,"authentication boundary: HTTP 401; assertion passed | Request observed in completed test suite; assertion and purpose not inferred: HTTP status counts {""401"": 1}","Disposable Fastify injection; missing resource IDs exercise global hooks, not resource ownership or valid payload processing. | May be fixture setup, valid feature/control or malformed request. Preload actor is best-effort at request start; share-bearer paths, revoked cookies and helper/network calls are not reliably classified. No payloads, credentials, fixture usernames or concrete token paths are exported."
HEAD,/api/activity,member,api.activity.list,request-guest,boundary-asserted,boundary-asserted; observed-request-only,tests/security-audit-matrix.test.ts; tests/security-audit-matrix.test.ts:89:36,"authentication boundary: HTTP 401; assertion passed | Request observed in completed test suite; assertion and purpose not inferred: HTTP status counts {""401"": 1}","Disposable Fastify injection; missing resource IDs exercise global hooks, not resource ownership or valid payload processing. | May be fixture setup, valid feature/control or malformed request. Preload actor is best-effort at request start; share-bearer paths, revoked cookies and helper/network calls are not reliably classified. No payloads, credentials, fixture usernames or concrete token paths are exported."
HEAD,/api/activity,member,api.activity.list,nearby-guest,boundary-asserted,boundary-asserted; observed-request-only,tests/security-audit-matrix.test.ts; tests/security-audit-matrix.test.ts:89:36,"authentication boundary: HTTP 401; assertion passed | Request observed in completed test suite; assertion and purpose not inferred: HTTP status counts {""401"": 1}","Disposable Fastify injection; missing resource IDs exercise global hooks, not resource ownership or valid payload processing. | May be fixture setup, valid feature/control or malformed request. Preload actor is best-effort at request start; share-bearer paths, revoked cookies and helper/network calls are not reliably classified. No payloads, credentials, fixture usernames or concrete token paths are exported."
HEAD,/api/activity,member,api.activity.list,same-network-stranger,boundary-asserted,boundary-asserted; observed-request-only,tests/security-audit-matrix.test.ts; tests/security-audit-matrix.test.ts:89:36,"authentication boundary: HTTP 401; assertion passed | Request observed in completed test suite; assertion and purpose not inferred: HTTP status counts {""401"": 1}","Disposable Fastify injection; missing resource IDs exercise global hooks, not resource ownership or valid payload processing. | May be fixture setup, valid feature/control or malformed request. Preload actor is best-effort at request start; share-bearer paths, revoked cookies and helper/network calls are not reliably classified. No payloads, credentials, fixture usernames or concrete token paths are exported."
HEAD,/api/activity,member,api.activity.list,cross-site-browser,not-checked,not-checked,,No attributed endpoint/actor evidence: Not checked,No claim of runtime testing or source review for this cell; may be outside intended authority.
HEAD,/api/activity,member,api.activity.list,session-without-csrf,not-checked,not-checked,,No attributed endpoint/actor evidence: Not checked,No claim of runtime testing or source review for this cell; may be outside intended authority.
HEAD,/api/activity,member,api.activity.list,rebound-host,boundary-asserted,boundary-asserted,tests/security-audit-matrix.test.ts,Host validation: HTTP 403; assertion passed,"Disposable Fastify injection; missing resource IDs exercise global hooks, not resource ownership or valid payload processing."
HEAD,/api/activity,member,api.activity.list,revoked-member,not-checked,not-checked,,No attributed endpoint/actor evidence: Not checked,No claim of runtime testing or source review for this cell; may be outside intended authority.
HEAD,/api/activity,member,api.activity.list,authentication-bearer,not-checked,not-checked,,No attributed endpoint/actor evidence: Not checked,No claim of runtime testing or source review for this cell; may be outside intended authority.
HEAD,/api/activity,member,api.activity.list,local-helper,not-checked,not-checked,,No attributed endpoint/actor evidence: Not checked,No claim of runtime testing or source review for this cell; may be outside intended authority.
POST,/api/activity/seen,member,api.activity.seen,anonymous,boundary-asserted,boundary-asserted; observed-request-only,tests/activity.test.ts:148; tests/security-audit-matrix.test.ts; tests/security-audit-matrix.test.ts:101:39; tests/security-audit-matrix.test.ts:116:37; tests/security-audit-matrix.test.ts:89:36,"authentication boundary: HTTP 401; assertion passed | Anonymous actor cannot read or change account activity: GET 401; seen mutation 401/403 | Request observed in completed test suite; assertion and purpose not inferred: HTTP status counts {""401"": 2, ""403"": 3}","Disposable Fastify injection; missing resource IDs exercise global hooks, not resource ownership or valid payload processing. | Disposable test instance; this assertion covers the named scenario only. | May be fixture setup, valid feature/control or malformed request. Preload actor is best-effort at request start; share-bearer paths, revoked cookies and helper/network calls are not reliably classified. No payloads, credentials, fixture usernames or concrete token paths are exported."
POST,/api/activity/seen,member,api.activity.seen,forged-session,boundary-asserted,boundary-asserted,tests/security-audit-matrix.test.ts,authentication boundary: HTTP 401; assertion passed,"Disposable Fastify injection; missing resource IDs exercise global hooks, not resource ownership or valid payload processing."
POST,/api/activity/seen,member,api.activity.seen,ordinary-member,security-property-asserted,security-property-asserted,tests/activity.test.ts:140,"Seen state is account-scoped, monotonic and capped at server time: Other member seen remains zero; future capped; earlier seen never rolls back",Disposable test instance; this assertion covers the named scenario only.
POST,/api/activity/seen,member,api.activity.seen,other-member,not-checked,not-checked,,No attributed endpoint/actor evidence: Not checked,No claim of runtime testing or source review for this cell; may be outside intended authority.
POST,/api/activity/seen,member,api.activity.seen,administrator,not-checked,not-checked,,No attributed endpoint/actor evidence: Not checked,No claim of runtime testing or source review for this cell; may be outside intended authority.
POST,/api/activity/seen,member,api.activity.seen,share-holder,boundary-asserted,boundary-asserted; observed-request-only,tests/security-audit-matrix.test.ts; tests/security-audit-matrix.test.ts:89:36,"authentication boundary: HTTP 401; assertion passed | Request observed in completed test suite; assertion and purpose not inferred: HTTP status counts {""401"": 1}","Disposable Fastify injection; missing resource IDs exercise global hooks, not resource ownership or valid payload processing. | May be fixture setup, valid feature/control or malformed request. Preload actor is best-effort at request start; share-bearer paths, revoked cookies and helper/network calls are not reliably classified. No payloads, credentials, fixture usernames or concrete token paths are exported."
POST,/api/activity/seen,member,api.activity.seen,request-guest,boundary-asserted,boundary-asserted; observed-request-only,tests/security-audit-matrix.test.ts; tests/security-audit-matrix.test.ts:89:36,"authentication boundary: HTTP 403; assertion passed | Request observed in completed test suite; assertion and purpose not inferred: HTTP status counts {""403"": 1}","Disposable Fastify injection; missing resource IDs exercise global hooks, not resource ownership or valid payload processing. | May be fixture setup, valid feature/control or malformed request. Preload actor is best-effort at request start; share-bearer paths, revoked cookies and helper/network calls are not reliably classified. No payloads, credentials, fixture usernames or concrete token paths are exported."
POST,/api/activity/seen,member,api.activity.seen,nearby-guest,boundary-asserted,boundary-asserted; observed-request-only,tests/security-audit-matrix.test.ts; tests/security-audit-matrix.test.ts:89:36,"authentication boundary: HTTP 401; assertion passed | Request observed in completed test suite; assertion and purpose not inferred: HTTP status counts {""401"": 1}","Disposable Fastify injection; missing resource IDs exercise global hooks, not resource ownership or valid payload processing. | May be fixture setup, valid feature/control or malformed request. Preload actor is best-effort at request start; share-bearer paths, revoked cookies and helper/network calls are not reliably classified. No payloads, credentials, fixture usernames or concrete token paths are exported."
POST,/api/activity/seen,member,api.activity.seen,same-network-stranger,boundary-asserted,boundary-asserted; observed-request-only,tests/security-audit-matrix.test.ts; tests/security-audit-matrix.test.ts:89:36,"authentication boundary: HTTP 401; assertion passed | Request observed in completed test suite; assertion and purpose not inferred: HTTP status counts {""401"": 1}","Disposable Fastify injection; missing resource IDs exercise global hooks, not resource ownership or valid payload processing. | May be fixture setup, valid feature/control or malformed request. Preload actor is best-effort at request start; share-bearer paths, revoked cookies and helper/network calls are not reliably classified. No payloads, credentials, fixture usernames or concrete token paths are exported."
POST,/api/activity/seen,member,api.activity.seen,cross-site-browser,boundary-asserted,boundary-asserted,tests/security-audit-matrix.test.ts,origin: HTTP 403; assertion passed | sec-fetch-site: HTTP 403; assertion passed,"Disposable Fastify injection; missing resource IDs exercise global hooks, not resource ownership or valid payload processing."
POST,/api/activity/seen,member,api.activity.seen,session-without-csrf,boundary-asserted,boundary-asserted,tests/security-audit-matrix.test.ts,CSRF token: HTTP 403; assertion passed,"Disposable Fastify injection; missing resource IDs exercise global hooks, not resource ownership or valid payload processing."
POST,/api/activity/seen,member,api.activity.seen,rebound-host,boundary-asserted,boundary-asserted,tests/security-audit-matrix.test.ts,Host validation: HTTP 403; assertion passed,"Disposable Fastify injection; missing resource IDs exercise global hooks, not resource ownership or valid payload processing."
POST,/api/activity/seen,member,api.activity.seen,revoked-member,not-checked,not-checked,,No attributed endpoint/actor evidence: Not checked,No claim of runtime testing or source review for this cell; may be outside intended authority.
POST,/api/activity/seen,member,api.activity.seen,authentication-bearer,not-checked,not-checked,,No attributed endpoint/actor evidence: Not checked,No claim of runtime testing or source review for this cell; may be outside intended authority.
POST,/api/activity/seen,member,api.activity.seen,local-helper,not-checked,not-checked,,No attributed endpoint/actor evidence: Not checked,No claim of runtime testing or source review for this cell; may be outside intended authority.
GET,/api/admin,admin,api.admin.overview,anonymous,boundary-asserted,boundary-asserted; observed-request-only,tests/admin.test.ts:83:52; tests/security-audit-auth-direct.test.ts:36:17; tests/security-audit-matrix.test.ts:116:37; tests/security-audit-matrix.test.ts:89:36; tests/security-audit-matrix.test.ts,"authentication boundary: HTTP 401; assertion passed | Request observed in completed test suite; assertion and purpose not inferred: HTTP status counts {""401"": 4, ""403"": 1}","Disposable Fastify injection; missing resource IDs exercise global hooks, not resource ownership or valid payload processing. | May be fixture setup, valid feature/control or malformed request. Preload actor is best-effort at request start; share-bearer paths, revoked cookies and helper/network calls are not reliably classified. No payloads, credentials, fixture usernames or concrete token paths are exported."
GET,/api/admin,admin,api.admin.overview,forged-session,boundary-asserted,boundary-asserted,tests/security-audit-matrix.test.ts,authentication boundary: HTTP 401; assertion passed,"Disposable Fastify injection; missing resource IDs exercise global hooks, not resource ownership or valid payload processing."
GET,/api/admin,admin,api.admin.overview,ordinary-member,boundary-asserted,boundary-asserted; observed-request-only,tests/admin.test.ts:72:19; tests/security-audit-auth-direct.test.ts:36:17; tests/security-audit-matrix.test.ts:94:38; tests/admin.test.ts:83; tests/security-audit-matrix.test.ts,"administrator boundary: HTTP 403; assertion passed | Valid ordinary-member credentials cannot invoke administrator contract operations: 403; own account limits remain unchanged | Request observed in completed test suite; assertion and purpose not inferred: HTTP status counts {""403"": 3}","Disposable Fastify injection; missing resource IDs exercise global hooks, not resource ownership or valid payload processing. | May be fixture setup, valid feature/control or malformed request. Preload actor is best-effort at request start; share-bearer paths, revoked cookies and helper/network calls are not reliably classified. No payloads, credentials, fixture usernames or concrete token paths are exported. | Role admission with valid member credentials and route payloads; several target IDs deliberately missing. Not a resource lifecycle assertion for each route."
GET,/api/admin,admin,api.admin.overview,other-member,not-checked,not-checked,,No attributed endpoint/actor evidence: Not checked,No claim of runtime testing or source review for this cell; may be outside intended authority.
GET,/api/admin,admin,api.admin.overview,administrator,security-property-asserted,security-property-asserted; observed-request-only,tests/admin.test.ts:152:20; tests/admin.test.ts:158:19; tests/admin.test.ts:171:20; tests/admin.test.ts:19:20; tests/admin.test.ts:218:30; tests/admin.test.ts:227:20; tests/admin.test.ts:34:33; tests/admin.test.ts:54:32; tests/admin.test.ts:67:20; tests/admin.test.ts:91:20; tests/auth-passkeys.test.ts:124:20; tests/auth-passkeys.test.ts:247:20; tests/auth-passkeys.test.ts:263:20; tests/auth-passkeys.test.ts:300:20; tests/auth-passkeys.test.ts:330:20; tests/auth-passkeys.test.ts:379:20; tests/auth.test.ts:113:20; tests/auth.test.ts:150:20; tests/auth.test.ts:174:20; tests/auth.test.ts:188:20; tests/auth.test.ts:232:20; tests/auth.test.ts:251:20; tests/auth.test.ts:25:20; tests/auth.test.ts:286:20; tests/auth.test.ts:301:20; tests/auth.test.ts:334:20; tests/auth.test.ts:368:20; tests/auth.test.ts:399:20; tests/auth.test.ts:45:20; tests/auth.test.ts:467:20; tests/auth.test.ts:485:20; tests/auth.test.ts:500:20; tests/auth.test.ts:575:20; tests/auth.test.ts:60:20; tests/auth.test.ts:81:20; tests/deliveries.test.ts:20:20; tests/library.test.ts:106:20; tests/library.test.ts:140:20; tests/library.test.ts:177:20; tests/library.test.ts:252:20; tests/library.test.ts:304:20; tests/library.test.ts:32:20; tests/library.test.ts:340:20; tests/library.test.ts:412:20; tests/library.test.ts:449:20; tests/link-options.test.ts:183:20; tests/link-options.test.ts:217:20; tests/link-options.test.ts:21:20; tests/links.test.ts:19:20; tests/links.test.ts:268:20; tests/local.test.ts:27:20; tests/local.test.ts:330:20; tests/local.test.ts:363:20; tests/nearby.test.ts:142:20; tests/nearby.test.ts:215:20; tests/nearby.test.ts:47:20; tests/nearby.test.ts:98:20; tests/requests.test.ts:19:20; tests/requests.test.ts:371:20; tests/requests.test.ts:485:20; tests/requests.test.ts:748:20; tests/security-audit-admin-content.test.ts:7:20; tests/security-audit-auth-direct.test.ts:152:20; tests/security-audit-auth-direct.test.ts:234:20; tests/security-audit-auth-direct.test.ts:358:20; tests/security-audit-auth-direct.test.ts:45:20; tests/security-audit-auth-direct.test.ts:516:20; tests/security-audit-auth-direct.test.ts:86:20; tests/security-audit-matrix.test.ts:33:20; tests/setup.test.ts:135:16; tests/setup.test.ts:245:20; tests/setup.test.ts:263:32; tests/setup.test.ts:279:20; tests/setup.test.ts:307:20; tests/setup.test.ts:52:36; tests/transfers.test.ts:106:20; tests/transfers.test.ts:142:20; tests/transfers.test.ts:161:61; tests/transfers.test.ts:189:20; tests/transfers.test.ts:209:20; tests/transfers.test.ts:235:20; tests/transfers.test.ts:277:20; tests/transfers.test.ts:311:20; tests/transfers.test.ts:31:20; tests/transfers.test.ts:353:20; tests/transfers.test.ts:365:20; tests/transfers.test.ts:388:20; tests/transfers.test.ts:403:20; tests/transfers.test.ts:451:20; tests/transfers.test.ts:494:20; tests/transfers.test.ts:59:20; tests/transfers.test.ts:83:20; tests/operations.test.ts:35,"Maintenance diagnostics omit the underlying private error path: Failure state reported; private error text absent; successful retry clears failure | Request observed in completed test suite; assertion and purpose not inferred: HTTP status counts {""200"": 138}","Disposable test instance; this assertion covers the named scenario only. | May be fixture setup, valid feature/control or malformed request. Preload actor is best-effort at request start; share-bearer paths, revoked cookies and helper/network calls are not reliably classified. No payloads, credentials, fixture usernames or concrete token paths are exported."
GET,/api/admin,admin,api.admin.overview,share-holder,boundary-asserted,boundary-asserted; observed-request-only,tests/security-audit-matrix.test.ts; tests/security-audit-matrix.test.ts:89:36,"authentication boundary: HTTP 401; assertion passed | Request observed in completed test suite; assertion and purpose not inferred: HTTP status counts {""401"": 1}","Disposable Fastify injection; missing resource IDs exercise global hooks, not resource ownership or valid payload processing. | May be fixture setup, valid feature/control or malformed request. Preload actor is best-effort at request start; share-bearer paths, revoked cookies and helper/network calls are not reliably classified. No payloads, credentials, fixture usernames or concrete token paths are exported."
GET,/api/admin,admin,api.admin.overview,request-guest,boundary-asserted,boundary-asserted; observed-request-only,tests/security-audit-matrix.test.ts; tests/security-audit-matrix.test.ts:89:36,"authentication boundary: HTTP 401; assertion passed | Request observed in completed test suite; assertion and purpose not inferred: HTTP status counts {""401"": 1}","Disposable Fastify injection; missing resource IDs exercise global hooks, not resource ownership or valid payload processing. | May be fixture setup, valid feature/control or malformed request. Preload actor is best-effort at request start; share-bearer paths, revoked cookies and helper/network calls are not reliably classified. No payloads, credentials, fixture usernames or concrete token paths are exported."
GET,/api/admin,admin,api.admin.overview,nearby-guest,boundary-asserted,boundary-asserted; observed-request-only,tests/security-audit-matrix.test.ts; tests/security-audit-matrix.test.ts:89:36,"authentication boundary: HTTP 401; assertion passed | Request observed in completed test suite; assertion and purpose not inferred: HTTP status counts {""401"": 1}","Disposable Fastify injection; missing resource IDs exercise global hooks, not resource ownership or valid payload processing. | May be fixture setup, valid feature/control or malformed request. Preload actor is best-effort at request start; share-bearer paths, revoked cookies and helper/network calls are not reliably classified. No payloads, credentials, fixture usernames or concrete token paths are exported."
GET,/api/admin,admin,api.admin.overview,same-network-stranger,boundary-asserted,boundary-asserted; observed-request-only,tests/security-audit-matrix.test.ts; tests/security-audit-matrix.test.ts:89:36,"authentication boundary: HTTP 401; assertion passed | Request observed in completed test suite; assertion and purpose not inferred: HTTP status counts {""401"": 1}","Disposable Fastify injection; missing resource IDs exercise global hooks, not resource ownership or valid payload processing. | May be fixture setup, valid feature/control or malformed request. Preload actor is best-effort at request start; share-bearer paths, revoked cookies and helper/network calls are not reliably classified. No payloads, credentials, fixture usernames or concrete token paths are exported."
GET,/api/admin,admin,api.admin.overview,cross-site-browser,not-checked,not-checked,,No attributed endpoint/actor evidence: Not checked,No claim of runtime testing or source review for this cell; may be outside intended authority.
GET,/api/admin,admin,api.admin.overview,session-without-csrf,not-checked,not-checked,,No attributed endpoint/actor evidence: Not checked,No claim of runtime testing or source review for this cell; may be outside intended authority.
GET,/api/admin,admin,api.admin.overview,rebound-host,boundary-asserted,boundary-asserted,tests/security-audit-matrix.test.ts,Host validation: HTTP 403; assertion passed,"Disposable Fastify injection; missing resource IDs exercise global hooks, not resource ownership or valid payload processing."
GET,/api/admin,admin,api.admin.overview,revoked-member,not-checked,not-checked,,No attributed endpoint/actor evidence: Not checked,No claim of runtime testing or source review for this cell; may be outside intended authority.
GET,/api/admin,admin,api.admin.overview,authentication-bearer,not-checked,not-checked,,No attributed endpoint/actor evidence: Not checked,No claim of runtime testing or source review for this cell; may be outside intended authority.
GET,/api/admin,admin,api.admin.overview,local-helper,not-checked,not-checked,,No attributed endpoint/actor evidence: Not checked,No claim of runtime testing or source review for this cell; may be outside intended authority.
HEAD,/api/admin,admin,api.admin.overview,anonymous,boundary-asserted,boundary-asserted; observed-request-only,tests/security-audit-matrix.test.ts; tests/security-audit-matrix.test.ts:116:37; tests/security-audit-matrix.test.ts:89:36,"authentication boundary: HTTP 401; assertion passed | Request observed in completed test suite; assertion and purpose not inferred: HTTP status counts {""401"": 2, ""403"": 1}","Disposable Fastify injection; missing resource IDs exercise global hooks, not resource ownership or valid payload processing. | May be fixture setup, valid feature/control or malformed request. Preload actor is best-effort at request start; share-bearer paths, revoked cookies and helper/network calls are not reliably classified. No payloads, credentials, fixture usernames or concrete token paths are exported."
HEAD,/api/admin,admin,api.admin.overview,forged-session,boundary-asserted,boundary-asserted,tests/security-audit-matrix.test.ts,authentication boundary: HTTP 401; assertion passed,"Disposable Fastify injection; missing resource IDs exercise global hooks, not resource ownership or valid payload processing."
HEAD,/api/admin,admin,api.admin.overview,ordinary-member,boundary-asserted,boundary-asserted; observed-request-only,tests/security-audit-matrix.test.ts; tests/security-audit-matrix.test.ts:94:38,"administrator boundary: HTTP 403; assertion passed | Request observed in completed test suite; assertion and purpose not inferred: HTTP status counts {""403"": 1}","Disposable Fastify injection; missing resource IDs exercise global hooks, not resource ownership or valid payload processing. | May be fixture setup, valid feature/control or malformed request. Preload actor is best-effort at request start; share-bearer paths, revoked cookies and helper/network calls are not reliably classified. No payloads, credentials, fixture usernames or concrete token paths are exported."
HEAD,/api/admin,admin,api.admin.overview,other-member,not-checked,not-checked,,No attributed endpoint/actor evidence: Not checked,No claim of runtime testing or source review for this cell; may be outside intended authority.
HEAD,/api/admin,admin,api.admin.overview,administrator,not-checked,not-checked,,No attributed endpoint/actor evidence: Not checked,No claim of runtime testing or source review for this cell; may be outside intended authority.
HEAD,/api/admin,admin,api.admin.overview,share-holder,boundary-asserted,boundary-asserted; observed-request-only,tests/security-audit-matrix.test.ts; tests/security-audit-matrix.test.ts:89:36,"authentication boundary: HTTP 401; assertion passed | Request observed in completed test suite; assertion and purpose not inferred: HTTP status counts {""401"": 1}","Disposable Fastify injection; missing resource IDs exercise global hooks, not resource ownership or valid payload processing. | May be fixture setup, valid feature/control or malformed request. Preload actor is best-effort at request start; share-bearer paths, revoked cookies and helper/network calls are not reliably classified. No payloads, credentials, fixture usernames or concrete token paths are exported."
HEAD,/api/admin,admin,api.admin.overview,request-guest,boundary-asserted,boundary-asserted; observed-request-only,tests/security-audit-matrix.test.ts; tests/security-audit-matrix.test.ts:89:36,"authentication boundary: HTTP 401; assertion passed | Request observed in completed test suite; assertion and purpose not inferred: HTTP status counts {""401"": 1}","Disposable Fastify injection; missing resource IDs exercise global hooks, not resource ownership or valid payload processing. | May be fixture setup, valid feature/control or malformed request. Preload actor is best-effort at request start; share-bearer paths, revoked cookies and helper/network calls are not reliably classified. No payloads, credentials, fixture usernames or concrete token paths are exported."
HEAD,/api/admin,admin,api.admin.overview,nearby-guest,boundary-asserted,boundary-asserted; observed-request-only,tests/security-audit-matrix.test.ts; tests/security-audit-matrix.test.ts:89:36,"authentication boundary: HTTP 401; assertion passed | Request observed in completed test suite; assertion and purpose not inferred: HTTP status counts {""401"": 1}","Disposable Fastify injection; missing resource IDs exercise global hooks, not resource ownership or valid payload processing. | May be fixture setup, valid feature/control or malformed request. Preload actor is best-effort at request start; share-bearer paths, revoked cookies and helper/network calls are not reliably classified. No payloads, credentials, fixture usernames or concrete token paths are exported."
HEAD,/api/admin,admin,api.admin.overview,same-network-stranger,boundary-asserted,boundary-asserted; observed-request-only,tests/security-audit-matrix.test.ts; tests/security-audit-matrix.test.ts:89:36,"authentication boundary: HTTP 401; assertion passed | Request observed in completed test suite; assertion and purpose not inferred: HTTP status counts {""401"": 1}","Disposable Fastify injection; missing resource IDs exercise global hooks, not resource ownership or valid payload processing. | May be fixture setup, valid feature/control or malformed request. Preload actor is best-effort at request start; share-bearer paths, revoked cookies and helper/network calls are not reliably classified. No payloads, credentials, fixture usernames or concrete token paths are exported."
HEAD,/api/admin,admin,api.admin.overview,cross-site-browser,not-checked,not-checked,,No attributed endpoint/actor evidence: Not checked,No claim of runtime testing or source review for this cell; may be outside intended authority.
HEAD,/api/admin,admin,api.admin.overview,session-without-csrf,not-checked,not-checked,,No attributed endpoint/actor evidence: Not checked,No claim of runtime testing or source review for this cell; may be outside intended authority.
HEAD,/api/admin,admin,api.admin.overview,rebound-host,boundary-asserted,boundary-asserted,tests/security-audit-matrix.test.ts,Host validation: HTTP 403; assertion passed,"Disposable Fastify injection; missing resource IDs exercise global hooks, not resource ownership or valid payload processing."
HEAD,/api/admin,admin,api.admin.overview,revoked-member,not-checked,not-checked,,No attributed endpoint/actor evidence: Not checked,No claim of runtime testing or source review for this cell; may be outside intended authority.
HEAD,/api/admin,admin,api.admin.overview,authentication-bearer,not-checked,not-checked,,No attributed endpoint/actor evidence: Not checked,No claim of runtime testing or source review for this cell; may be outside intended authority.
HEAD,/api/admin,admin,api.admin.overview,local-helper,not-checked,not-checked,,No attributed endpoint/actor evidence: Not checked,No claim of runtime testing or source review for this cell; may be outside intended authority.
POST,/api/admin/integrity,admin,api.admin.integrity,anonymous,boundary-asserted,boundary-asserted; observed-request-only,tests/release-health.test.ts:17; tests/security-audit-auth-direct.test.ts:36:17; tests/security-audit-matrix.test.ts:101:39; tests/security-audit-matrix.test.ts:116:37; tests/security-audit-matrix.test.ts:89:36; tests/security-audit-matrix.test.ts,"authentication boundary: HTTP 401; assertion passed | Integrity operation requires authentication: 401 | Request observed in completed test suite; assertion and purpose not inferred: HTTP status counts {""401"": 3, ""403"": 3}","Disposable Fastify injection; missing resource IDs exercise global hooks, not resource ownership or valid payload processing. | Disposable test instance; this assertion covers the named scenario only. | May be fixture setup, valid feature/control or malformed request. Preload actor is best-effort at request start; share-bearer paths, revoked cookies and helper/network calls are not reliably classified. No payloads, credentials, fixture usernames or concrete token paths are exported."
POST,/api/admin/integrity,admin,api.admin.integrity,forged-session,boundary-asserted,boundary-asserted,tests/security-audit-matrix.test.ts,authentication boundary: HTTP 401; assertion passed,"Disposable Fastify injection; missing resource IDs exercise global hooks, not resource ownership or valid payload processing."
POST,/api/admin/integrity,admin,api.admin.integrity,ordinary-member,boundary-asserted,boundary-asserted; observed-request-only,tests/release-health.test.ts:18; tests/security-audit-auth-direct.test.ts:36:17; tests/security-audit-matrix.test.ts:94:38; tests/security-audit-matrix.test.ts,"administrator boundary: HTTP 403; assertion passed | Integrity operation requires administrator role: 403 | Request observed in completed test suite; assertion and purpose not inferred: HTTP status counts {""403"": 2}","Disposable Fastify injection; missing resource IDs exercise global hooks, not resource ownership or valid payload processing. | Disposable test instance; this assertion covers the named scenario only. | May be fixture setup, valid feature/control or malformed request. Preload actor is best-effort at request start; share-bearer paths, revoked cookies and helper/network calls are not reliably classified. No payloads, credentials, fixture usernames or concrete token paths are exported."
POST,/api/admin/integrity,admin,api.admin.integrity,other-member,not-checked,not-checked,,No attributed endpoint/actor evidence: Not checked,No claim of runtime testing or source review for this cell; may be outside intended authority.
POST,/api/admin/integrity,admin,api.admin.integrity,administrator,boundary-asserted,boundary-asserted,tests/release-health.test.ts:36,Malformed integrity cursor cannot start a check: 400,Disposable test instance; this assertion covers the named scenario only.
POST,/api/admin/integrity,admin,api.admin.integrity,share-holder,boundary-asserted,boundary-asserted; observed-request-only,tests/security-audit-matrix.test.ts; tests/security-audit-matrix.test.ts:89:36,"authentication boundary: HTTP 401; assertion passed | Request observed in completed test suite; assertion and purpose not inferred: HTTP status counts {""401"": 1}","Disposable Fastify injection; missing resource IDs exercise global hooks, not resource ownership or valid payload processing. | May be fixture setup, valid feature/control or malformed request. Preload actor is best-effort at request start; share-bearer paths, revoked cookies and helper/network calls are not reliably classified. No payloads, credentials, fixture usernames or concrete token paths are exported."
POST,/api/admin/integrity,admin,api.admin.integrity,request-guest,boundary-asserted,boundary-asserted; observed-request-only,tests/security-audit-matrix.test.ts; tests/security-audit-matrix.test.ts:89:36,"authentication boundary: HTTP 403; assertion passed | Request observed in completed test suite; assertion and purpose not inferred: HTTP status counts {""403"": 1}","Disposable Fastify injection; missing resource IDs exercise global hooks, not resource ownership or valid payload processing. | May be fixture setup, valid feature/control or malformed request. Preload actor is best-effort at request start; share-bearer paths, revoked cookies and helper/network calls are not reliably classified. No payloads, credentials, fixture usernames or concrete token paths are exported."
POST,/api/admin/integrity,admin,api.admin.integrity,nearby-guest,boundary-asserted,boundary-asserted; observed-request-only,tests/security-audit-matrix.test.ts; tests/security-audit-matrix.test.ts:89:36,"authentication boundary: HTTP 401; assertion passed | Request observed in completed test suite; assertion and purpose not inferred: HTTP status counts {""401"": 1}","Disposable Fastify injection; missing resource IDs exercise global hooks, not resource ownership or valid payload processing. | May be fixture setup, valid feature/control or malformed request. Preload actor is best-effort at request start; share-bearer paths, revoked cookies and helper/network calls are not reliably classified. No payloads, credentials, fixture usernames or concrete token paths are exported."
POST,/api/admin/integrity,admin,api.admin.integrity,same-network-stranger,boundary-asserted,boundary-asserted; observed-request-only,tests/security-audit-matrix.test.ts; tests/security-audit-matrix.test.ts:89:36,"authentication boundary: HTTP 401; assertion passed | Request observed in completed test suite; assertion and purpose not inferred: HTTP status counts {""401"": 1}","Disposable Fastify injection; missing resource IDs exercise global hooks, not resource ownership or valid payload processing. | May be fixture setup, valid feature/control or malformed request. Preload actor is best-effort at request start; share-bearer paths, revoked cookies and helper/network calls are not reliably classified. No payloads, credentials, fixture usernames or concrete token paths are exported."
POST,/api/admin/integrity,admin,api.admin.integrity,cross-site-browser,boundary-asserted,boundary-asserted,tests/security-audit-matrix.test.ts,origin: HTTP 403; assertion passed | sec-fetch-site: HTTP 403; assertion passed,"Disposable Fastify injection; missing resource IDs exercise global hooks, not resource ownership or valid payload processing."
POST,/api/admin/integrity,admin,api.admin.integrity,session-without-csrf,boundary-asserted,boundary-asserted,tests/security-audit-matrix.test.ts,CSRF token: HTTP 403; assertion passed,"Disposable Fastify injection; missing resource IDs exercise global hooks, not resource ownership or valid payload processing."
POST,/api/admin/integrity,admin,api.admin.integrity,rebound-host,boundary-asserted,boundary-asserted,tests/security-audit-matrix.test.ts,Host validation: HTTP 403; assertion passed,"Disposable Fastify injection; missing resource IDs exercise global hooks, not resource ownership or valid payload processing."
POST,/api/admin/integrity,admin,api.admin.integrity,revoked-member,not-checked,not-checked,,No attributed endpoint/actor evidence: Not checked,No claim of runtime testing or source review for this cell; may be outside intended authority.
POST,/api/admin/integrity,admin,api.admin.integrity,authentication-bearer,not-checked,not-checked,,No attributed endpoint/actor evidence: Not checked,No claim of runtime testing or source review for this cell; may be outside intended authority.
POST,/api/admin/integrity,admin,api.admin.integrity,local-helper,not-checked,not-checked,,No attributed endpoint/actor evidence: Not checked,No claim of runtime testing or source review for this cell; may be outside intended authority.
POST,/api/admin/invites,admin,api.admin.invite,anonymous,boundary-asserted,boundary-asserted; observed-request-only,tests/security-audit-auth-direct.test.ts:36:17; tests/security-audit-matrix.test.ts:101:39; tests/security-audit-matrix.test.ts:116:37; tests/security-audit-matrix.test.ts:89:36; tests/security-audit-matrix.test.ts,"authentication boundary: HTTP 401; assertion passed | Request observed in completed test suite; assertion and purpose not inferred: HTTP status counts {""401"": 3, ""403"": 3}","Disposable Fastify injection; missing resource IDs exercise global hooks, not resource ownership or valid payload processing. | May be fixture setup, valid feature/control or malformed request. Preload actor is best-effort at request start; share-bearer paths, revoked cookies and helper/network calls are not reliably classified. No payloads, credentials, fixture usernames or concrete token paths are exported."
POST,/api/admin/invites,admin,api.admin.invite,forged-session,boundary-asserted,boundary-asserted,tests/security-audit-matrix.test.ts,authentication boundary: HTTP 401; assertion passed,"Disposable Fastify injection; missing resource IDs exercise global hooks, not resource ownership or valid payload processing."
POST,/api/admin/invites,admin,api.admin.invite,ordinary-member,boundary-asserted,boundary-asserted; observed-request-only,tests/admin.test.ts:73:19; tests/security-audit-auth-direct.test.ts:36:17; tests/security-audit-matrix.test.ts:94:38; tests/admin.test.ts:83; tests/security-audit-matrix.test.ts,"administrator boundary: HTTP 403; assertion passed | Valid ordinary-member credentials cannot invoke administrator contract operations: 403; own account limits remain unchanged | Request observed in completed test suite; assertion and purpose not inferred: HTTP status counts {""403"": 3}","Disposable Fastify injection; missing resource IDs exercise global hooks, not resource ownership or valid payload processing. | May be fixture setup, valid feature/control or malformed request. Preload actor is best-effort at request start; share-bearer paths, revoked cookies and helper/network calls are not reliably classified. No payloads, credentials, fixture usernames or concrete token paths are exported. | Role admission with valid member credentials and route payloads; several target IDs deliberately missing. Not a resource lifecycle assertion for each route."
POST,/api/admin/invites,admin,api.admin.invite,other-member,not-checked,not-checked,,No attributed endpoint/actor evidence: Not checked,No claim of runtime testing or source review for this cell; may be outside intended authority.
POST,/api/admin/invites,admin,api.admin.invite,administrator,security-property-asserted,security-property-asserted; observed-request-only,tests/admin.test.ts:155:23; tests/admin.test.ts:174:23; tests/admin.test.ts:22:23; tests/admin.test.ts:69:19; tests/admin.test.ts:94:30; tests/admin.test.ts:95:31; tests/admin.test.ts:96:29; tests/auth-passkeys.test.ts:126:19; tests/auth-passkeys.test.ts:249:19; tests/auth-passkeys.test.ts:265:19; tests/auth-passkeys.test.ts:332:19; tests/auth-passkeys.test.ts:381:19; tests/auth.test.ts:116:43; tests/auth.test.ts:128:31; tests/auth.test.ts:138:32; tests/auth.test.ts:153:43; tests/auth.test.ts:163:33; tests/auth.test.ts:190:18; tests/auth.test.ts:234:20; tests/auth.test.ts:253:20; tests/auth.test.ts:278:17; tests/auth.test.ts:346:22; tests/auth.test.ts:386:19; tests/auth.test.ts:410:19; tests/auth.test.ts:469:5; tests/auth.test.ts:487:5; tests/auth.test.ts:48:25; tests/auth.test.ts:502:20; tests/auth.test.ts:558:22; tests/auth.test.ts:577:20; tests/auth.test.ts:83:18; tests/deliveries.test.ts:194:22; tests/deliveries.test.ts:21:18; tests/library.test.ts:108:20; tests/library.test.ts:131:19; tests/library.test.ts:142:20; tests/library.test.ts:179:20; tests/library.test.ts:209:19; tests/library.test.ts:254:20; tests/library.test.ts:306:20; tests/library.test.ts:342:20; tests/library.test.ts:34:20; tests/library.test.ts:402:22; tests/library.test.ts:414:20; tests/library.test.ts:441:22; tests/library.test.ts:451:20; tests/library.test.ts:457:19; tests/link-options.test.ts:185:19; tests/link-options.test.ts:219:20; tests/link-options.test.ts:220:5; tests/link-options.test.ts:22:17; tests/link-options.test.ts:91:22; tests/links.test.ts:20:17; tests/links.test.ts:270:19; tests/links.test.ts:85:22; tests/local.test.ts:32:59; tests/local.test.ts:334:20; tests/local.test.ts:365:20; tests/nearby.test.ts:101:18; tests/nearby.test.ts:102:17; tests/nearby.test.ts:145:18; tests/nearby.test.ts:147:17; tests/nearby.test.ts:218:18; tests/nearby.test.ts:50:20; tests/requests.test.ts:20:17; tests/requests.test.ts:308:19; tests/requests.test.ts:373:19; tests/requests.test.ts:487:19; tests/requests.test.ts:675:22; tests/requests.test.ts:750:19; tests/security-audit-admin-content.test.ts:10:25; tests/security-audit-auth-direct.test.ts:155:28; tests/security-audit-auth-direct.test.ts:175:27; tests/security-audit-auth-direct.test.ts:220:28; tests/security-audit-auth-direct.test.ts:239:25; tests/security-audit-auth-direct.test.ts:362:19; tests/security-audit-auth-direct.test.ts:363:21; tests/security-audit-auth-direct.test.ts:48:18; tests/security-audit-auth-direct.test.ts:519:20; tests/security-audit-auth-direct.test.ts:88:18; tests/security-audit-matrix.test.ts:37:28; tests/setup.test.ts:248:23; tests/setup.test.ts:249:11; tests/setup.test.ts:282:25; tests/setup.test.ts:283:27; tests/setup.test.ts:62:23; tests/transfers.test.ts:108:20; tests/transfers.test.ts:145:26; tests/transfers.test.ts:191:20; tests/transfers.test.ts:211:20; tests/transfers.test.ts:237:20; tests/transfers.test.ts:279:20; tests/transfers.test.ts:289:19; tests/transfers.test.ts:313:20; tests/transfers.test.ts:316:19; tests/transfers.test.ts:33:20; tests/transfers.test.ts:355:20; tests/transfers.test.ts:367:20; tests/transfers.test.ts:390:20; tests/transfers.test.ts:405:19; tests/transfers.test.ts:453:19; tests/transfers.test.ts:496:19; tests/transfers.test.ts:50:19; tests/transfers.test.ts:61:20; tests/transfers.test.ts:85:20; tests/transfers.test.ts:95:19; tests/admin.test.ts:99,"Invitation issuance persists bearer and numeric capabilities as hashes: Persisted bearer equals SHA256; numeric code equals keyed hash | Request observed in completed test suite; assertion and purpose not inferred: HTTP status counts {""200"": 153}","Disposable test instance; this assertion covers the named scenario only. | May be fixture setup, valid feature/control or malformed request. Preload actor is best-effort at request start; share-bearer paths, revoked cookies and helper/network calls are not reliably classified. No payloads, credentials, fixture usernames or concrete token paths are exported."
POST,/api/admin/invites,admin,api.admin.invite,share-holder,boundary-asserted,boundary-asserted; observed-request-only,tests/security-audit-matrix.test.ts; tests/security-audit-matrix.test.ts:89:36,"authentication boundary: HTTP 401; assertion passed | Request observed in completed test suite; assertion and purpose not inferred: HTTP status counts {""401"": 1}","Disposable Fastify injection; missing resource IDs exercise global hooks, not resource ownership or valid payload processing. | May be fixture setup, valid feature/control or malformed request. Preload actor is best-effort at request start; share-bearer paths, revoked cookies and helper/network calls are not reliably classified. No payloads, credentials, fixture usernames or concrete token paths are exported."
POST,/api/admin/invites,admin,api.admin.invite,request-guest,boundary-asserted,boundary-asserted; observed-request-only,tests/security-audit-matrix.test.ts; tests/security-audit-matrix.test.ts:89:36,"authentication boundary: HTTP 403; assertion passed | Request observed in completed test suite; assertion and purpose not inferred: HTTP status counts {""403"": 1}","Disposable Fastify injection; missing resource IDs exercise global hooks, not resource ownership or valid payload processing. | May be fixture setup, valid feature/control or malformed request. Preload actor is best-effort at request start; share-bearer paths, revoked cookies and helper/network calls are not reliably classified. No payloads, credentials, fixture usernames or concrete token paths are exported."
POST,/api/admin/invites,admin,api.admin.invite,nearby-guest,boundary-asserted,boundary-asserted; observed-request-only,tests/security-audit-matrix.test.ts; tests/security-audit-matrix.test.ts:89:36,"authentication boundary: HTTP 401; assertion passed | Request observed in completed test suite; assertion and purpose not inferred: HTTP status counts {""401"": 1}","Disposable Fastify injection; missing resource IDs exercise global hooks, not resource ownership or valid payload processing. | May be fixture setup, valid feature/control or malformed request. Preload actor is best-effort at request start; share-bearer paths, revoked cookies and helper/network calls are not reliably classified. No payloads, credentials, fixture usernames or concrete token paths are exported."
POST,/api/admin/invites,admin,api.admin.invite,same-network-stranger,boundary-asserted,boundary-asserted; observed-request-only,tests/security-audit-matrix.test.ts; tests/security-audit-matrix.test.ts:89:36,"authentication boundary: HTTP 401; assertion passed | Request observed in completed test suite; assertion and purpose not inferred: HTTP status counts {""401"": 1}","Disposable Fastify injection; missing resource IDs exercise global hooks, not resource ownership or valid payload processing. | May be fixture setup, valid feature/control or malformed request. Preload actor is best-effort at request start; share-bearer paths, revoked cookies and helper/network calls are not reliably classified. No payloads, credentials, fixture usernames or concrete token paths are exported."
POST,/api/admin/invites,admin,api.admin.invite,cross-site-browser,boundary-asserted,boundary-asserted,tests/security-audit-matrix.test.ts,origin: HTTP 403; assertion passed | sec-fetch-site: HTTP 403; assertion passed,"Disposable Fastify injection; missing resource IDs exercise global hooks, not resource ownership or valid payload processing."
POST,/api/admin/invites,admin,api.admin.invite,session-without-csrf,boundary-asserted,boundary-asserted,tests/security-audit-matrix.test.ts,CSRF token: HTTP 403; assertion passed,"Disposable Fastify injection; missing resource IDs exercise global hooks, not resource ownership or valid payload processing."
POST,/api/admin/invites,admin,api.admin.invite,rebound-host,boundary-asserted,boundary-asserted,tests/security-audit-matrix.test.ts,Host validation: HTTP 403; assertion passed,"Disposable Fastify injection; missing resource IDs exercise global hooks, not resource ownership or valid payload processing."
POST,/api/admin/invites,admin,api.admin.invite,revoked-member,not-checked,not-checked,,No attributed endpoint/actor evidence: Not checked,No claim of runtime testing or source review for this cell; may be outside intended authority.
POST,/api/admin/invites,admin,api.admin.invite,authentication-bearer,not-checked,not-checked,,No attributed endpoint/actor evidence: Not checked,No claim of runtime testing or source review for this cell; may be outside intended authority.
POST,/api/admin/invites,admin,api.admin.invite,local-helper,not-checked,not-checked,,No attributed endpoint/actor evidence: Not checked,No claim of runtime testing or source review for this cell; may be outside intended authority.
GET,/api/admin/invites,admin,api.admin.invites,anonymous,boundary-asserted,boundary-asserted; observed-request-only,tests/admin.test.ts:145:52; tests/security-audit-auth-direct.test.ts:36:17; tests/security-audit-matrix.test.ts:116:37; tests/security-audit-matrix.test.ts:89:36; tests/security-audit-matrix.test.ts,"authentication boundary: HTTP 401; assertion passed | Request observed in completed test suite; assertion and purpose not inferred: HTTP status counts {""401"": 4, ""403"": 1}","Disposable Fastify injection; missing resource IDs exercise global hooks, not resource ownership or valid payload processing. | May be fixture setup, valid feature/control or malformed request. Preload actor is best-effort at request start; share-bearer paths, revoked cookies and helper/network calls are not reliably classified. No payloads, credentials, fixture usernames or concrete token paths are exported."
GET,/api/admin/invites,admin,api.admin.invites,forged-session,boundary-asserted,boundary-asserted,tests/security-audit-matrix.test.ts,authentication boundary: HTTP 401; assertion passed,"Disposable Fastify injection; missing resource IDs exercise global hooks, not resource ownership or valid payload processing."
GET,/api/admin/invites,admin,api.admin.invites,ordinary-member,boundary-asserted,boundary-asserted; observed-request-only,tests/admin.test.ts:74:19; tests/security-audit-auth-direct.test.ts:36:17; tests/security-audit-matrix.test.ts:94:38; tests/admin.test.ts:83; tests/security-audit-matrix.test.ts,"administrator boundary: HTTP 403; assertion passed | Valid ordinary-member credentials cannot invoke administrator contract operations: 403; own account limits remain unchanged | Request observed in completed test suite; assertion and purpose not inferred: HTTP status counts {""403"": 3}","Disposable Fastify injection; missing resource IDs exercise global hooks, not resource ownership or valid payload processing. | May be fixture setup, valid feature/control or malformed request. Preload actor is best-effort at request start; share-bearer paths, revoked cookies and helper/network calls are not reliably classified. No payloads, credentials, fixture usernames or concrete token paths are exported. | Role admission with valid member credentials and route payloads; several target IDs deliberately missing. Not a resource lifecycle assertion for each route."
GET,/api/admin/invites,admin,api.admin.invites,other-member,not-checked,not-checked,,No attributed endpoint/actor evidence: Not checked,No claim of runtime testing or source review for this cell; may be outside intended authority.
GET,/api/admin/invites,admin,api.admin.invites,administrator,security-property-asserted,security-property-asserted; observed-request-only,tests/admin.test.ts:113:32; tests/admin.test.ts:137:19; tests/security-audit-auth-direct.test.ts:156:29; tests/security-audit-auth-direct.test.ts:221:31; tests/admin.test.ts:119,"Pending invitation list excludes consumed invitations and does not expose raw bearer tokens: Only unused entries; both issued raw tokens absent | Request observed in completed test suite; assertion and purpose not inferred: HTTP status counts {""200"": 4}","Disposable test instance; this assertion covers the named scenario only. | May be fixture setup, valid feature/control or malformed request. Preload actor is best-effort at request start; share-bearer paths, revoked cookies and helper/network calls are not reliably classified. No payloads, credentials, fixture usernames or concrete token paths are exported."
GET,/api/admin/invites,admin,api.admin.invites,share-holder,boundary-asserted,boundary-asserted; observed-request-only,tests/security-audit-matrix.test.ts; tests/security-audit-matrix.test.ts:89:36,"authentication boundary: HTTP 401; assertion passed | Request observed in completed test suite; assertion and purpose not inferred: HTTP status counts {""401"": 1}","Disposable Fastify injection; missing resource IDs exercise global hooks, not resource ownership or valid payload processing. | May be fixture setup, valid feature/control or malformed request. Preload actor is best-effort at request start; share-bearer paths, revoked cookies and helper/network calls are not reliably classified. No payloads, credentials, fixture usernames or concrete token paths are exported."
GET,/api/admin/invites,admin,api.admin.invites,request-guest,boundary-asserted,boundary-asserted; observed-request-only,tests/security-audit-matrix.test.ts; tests/security-audit-matrix.test.ts:89:36,"authentication boundary: HTTP 401; assertion passed | Request observed in completed test suite; assertion and purpose not inferred: HTTP status counts {""401"": 1}","Disposable Fastify injection; missing resource IDs exercise global hooks, not resource ownership or valid payload processing. | May be fixture setup, valid feature/control or malformed request. Preload actor is best-effort at request start; share-bearer paths, revoked cookies and helper/network calls are not reliably classified. No payloads, credentials, fixture usernames or concrete token paths are exported."
GET,/api/admin/invites,admin,api.admin.invites,nearby-guest,boundary-asserted,boundary-asserted; observed-request-only,tests/security-audit-matrix.test.ts; tests/security-audit-matrix.test.ts:89:36,"authentication boundary: HTTP 401; assertion passed | Request observed in completed test suite; assertion and purpose not inferred: HTTP status counts {""401"": 1}","Disposable Fastify injection; missing resource IDs exercise global hooks, not resource ownership or valid payload processing. | May be fixture setup, valid feature/control or malformed request. Preload actor is best-effort at request start; share-bearer paths, revoked cookies and helper/network calls are not reliably classified. No payloads, credentials, fixture usernames or concrete token paths are exported."
GET,/api/admin/invites,admin,api.admin.invites,same-network-stranger,boundary-asserted,boundary-asserted; observed-request-only,tests/security-audit-matrix.test.ts; tests/security-audit-matrix.test.ts:89:36,"authentication boundary: HTTP 401; assertion passed | Request observed in completed test suite; assertion and purpose not inferred: HTTP status counts {""401"": 1}","Disposable Fastify injection; missing resource IDs exercise global hooks, not resource ownership or valid payload processing. | May be fixture setup, valid feature/control or malformed request. Preload actor is best-effort at request start; share-bearer paths, revoked cookies and helper/network calls are not reliably classified. No payloads, credentials, fixture usernames or concrete token paths are exported."
GET,/api/admin/invites,admin,api.admin.invites,cross-site-browser,not-checked,not-checked,,No attributed endpoint/actor evidence: Not checked,No claim of runtime testing or source review for this cell; may be outside intended authority.
GET,/api/admin/invites,admin,api.admin.invites,session-without-csrf,not-checked,not-checked,,No attributed endpoint/actor evidence: Not checked,No claim of runtime testing or source review for this cell; may be outside intended authority.
GET,/api/admin/invites,admin,api.admin.invites,rebound-host,boundary-asserted,boundary-asserted,tests/security-audit-matrix.test.ts,Host validation: HTTP 403; assertion passed,"Disposable Fastify injection; missing resource IDs exercise global hooks, not resource ownership or valid payload processing."
GET,/api/admin/invites,admin,api.admin.invites,revoked-member,not-checked,not-checked,,No attributed endpoint/actor evidence: Not checked,No claim of runtime testing or source review for this cell; may be outside intended authority.
GET,/api/admin/invites,admin,api.admin.invites,authentication-bearer,not-checked,not-checked,,No attributed endpoint/actor evidence: Not checked,No claim of runtime testing or source review for this cell; may be outside intended authority.
GET,/api/admin/invites,admin,api.admin.invites,local-helper,not-checked,not-checked,,No attributed endpoint/actor evidence: Not checked,No claim of runtime testing or source review for this cell; may be outside intended authority.
HEAD,/api/admin/invites,admin,api.admin.invites,anonymous,boundary-asserted,boundary-asserted; observed-request-only,tests/security-audit-matrix.test.ts; tests/security-audit-matrix.test.ts:116:37; tests/security-audit-matrix.test.ts:89:36,"authentication boundary: HTTP 401; assertion passed | Request observed in completed test suite; assertion and purpose not inferred: HTTP status counts {""401"": 2, ""403"": 1}","Disposable Fastify injection; missing resource IDs exercise global hooks, not resource ownership or valid payload processing. | May be fixture setup, valid feature/control or malformed request. Preload actor is best-effort at request start; share-bearer paths, revoked cookies and helper/network calls are not reliably classified. No payloads, credentials, fixture usernames or concrete token paths are exported."
HEAD,/api/admin/invites,admin,api.admin.invites,forged-session,boundary-asserted,boundary-asserted,tests/security-audit-matrix.test.ts,authentication boundary: HTTP 401; assertion passed,"Disposable Fastify injection; missing resource IDs exercise global hooks, not resource ownership or valid payload processing."
HEAD,/api/admin/invites,admin,api.admin.invites,ordinary-member,boundary-asserted,boundary-asserted; observed-request-only,tests/security-audit-matrix.test.ts; tests/security-audit-matrix.test.ts:94:38,"administrator boundary: HTTP 403; assertion passed | Request observed in completed test suite; assertion and purpose not inferred: HTTP status counts {""403"": 1}","Disposable Fastify injection; missing resource IDs exercise global hooks, not resource ownership or valid payload processing. | May be fixture setup, valid feature/control or malformed request. Preload actor is best-effort at request start; share-bearer paths, revoked cookies and helper/network calls are not reliably classified. No payloads, credentials, fixture usernames or concrete token paths are exported."
HEAD,/api/admin/invites,admin,api.admin.invites,other-member,not-checked,not-checked,,No attributed endpoint/actor evidence: Not checked,No claim of runtime testing or source review for this cell; may be outside intended authority.
HEAD,/api/admin/invites,admin,api.admin.invites,administrator,not-checked,not-checked,,No attributed endpoint/actor evidence: Not checked,No claim of runtime testing or source review for this cell; may be outside intended authority.
HEAD,/api/admin/invites,admin,api.admin.invites,share-holder,boundary-asserted,boundary-asserted; observed-request-only,tests/security-audit-matrix.test.ts; tests/security-audit-matrix.test.ts:89:36,"authentication boundary: HTTP 401; assertion passed | Request observed in completed test suite; assertion and purpose not inferred: HTTP status counts {""401"": 1}","Disposable Fastify injection; missing resource IDs exercise global hooks, not resource ownership or valid payload processing. | May be fixture setup, valid feature/control or malformed request. Preload actor is best-effort at request start; share-bearer paths, revoked cookies and helper/network calls are not reliably classified. No payloads, credentials, fixture usernames or concrete token paths are exported."
HEAD,/api/admin/invites,admin,api.admin.invites,request-guest,boundary-asserted,boundary-asserted; observed-request-only,tests/security-audit-matrix.test.ts; tests/security-audit-matrix.test.ts:89:36,"authentication boundary: HTTP 401; assertion passed | Request observed in completed test suite; assertion and purpose not inferred: HTTP status counts {""401"": 1}","Disposable Fastify injection; missing resource IDs exercise global hooks, not resource ownership or valid payload processing. | May be fixture setup, valid feature/control or malformed request. Preload actor is best-effort at request start; share-bearer paths, revoked cookies and helper/network calls are not reliably classified. No payloads, credentials, fixture usernames or concrete token paths are exported."
HEAD,/api/admin/invites,admin,api.admin.invites,nearby-guest,boundary-asserted,boundary-asserted; observed-request-only,tests/security-audit-matrix.test.ts; tests/security-audit-matrix.test.ts:89:36,"authentication boundary: HTTP 401; assertion passed | Request observed in completed test suite; assertion and purpose not inferred: HTTP status counts {""401"": 1}","Disposable Fastify injection; missing resource IDs exercise global hooks, not resource ownership or valid payload processing. | May be fixture setup, valid feature/control or malformed request. Preload actor is best-effort at request start; share-bearer paths, revoked cookies and helper/network calls are not reliably classified. No payloads, credentials, fixture usernames or concrete token paths are exported."
HEAD,/api/admin/invites,admin,api.admin.invites,same-network-stranger,boundary-asserted,boundary-asserted; observed-request-only,tests/security-audit-matrix.test.ts; tests/security-audit-matrix.test.ts:89:36,"authentication boundary: HTTP 401; assertion passed | Request observed in completed test suite; assertion and purpose not inferred: HTTP status counts {""401"": 1}","Disposable Fastify injection; missing resource IDs exercise global hooks, not resource ownership or valid payload processing. | May be fixture setup, valid feature/control or malformed request. Preload actor is best-effort at request start; share-bearer paths, revoked cookies and helper/network calls are not reliably classified. No payloads, credentials, fixture usernames or concrete token paths are exported."
HEAD,/api/admin/invites,admin,api.admin.invites,cross-site-browser,not-checked,not-checked,,No attributed endpoint/actor evidence: Not checked,No claim of runtime testing or source review for this cell; may be outside intended authority.
HEAD,/api/admin/invites,admin,api.admin.invites,session-without-csrf,not-checked,not-checked,,No attributed endpoint/actor evidence: Not checked,No claim of runtime testing or source review for this cell; may be outside intended authority.
HEAD,/api/admin/invites,admin,api.admin.invites,rebound-host,boundary-asserted,boundary-asserted,tests/security-audit-matrix.test.ts,Host validation: HTTP 403; assertion passed,"Disposable Fastify injection; missing resource IDs exercise global hooks, not resource ownership or valid payload processing."
HEAD,/api/admin/invites,admin,api.admin.invites,revoked-member,not-checked,not-checked,,No attributed endpoint/actor evidence: Not checked,No claim of runtime testing or source review for this cell; may be outside intended authority.
HEAD,/api/admin/invites,admin,api.admin.invites,authentication-bearer,not-checked,not-checked,,No attributed endpoint/actor evidence: Not checked,No claim of runtime testing or source review for this cell; may be outside intended authority.
HEAD,/api/admin/invites,admin,api.admin.invites,local-helper,not-checked,not-checked,,No attributed endpoint/actor evidence: Not checked,No claim of runtime testing or source review for this cell; may be outside intended authority.
PATCH,/api/admin/invites/:id,admin,api.admin.updateInvite,anonymous,boundary-asserted,boundary-asserted; observed-request-only,tests/security-audit-auth-direct.test.ts:36:17; tests/security-audit-matrix.test.ts:101:39; tests/security-audit-matrix.test.ts:116:37; tests/security-audit-matrix.test.ts:89:36; tests/security-audit-matrix.test.ts,"authentication boundary: HTTP 401; assertion passed | Request observed in completed test suite; assertion and purpose not inferred: HTTP status counts {""401"": 3, ""403"": 3}","Disposable Fastify injection; missing resource IDs exercise global hooks, not resource ownership or valid payload processing. | May be fixture setup, valid feature/control or malformed request. Preload actor is best-effort at request start; share-bearer paths, revoked cookies and helper/network calls are not reliably classified. No payloads, credentials, fixture usernames or concrete token paths are exported."
PATCH,/api/admin/invites/:id,admin,api.admin.updateInvite,forged-session,boundary-asserted,boundary-asserted,tests/security-audit-matrix.test.ts,authentication boundary: HTTP 401; assertion passed,"Disposable Fastify injection; missing resource IDs exercise global hooks, not resource ownership or valid payload processing."
PATCH,/api/admin/invites/:id,admin,api.admin.updateInvite,ordinary-member,boundary-asserted,boundary-asserted; observed-request-only,tests/admin.test.ts:77:19; tests/security-audit-auth-direct.test.ts:36:17; tests/security-audit-matrix.test.ts:94:38; tests/admin.test.ts:83; tests/security-audit-matrix.test.ts,"administrator boundary: HTTP 403; assertion passed | Valid ordinary-member credentials cannot invoke administrator contract operations: 403; own account limits remain unchanged | Request observed in completed test suite; assertion and purpose not inferred: HTTP status counts {""403"": 3}","Disposable Fastify injection; missing resource IDs exercise global hooks, not resource ownership or valid payload processing. | May be fixture setup, valid feature/control or malformed request. Preload actor is best-effort at request start; share-bearer paths, revoked cookies and helper/network calls are not reliably classified. No payloads, credentials, fixture usernames or concrete token paths are exported. | Role admission with valid member credentials and route payloads; several target IDs deliberately missing. Not a resource lifecycle assertion for each route."
PATCH,/api/admin/invites/:id,admin,api.admin.updateInvite,other-member,not-checked,not-checked,,No attributed endpoint/actor evidence: Not checked,No claim of runtime testing or source review for this cell; may be outside intended authority.
PATCH,/api/admin/invites/:id,admin,api.admin.updateInvite,administrator,boundary-asserted,boundary-asserted; security-property-asserted; observed-request-only,tests/lifecycle-policy.test.ts:218; tests/limits.test.ts:82; tests/security-audit-auth-direct.test.ts:160:13,"Invitation edits reject obsolete quota fields and no longer apply after use or expiry: 400 obsolete field; 404 used/expired invitation | Stale policy forms cannot overwrite current limits/capacity or partially apply accompanying updates: 409 stale state; 400 missing expected state; name/capacity unchanged | Request observed in completed test suite; assertion and purpose not inferred: HTTP status counts {""200"": 1}","Disposable test instance; this assertion covers the named scenario only. | May be fixture setup, valid feature/control or malformed request. Preload actor is best-effort at request start; share-bearer paths, revoked cookies and helper/network calls are not reliably classified. No payloads, credentials, fixture usernames or concrete token paths are exported."
PATCH,/api/admin/invites/:id,admin,api.admin.updateInvite,share-holder,boundary-asserted,boundary-asserted; observed-request-only,tests/security-audit-matrix.test.ts; tests/security-audit-matrix.test.ts:89:36,"authentication boundary: HTTP 401; assertion passed | Request observed in completed test suite; assertion and purpose not inferred: HTTP status counts {""401"": 1}","Disposable Fastify injection; missing resource IDs exercise global hooks, not resource ownership or valid payload processing. | May be fixture setup, valid feature/control or malformed request. Preload actor is best-effort at request start; share-bearer paths, revoked cookies and helper/network calls are not reliably classified. No payloads, credentials, fixture usernames or concrete token paths are exported."
PATCH,/api/admin/invites/:id,admin,api.admin.updateInvite,request-guest,boundary-asserted,boundary-asserted; observed-request-only,tests/security-audit-matrix.test.ts; tests/security-audit-matrix.test.ts:89:36,"authentication boundary: HTTP 403; assertion passed | Request observed in completed test suite; assertion and purpose not inferred: HTTP status counts {""403"": 1}","Disposable Fastify injection; missing resource IDs exercise global hooks, not resource ownership or valid payload processing. | May be fixture setup, valid feature/control or malformed request. Preload actor is best-effort at request start; share-bearer paths, revoked cookies and helper/network calls are not reliably classified. No payloads, credentials, fixture usernames or concrete token paths are exported."
PATCH,/api/admin/invites/:id,admin,api.admin.updateInvite,nearby-guest,boundary-asserted,boundary-asserted; observed-request-only,tests/security-audit-matrix.test.ts; tests/security-audit-matrix.test.ts:89:36,"authentication boundary: HTTP 401; assertion passed | Request observed in completed test suite; assertion and purpose not inferred: HTTP status counts {""401"": 1}","Disposable Fastify injection; missing resource IDs exercise global hooks, not resource ownership or valid payload processing. | May be fixture setup, valid feature/control or malformed request. Preload actor is best-effort at request start; share-bearer paths, revoked cookies and helper/network calls are not reliably classified. No payloads, credentials, fixture usernames or concrete token paths are exported."
PATCH,/api/admin/invites/:id,admin,api.admin.updateInvite,same-network-stranger,boundary-asserted,boundary-asserted; observed-request-only,tests/security-audit-matrix.test.ts; tests/security-audit-matrix.test.ts:89:36,"authentication boundary: HTTP 401; assertion passed | Request observed in completed test suite; assertion and purpose not inferred: HTTP status counts {""401"": 1}","Disposable Fastify injection; missing resource IDs exercise global hooks, not resource ownership or valid payload processing. | May be fixture setup, valid feature/control or malformed request. Preload actor is best-effort at request start; share-bearer paths, revoked cookies and helper/network calls are not reliably classified. No payloads, credentials, fixture usernames or concrete token paths are exported."
PATCH,/api/admin/invites/:id,admin,api.admin.updateInvite,cross-site-browser,boundary-asserted,boundary-asserted,tests/security-audit-matrix.test.ts,origin: HTTP 403; assertion passed | sec-fetch-site: HTTP 403; assertion passed,"Disposable Fastify injection; missing resource IDs exercise global hooks, not resource ownership or valid payload processing."
PATCH,/api/admin/invites/:id,admin,api.admin.updateInvite,session-without-csrf,boundary-asserted,boundary-asserted,tests/security-audit-matrix.test.ts,CSRF token: HTTP 403; assertion passed,"Disposable Fastify injection; missing resource IDs exercise global hooks, not resource ownership or valid payload processing."
PATCH,/api/admin/invites/:id,admin,api.admin.updateInvite,rebound-host,boundary-asserted,boundary-asserted,tests/security-audit-matrix.test.ts,Host validation: HTTP 403; assertion passed,"Disposable Fastify injection; missing resource IDs exercise global hooks, not resource ownership or valid payload processing."
PATCH,/api/admin/invites/:id,admin,api.admin.updateInvite,revoked-member,not-checked,not-checked,,No attributed endpoint/actor evidence: Not checked,No claim of runtime testing or source review for this cell; may be outside intended authority.
PATCH,/api/admin/invites/:id,admin,api.admin.updateInvite,authentication-bearer,not-checked,not-checked,,No attributed endpoint/actor evidence: Not checked,No claim of runtime testing or source review for this cell; may be outside intended authority.
PATCH,/api/admin/invites/:id,admin,api.admin.updateInvite,local-helper,not-checked,not-checked,,No attributed endpoint/actor evidence: Not checked,No claim of runtime testing or source review for this cell; may be outside intended authority.
DELETE,/api/admin/invites/:id,admin,api.admin.revokeInvite,anonymous,boundary-asserted,boundary-asserted; observed-request-only,tests/security-audit-auth-direct.test.ts:36:17; tests/security-audit-matrix.test.ts:101:39; tests/security-audit-matrix.test.ts:116:37; tests/security-audit-matrix.test.ts:89:36; tests/security-audit-matrix.test.ts,"authentication boundary: HTTP 401; assertion passed | Request observed in completed test suite; assertion and purpose not inferred: HTTP status counts {""401"": 3, ""403"": 3}","Disposable Fastify injection; missing resource IDs exercise global hooks, not resource ownership or valid payload processing. | May be fixture setup, valid feature/control or malformed request. Preload actor is best-effort at request start; share-bearer paths, revoked cookies and helper/network calls are not reliably classified. No payloads, credentials, fixture usernames or concrete token paths are exported."
DELETE,/api/admin/invites/:id,admin,api.admin.revokeInvite,forged-session,boundary-asserted,boundary-asserted,tests/security-audit-matrix.test.ts,authentication boundary: HTTP 401; assertion passed,"Disposable Fastify injection; missing resource IDs exercise global hooks, not resource ownership or valid payload processing."
DELETE,/api/admin/invites/:id,admin,api.admin.revokeInvite,ordinary-member,boundary-asserted,boundary-asserted; observed-request-only,tests/admin.test.ts:75:19; tests/security-audit-auth-direct.test.ts:36:17; tests/security-audit-matrix.test.ts:94:38; tests/admin.test.ts:83; tests/security-audit-matrix.test.ts,"administrator boundary: HTTP 403; assertion passed | Valid ordinary-member credentials cannot invoke administrator contract operations: 403; own account limits remain unchanged | Request observed in completed test suite; assertion and purpose not inferred: HTTP status counts {""403"": 3}","Disposable Fastify injection; missing resource IDs exercise global hooks, not resource ownership or valid payload processing. | May be fixture setup, valid feature/control or malformed request. Preload actor is best-effort at request start; share-bearer paths, revoked cookies and helper/network calls are not reliably classified. No payloads, credentials, fixture usernames or concrete token paths are exported. | Role admission with valid member credentials and route payloads; several target IDs deliberately missing. Not a resource lifecycle assertion for each route."
DELETE,/api/admin/invites/:id,admin,api.admin.revokeInvite,other-member,not-checked,not-checked,,No attributed endpoint/actor evidence: Not checked,No claim of runtime testing or source review for this cell; may be outside intended authority.
DELETE,/api/admin/invites/:id,admin,api.admin.revokeInvite,administrator,boundary-asserted,boundary-asserted; observed-request-only,tests/admin.test.ts:128:16; tests/admin.test.ts:135:36; tests/admin.test.ts:144:36; tests/security-audit-auth-direct.test.ts:222:13; tests/admin.test.ts:139,"Already-withdrawn or consumed invitation cannot be withdrawn as active: 404; consumed account remains present | Request observed in completed test suite; assertion and purpose not inferred: HTTP status counts {""200"": 2, ""404"": 2}","Disposable test instance; this assertion covers the named scenario only. | May be fixture setup, valid feature/control or malformed request. Preload actor is best-effort at request start; share-bearer paths, revoked cookies and helper/network calls are not reliably classified. No payloads, credentials, fixture usernames or concrete token paths are exported."
DELETE,/api/admin/invites/:id,admin,api.admin.revokeInvite,share-holder,boundary-asserted,boundary-asserted; observed-request-only,tests/security-audit-matrix.test.ts; tests/security-audit-matrix.test.ts:89:36,"authentication boundary: HTTP 401; assertion passed | Request observed in completed test suite; assertion and purpose not inferred: HTTP status counts {""401"": 1}","Disposable Fastify injection; missing resource IDs exercise global hooks, not resource ownership or valid payload processing. | May be fixture setup, valid feature/control or malformed request. Preload actor is best-effort at request start; share-bearer paths, revoked cookies and helper/network calls are not reliably classified. No payloads, credentials, fixture usernames or concrete token paths are exported."
DELETE,/api/admin/invites/:id,admin,api.admin.revokeInvite,request-guest,boundary-asserted,boundary-asserted; observed-request-only,tests/security-audit-matrix.test.ts; tests/security-audit-matrix.test.ts:89:36,"authentication boundary: HTTP 403; assertion passed | Request observed in completed test suite; assertion and purpose not inferred: HTTP status counts {""403"": 1}","Disposable Fastify injection; missing resource IDs exercise global hooks, not resource ownership or valid payload processing. | May be fixture setup, valid feature/control or malformed request. Preload actor is best-effort at request start; share-bearer paths, revoked cookies and helper/network calls are not reliably classified. No payloads, credentials, fixture usernames or concrete token paths are exported."
DELETE,/api/admin/invites/:id,admin,api.admin.revokeInvite,nearby-guest,boundary-asserted,boundary-asserted; observed-request-only,tests/security-audit-matrix.test.ts; tests/security-audit-matrix.test.ts:89:36,"authentication boundary: HTTP 401; assertion passed | Request observed in completed test suite; assertion and purpose not inferred: HTTP status counts {""401"": 1}","Disposable Fastify injection; missing resource IDs exercise global hooks, not resource ownership or valid payload processing. | May be fixture setup, valid feature/control or malformed request. Preload actor is best-effort at request start; share-bearer paths, revoked cookies and helper/network calls are not reliably classified. No payloads, credentials, fixture usernames or concrete token paths are exported."
DELETE,/api/admin/invites/:id,admin,api.admin.revokeInvite,same-network-stranger,boundary-asserted,boundary-asserted; observed-request-only,tests/security-audit-matrix.test.ts; tests/security-audit-matrix.test.ts:89:36,"authentication boundary: HTTP 401; assertion passed | Request observed in completed test suite; assertion and purpose not inferred: HTTP status counts {""401"": 1}","Disposable Fastify injection; missing resource IDs exercise global hooks, not resource ownership or valid payload processing. | May be fixture setup, valid feature/control or malformed request. Preload actor is best-effort at request start; share-bearer paths, revoked cookies and helper/network calls are not reliably classified. No payloads, credentials, fixture usernames or concrete token paths are exported."
DELETE,/api/admin/invites/:id,admin,api.admin.revokeInvite,cross-site-browser,boundary-asserted,boundary-asserted,tests/security-audit-matrix.test.ts,origin: HTTP 403; assertion passed | sec-fetch-site: HTTP 403; assertion passed,"Disposable Fastify injection; missing resource IDs exercise global hooks, not resource ownership or valid payload processing."
DELETE,/api/admin/invites/:id,admin,api.admin.revokeInvite,session-without-csrf,boundary-asserted,boundary-asserted,tests/security-audit-matrix.test.ts,CSRF token: HTTP 403; assertion passed,"Disposable Fastify injection; missing resource IDs exercise global hooks, not resource ownership or valid payload processing."
DELETE,/api/admin/invites/:id,admin,api.admin.revokeInvite,rebound-host,boundary-asserted,boundary-asserted,tests/security-audit-matrix.test.ts,Host validation: HTTP 403; assertion passed,"Disposable Fastify injection; missing resource IDs exercise global hooks, not resource ownership or valid payload processing."
DELETE,/api/admin/invites/:id,admin,api.admin.revokeInvite,revoked-member,not-checked,not-checked,,No attributed endpoint/actor evidence: Not checked,No claim of runtime testing or source review for this cell; may be outside intended authority.
DELETE,/api/admin/invites/:id,admin,api.admin.revokeInvite,authentication-bearer,not-checked,not-checked,,No attributed endpoint/actor evidence: Not checked,No claim of runtime testing or source review for this cell; may be outside intended authority.
DELETE,/api/admin/invites/:id,admin,api.admin.revokeInvite,local-helper,not-checked,not-checked,,No attributed endpoint/actor evidence: Not checked,No claim of runtime testing or source review for this cell; may be outside intended authority.
PATCH,/api/admin/members/:id,admin,api.admin.updateMember,anonymous,boundary-asserted,boundary-asserted; observed-request-only,tests/security-audit-auth-direct.test.ts:36:17; tests/security-audit-matrix.test.ts:101:39; tests/security-audit-matrix.test.ts:116:37; tests/security-audit-matrix.test.ts:89:36; tests/security-audit-matrix.test.ts,"authentication boundary: HTTP 401; assertion passed | Request observed in completed test suite; assertion and purpose not inferred: HTTP status counts {""401"": 3, ""403"": 3}","Disposable Fastify injection; missing resource IDs exercise global hooks, not resource ownership or valid payload processing. | May be fixture setup, valid feature/control or malformed request. Preload actor is best-effort at request start; share-bearer paths, revoked cookies and helper/network calls are not reliably classified. No payloads, credentials, fixture usernames or concrete token paths are exported."
PATCH,/api/admin/members/:id,admin,api.admin.updateMember,forged-session,boundary-asserted,boundary-asserted,tests/security-audit-matrix.test.ts,authentication boundary: HTTP 401; assertion passed,"Disposable Fastify injection; missing resource IDs exercise global hooks, not resource ownership or valid payload processing."
PATCH,/api/admin/members/:id,admin,api.admin.updateMember,ordinary-member,boundary-asserted,boundary-asserted; observed-request-only,tests/admin.test.ts:76:19; tests/security-audit-auth-direct.test.ts:36:17; tests/security-audit-matrix.test.ts:94:38; tests/setup.test.ts:272:35; tests/admin.test.ts:83; tests/security-audit-matrix.test.ts,"administrator boundary: HTTP 403; assertion passed | Valid ordinary-member credentials cannot invoke administrator contract operations: 403; own account limits remain unchanged | Request observed in completed test suite; assertion and purpose not inferred: HTTP status counts {""403"": 4}","Disposable Fastify injection; missing resource IDs exercise global hooks, not resource ownership or valid payload processing. | May be fixture setup, valid feature/control or malformed request. Preload actor is best-effort at request start; share-bearer paths, revoked cookies and helper/network calls are not reliably classified. No payloads, credentials, fixture usernames or concrete token paths are exported. | Role admission with valid member credentials and route payloads; several target IDs deliberately missing. Not a resource lifecycle assertion for each route."
PATCH,/api/admin/members/:id,admin,api.admin.updateMember,other-member,not-checked,not-checked,,No attributed endpoint/actor evidence: Not checked,No claim of runtime testing or source review for this cell; may be outside intended authority.
PATCH,/api/admin/members/:id,admin,api.admin.updateMember,administrator,boundary-asserted,boundary-asserted; security-property-asserted; observed-request-only,tests/admin.test.ts:163:16; tests/admin.test.ts:189:16; tests/admin.test.ts:195:25; tests/admin.test.ts:199:25; tests/admin.test.ts:205:14; tests/admin.test.ts:216:16; tests/admin.test.ts:219:16; tests/auth.test.ts:50:16; tests/links.test.ts:282:16; tests/links.test.ts:284:16; tests/requests.test.ts:338:16; tests/requests.test.ts:342:16; tests/requests.test.ts:753:16; tests/security-audit-auth-direct.test.ts:265:13; tests/security-audit-auth-direct.test.ts:287:13; tests/setup.test.ts:252:12; tests/transfers.test.ts:148:16; tests/transfers.test.ts:155:16; tests/admin.test.ts:207; tests/lifecycle-policy.test.ts:218,"Administrator cannot disable/limit own administrator identity or mutate an unknown member: 409 self-disable/self-limits; 404 unknown target | Stale policy forms cannot overwrite current limits/capacity or partially apply accompanying updates: 409 stale state; 400 missing expected state; name/capacity unchanged | Request observed in completed test suite; assertion and purpose not inferred: HTTP status counts {""200"": 16, ""400"": 2, ""404"": 1, ""409"": 3}","Disposable test instance; this assertion covers the named scenario only. | May be fixture setup, valid feature/control or malformed request. Preload actor is best-effort at request start; share-bearer paths, revoked cookies and helper/network calls are not reliably classified. No payloads, credentials, fixture usernames or concrete token paths are exported."
PATCH,/api/admin/members/:id,admin,api.admin.updateMember,share-holder,boundary-asserted,boundary-asserted; observed-request-only,tests/security-audit-matrix.test.ts; tests/security-audit-matrix.test.ts:89:36,"authentication boundary: HTTP 401; assertion passed | Request observed in completed test suite; assertion and purpose not inferred: HTTP status counts {""401"": 1}","Disposable Fastify injection; missing resource IDs exercise global hooks, not resource ownership or valid payload processing. | May be fixture setup, valid feature/control or malformed request. Preload actor is best-effort at request start; share-bearer paths, revoked cookies and helper/network calls are not reliably classified. No payloads, credentials, fixture usernames or concrete token paths are exported."
PATCH,/api/admin/members/:id,admin,api.admin.updateMember,request-guest,boundary-asserted,boundary-asserted; observed-request-only,tests/security-audit-matrix.test.ts; tests/security-audit-matrix.test.ts:89:36,"authentication boundary: HTTP 403; assertion passed | Request observed in completed test suite; assertion and purpose not inferred: HTTP status counts {""403"": 1}","Disposable Fastify injection; missing resource IDs exercise global hooks, not resource ownership or valid payload processing. | May be fixture setup, valid feature/control or malformed request. Preload actor is best-effort at request start; share-bearer paths, revoked cookies and helper/network calls are not reliably classified. No payloads, credentials, fixture usernames or concrete token paths are exported."
PATCH,/api/admin/members/:id,admin,api.admin.updateMember,nearby-guest,boundary-asserted,boundary-asserted; observed-request-only,tests/security-audit-matrix.test.ts; tests/security-audit-matrix.test.ts:89:36,"authentication boundary: HTTP 401; assertion passed | Request observed in completed test suite; assertion and purpose not inferred: HTTP status counts {""401"": 1}","Disposable Fastify injection; missing resource IDs exercise global hooks, not resource ownership or valid payload processing. | May be fixture setup, valid feature/control or malformed request. Preload actor is best-effort at request start; share-bearer paths, revoked cookies and helper/network calls are not reliably classified. No payloads, credentials, fixture usernames or concrete token paths are exported."
PATCH,/api/admin/members/:id,admin,api.admin.updateMember,same-network-stranger,boundary-asserted,boundary-asserted; observed-request-only,tests/security-audit-matrix.test.ts; tests/security-audit-matrix.test.ts:89:36,"authentication boundary: HTTP 401; assertion passed | Request observed in completed test suite; assertion and purpose not inferred: HTTP status counts {""401"": 1}","Disposable Fastify injection; missing resource IDs exercise global hooks, not resource ownership or valid payload processing. | May be fixture setup, valid feature/control or malformed request. Preload actor is best-effort at request start; share-bearer paths, revoked cookies and helper/network calls are not reliably classified. No payloads, credentials, fixture usernames or concrete token paths are exported."
PATCH,/api/admin/members/:id,admin,api.admin.updateMember,cross-site-browser,boundary-asserted,boundary-asserted,tests/security-audit-matrix.test.ts,origin: HTTP 403; assertion passed | sec-fetch-site: HTTP 403; assertion passed,"Disposable Fastify injection; missing resource IDs exercise global hooks, not resource ownership or valid payload processing."
PATCH,/api/admin/members/:id,admin,api.admin.updateMember,session-without-csrf,boundary-asserted,boundary-asserted,tests/security-audit-matrix.test.ts,CSRF token: HTTP 403; assertion passed,"Disposable Fastify injection; missing resource IDs exercise global hooks, not resource ownership or valid payload processing."
PATCH,/api/admin/members/:id,admin,api.admin.updateMember,rebound-host,boundary-asserted,boundary-asserted,tests/security-audit-matrix.test.ts,Host validation: HTTP 403; assertion passed,"Disposable Fastify injection; missing resource IDs exercise global hooks, not resource ownership or valid payload processing."
PATCH,/api/admin/members/:id,admin,api.admin.updateMember,revoked-member,not-checked,not-checked,,No attributed endpoint/actor evidence: Not checked,No claim of runtime testing or source review for this cell; may be outside intended authority.
PATCH,/api/admin/members/:id,admin,api.admin.updateMember,authentication-bearer,not-checked,not-checked,,No attributed endpoint/actor evidence: Not checked,No claim of runtime testing or source review for this cell; may be outside intended authority.
PATCH,/api/admin/members/:id,admin,api.admin.updateMember,local-helper,not-checked,not-checked,,No attributed endpoint/actor evidence: Not checked,No claim of runtime testing or source review for this cell; may be outside intended authority.
POST,/api/admin/members/:id/password,admin,api.admin.resetPassword,anonymous,boundary-asserted,boundary-asserted; observed-request-only,tests/security-audit-auth-direct.test.ts:36:17; tests/security-audit-matrix.test.ts:101:39; tests/security-audit-matrix.test.ts:116:37; tests/security-audit-matrix.test.ts:89:36; tests/security-audit-matrix.test.ts,"authentication boundary: HTTP 401; assertion passed | Request observed in completed test suite; assertion and purpose not inferred: HTTP status counts {""401"": 3, ""403"": 3}","Disposable Fastify injection; missing resource IDs exercise global hooks, not resource ownership or valid payload processing. | May be fixture setup, valid feature/control or malformed request. Preload actor is best-effort at request start; share-bearer paths, revoked cookies and helper/network calls are not reliably classified. No payloads, credentials, fixture usernames or concrete token paths are exported."
POST,/api/admin/members/:id/password,admin,api.admin.resetPassword,forged-session,boundary-asserted,boundary-asserted,tests/security-audit-matrix.test.ts,authentication boundary: HTTP 401; assertion passed,"Disposable Fastify injection; missing resource IDs exercise global hooks, not resource ownership or valid payload processing."
POST,/api/admin/members/:id/password,admin,api.admin.resetPassword,ordinary-member,boundary-asserted,boundary-asserted; observed-request-only,tests/admin.test.ts:79:19; tests/security-audit-auth-direct.test.ts:36:17; tests/security-audit-matrix.test.ts:94:38; tests/admin.test.ts:83; tests/security-audit-matrix.test.ts,"administrator boundary: HTTP 403; assertion passed | Valid ordinary-member credentials cannot invoke administrator contract operations: 403; own account limits remain unchanged | Request observed in completed test suite; assertion and purpose not inferred: HTTP status counts {""403"": 3}","Disposable Fastify injection; missing resource IDs exercise global hooks, not resource ownership or valid payload processing. | May be fixture setup, valid feature/control or malformed request. Preload actor is best-effort at request start; share-bearer paths, revoked cookies and helper/network calls are not reliably classified. No payloads, credentials, fixture usernames or concrete token paths are exported. | Role admission with valid member credentials and route payloads; several target IDs deliberately missing. Not a resource lifecycle assertion for each route."
POST,/api/admin/members/:id/password,admin,api.admin.resetPassword,other-member,not-checked,not-checked,,No attributed endpoint/actor evidence: Not checked,No claim of runtime testing or source review for this cell; may be outside intended authority.
POST,/api/admin/members/:id/password,admin,api.admin.resetPassword,administrator,security-property-asserted,security-property-asserted; observed-request-only,tests/admin.test.ts:210:16; tests/security-audit-auth-direct.test.ts:290:13; tests/admin.test.ts:214,"Authorized administrator password reset revokes sessions and removes the target's passkeys: Target session 401; target passkey table count zero | Request observed in completed test suite; assertion and purpose not inferred: HTTP status counts {""200"": 2}","Disposable target passkey row; this effect assertion is not a cryptographic assertion with that credential. | May be fixture setup, valid feature/control or malformed request. Preload actor is best-effort at request start; share-bearer paths, revoked cookies and helper/network calls are not reliably classified. No payloads, credentials, fixture usernames or concrete token paths are exported."
POST,/api/admin/members/:id/password,admin,api.admin.resetPassword,share-holder,boundary-asserted,boundary-asserted; observed-request-only,tests/security-audit-matrix.test.ts; tests/security-audit-matrix.test.ts:89:36,"authentication boundary: HTTP 401; assertion passed | Request observed in completed test suite; assertion and purpose not inferred: HTTP status counts {""401"": 1}","Disposable Fastify injection; missing resource IDs exercise global hooks, not resource ownership or valid payload processing. | May be fixture setup, valid feature/control or malformed request. Preload actor is best-effort at request start; share-bearer paths, revoked cookies and helper/network calls are not reliably classified. No payloads, credentials, fixture usernames or concrete token paths are exported."
POST,/api/admin/members/:id/password,admin,api.admin.resetPassword,request-guest,boundary-asserted,boundary-asserted; observed-request-only,tests/security-audit-matrix.test.ts; tests/security-audit-matrix.test.ts:89:36,"authentication boundary: HTTP 403; assertion passed | Request observed in completed test suite; assertion and purpose not inferred: HTTP status counts {""403"": 1}","Disposable Fastify injection; missing resource IDs exercise global hooks, not resource ownership or valid payload processing. | May be fixture setup, valid feature/control or malformed request. Preload actor is best-effort at request start; share-bearer paths, revoked cookies and helper/network calls are not reliably classified. No payloads, credentials, fixture usernames or concrete token paths are exported."
POST,/api/admin/members/:id/password,admin,api.admin.resetPassword,nearby-guest,boundary-asserted,boundary-asserted; observed-request-only,tests/security-audit-matrix.test.ts; tests/security-audit-matrix.test.ts:89:36,"authentication boundary: HTTP 401; assertion passed | Request observed in completed test suite; assertion and purpose not inferred: HTTP status counts {""401"": 1}","Disposable Fastify injection; missing resource IDs exercise global hooks, not resource ownership or valid payload processing. | May be fixture setup, valid feature/control or malformed request. Preload actor is best-effort at request start; share-bearer paths, revoked cookies and helper/network calls are not reliably classified. No payloads, credentials, fixture usernames or concrete token paths are exported."
POST,/api/admin/members/:id/password,admin,api.admin.resetPassword,same-network-stranger,boundary-asserted,boundary-asserted; observed-request-only,tests/security-audit-matrix.test.ts; tests/security-audit-matrix.test.ts:89:36,"authentication boundary: HTTP 401; assertion passed | Request observed in completed test suite; assertion and purpose not inferred: HTTP status counts {""401"": 1}","Disposable Fastify injection; missing resource IDs exercise global hooks, not resource ownership or valid payload processing. | May be fixture setup, valid feature/control or malformed request. Preload actor is best-effort at request start; share-bearer paths, revoked cookies and helper/network calls are not reliably classified. No payloads, credentials, fixture usernames or concrete token paths are exported."
POST,/api/admin/members/:id/password,admin,api.admin.resetPassword,cross-site-browser,boundary-asserted,boundary-asserted,tests/security-audit-matrix.test.ts,origin: HTTP 403; assertion passed | sec-fetch-site: HTTP 403; assertion passed,"Disposable Fastify injection; missing resource IDs exercise global hooks, not resource ownership or valid payload processing."
POST,/api/admin/members/:id/password,admin,api.admin.resetPassword,session-without-csrf,boundary-asserted,boundary-asserted,tests/security-audit-matrix.test.ts,CSRF token: HTTP 403; assertion passed,"Disposable Fastify injection; missing resource IDs exercise global hooks, not resource ownership or valid payload processing."
POST,/api/admin/members/:id/password,admin,api.admin.resetPassword,rebound-host,boundary-asserted,boundary-asserted,tests/security-audit-matrix.test.ts,Host validation: HTTP 403; assertion passed,"Disposable Fastify injection; missing resource IDs exercise global hooks, not resource ownership or valid payload processing."
POST,/api/admin/members/:id/password,admin,api.admin.resetPassword,revoked-member,boundary-asserted,boundary-asserted,tests/security-audit-account-lifecycle.test.ts:195,"Pending administrator reset rechecks signout, expiry and role loss at mutation: 401 signout/expiry; 403 role loss; password and target session preserved",Disposable test instance; this assertion covers the named scenario only.
POST,/api/admin/members/:id/password,admin,api.admin.resetPassword,authentication-bearer,not-checked,not-checked,,No attributed endpoint/actor evidence: Not checked,No claim of runtime testing or source review for this cell; may be outside intended authority.
POST,/api/admin/members/:id/password,admin,api.admin.resetPassword,local-helper,not-checked,not-checked,,No attributed endpoint/actor evidence: Not checked,No claim of runtime testing or source review for this cell; may be outside intended authority.
PATCH,/api/admin/settings,admin,api.admin.settings,anonymous,boundary-asserted,boundary-asserted; observed-request-only,tests/security-audit-auth-direct.test.ts:36:17; tests/security-audit-matrix.test.ts:101:39; tests/security-audit-matrix.test.ts:116:37; tests/security-audit-matrix.test.ts:89:36; tests/security-audit-matrix.test.ts,"authentication boundary: HTTP 401; assertion passed | Request observed in completed test suite; assertion and purpose not inferred: HTTP status counts {""401"": 3, ""403"": 3}","Disposable Fastify injection; missing resource IDs exercise global hooks, not resource ownership or valid payload processing. | May be fixture setup, valid feature/control or malformed request. Preload actor is best-effort at request start; share-bearer paths, revoked cookies and helper/network calls are not reliably classified. No payloads, credentials, fixture usernames or concrete token paths are exported."
PATCH,/api/admin/settings,admin,api.admin.settings,forged-session,boundary-asserted,boundary-asserted,tests/security-audit-matrix.test.ts,authentication boundary: HTTP 401; assertion passed,"Disposable Fastify injection; missing resource IDs exercise global hooks, not resource ownership or valid payload processing."
PATCH,/api/admin/settings,admin,api.admin.settings,ordinary-member,boundary-asserted,boundary-asserted; observed-request-only,tests/admin.test.ts:80:19; tests/security-audit-auth-direct.test.ts:36:17; tests/security-audit-matrix.test.ts:94:38; tests/admin.test.ts:83; tests/security-audit-matrix.test.ts,"administrator boundary: HTTP 403; assertion passed | Valid ordinary-member credentials cannot invoke administrator contract operations: 403; own account limits remain unchanged | Request observed in completed test suite; assertion and purpose not inferred: HTTP status counts {""403"": 3}","Disposable Fastify injection; missing resource IDs exercise global hooks, not resource ownership or valid payload processing. | May be fixture setup, valid feature/control or malformed request. Preload actor is best-effort at request start; share-bearer paths, revoked cookies and helper/network calls are not reliably classified. No payloads, credentials, fixture usernames or concrete token paths are exported. | Role admission with valid member credentials and route payloads; several target IDs deliberately missing. Not a resource lifecycle assertion for each route."
PATCH,/api/admin/settings,admin,api.admin.settings,other-member,not-checked,not-checked,,No attributed endpoint/actor evidence: Not checked,No claim of runtime testing or source review for this cell; may be outside intended authority.
PATCH,/api/admin/settings,admin,api.admin.settings,administrator,security-property-asserted,security-property-asserted; observed-request-only,tests/admin.test.ts:230:16; tests/admin.test.ts:244:16; tests/admin.test.ts:53:16; tests/admin.test.ts:58:34; tests/requests.test.ts:718:35; tests/transfers.test.ts:160:16; tests/transfers.test.ts:164:16; tests/admin.test.ts:58; tests/lifecycle-policy.test.ts:218,"Removed/unsupported administrator settings are not accepted as mutable controls: 400 for both obsolete fields | Stale policy forms cannot overwrite current limits/capacity or partially apply accompanying updates: 409 stale state; 400 missing expected state; name/capacity unchanged | Request observed in completed test suite; assertion and purpose not inferred: HTTP status counts {""200"": 6, ""400"": 2}","Disposable test instance; this assertion covers the named scenario only. | May be fixture setup, valid feature/control or malformed request. Preload actor is best-effort at request start; share-bearer paths, revoked cookies and helper/network calls are not reliably classified. No payloads, credentials, fixture usernames or concrete token paths are exported."
PATCH,/api/admin/settings,admin,api.admin.settings,share-holder,boundary-asserted,boundary-asserted; observed-request-only,tests/security-audit-matrix.test.ts; tests/security-audit-matrix.test.ts:89:36,"authentication boundary: HTTP 401; assertion passed | Request observed in completed test suite; assertion and purpose not inferred: HTTP status counts {""401"": 1}","Disposable Fastify injection; missing resource IDs exercise global hooks, not resource ownership or valid payload processing. | May be fixture setup, valid feature/control or malformed request. Preload actor is best-effort at request start; share-bearer paths, revoked cookies and helper/network calls are not reliably classified. No payloads, credentials, fixture usernames or concrete token paths are exported."
PATCH,/api/admin/settings,admin,api.admin.settings,request-guest,boundary-asserted,boundary-asserted; observed-request-only,tests/security-audit-matrix.test.ts; tests/security-audit-matrix.test.ts:89:36,"authentication boundary: HTTP 403; assertion passed | Request observed in completed test suite; assertion and purpose not inferred: HTTP status counts {""403"": 1}","Disposable Fastify injection; missing resource IDs exercise global hooks, not resource ownership or valid payload processing. | May be fixture setup, valid feature/control or malformed request. Preload actor is best-effort at request start; share-bearer paths, revoked cookies and helper/network calls are not reliably classified. No payloads, credentials, fixture usernames or concrete token paths are exported."
PATCH,/api/admin/settings,admin,api.admin.settings,nearby-guest,boundary-asserted,boundary-asserted; observed-request-only,tests/security-audit-matrix.test.ts; tests/security-audit-matrix.test.ts:89:36,"authentication boundary: HTTP 401; assertion passed | Request observed in completed test suite; assertion and purpose not inferred: HTTP status counts {""401"": 1}","Disposable Fastify injection; missing resource IDs exercise global hooks, not resource ownership or valid payload processing. | May be fixture setup, valid feature/control or malformed request. Preload actor is best-effort at request start; share-bearer paths, revoked cookies and helper/network calls are not reliably classified. No payloads, credentials, fixture usernames or concrete token paths are exported."
PATCH,/api/admin/settings,admin,api.admin.settings,same-network-stranger,boundary-asserted,boundary-asserted; observed-request-only,tests/security-audit-matrix.test.ts; tests/security-audit-matrix.test.ts:89:36,"authentication boundary: HTTP 401; assertion passed | Request observed in completed test suite; assertion and purpose not inferred: HTTP status counts {""401"": 1}","Disposable Fastify injection; missing resource IDs exercise global hooks, not resource ownership or valid payload processing. | May be fixture setup, valid feature/control or malformed request. Preload actor is best-effort at request start; share-bearer paths, revoked cookies and helper/network calls are not reliably classified. No payloads, credentials, fixture usernames or concrete token paths are exported."
PATCH,/api/admin/settings,admin,api.admin.settings,cross-site-browser,boundary-asserted,boundary-asserted,tests/security-audit-matrix.test.ts,origin: HTTP 403; assertion passed | sec-fetch-site: HTTP 403; assertion passed,"Disposable Fastify injection; missing resource IDs exercise global hooks, not resource ownership or valid payload processing."
PATCH,/api/admin/settings,admin,api.admin.settings,session-without-csrf,boundary-asserted,boundary-asserted,tests/security-audit-matrix.test.ts,CSRF token: HTTP 403; assertion passed,"Disposable Fastify injection; missing resource IDs exercise global hooks, not resource ownership or valid payload processing."
PATCH,/api/admin/settings,admin,api.admin.settings,rebound-host,boundary-asserted,boundary-asserted,tests/security-audit-matrix.test.ts,Host validation: HTTP 403; assertion passed,"Disposable Fastify injection; missing resource IDs exercise global hooks, not resource ownership or valid payload processing."
PATCH,/api/admin/settings,admin,api.admin.settings,revoked-member,not-checked,not-checked,,No attributed endpoint/actor evidence: Not checked,No claim of runtime testing or source review for this cell; may be outside intended authority.
PATCH,/api/admin/settings,admin,api.admin.settings,authentication-bearer,not-checked,not-checked,,No attributed endpoint/actor evidence: Not checked,No claim of runtime testing or source review for this cell; may be outside intended authority.
PATCH,/api/admin/settings,admin,api.admin.settings,local-helper,not-checked,not-checked,,No attributed endpoint/actor evidence: Not checked,No claim of runtime testing or source review for this cell; may be outside intended authority.
GET,/api/admin/usage,admin,api.admin.usage,anonymous,boundary-asserted,boundary-asserted; observed-request-only,tests/security-audit-auth-direct.test.ts:36:17; tests/security-audit-matrix.test.ts:116:37; tests/security-audit-matrix.test.ts:89:36; tests/security-audit-matrix.test.ts,"authentication boundary: HTTP 401; assertion passed | Request observed in completed test suite; assertion and purpose not inferred: HTTP status counts {""401"": 3, ""403"": 1}","Disposable Fastify injection; missing resource IDs exercise global hooks, not resource ownership or valid payload processing. | May be fixture setup, valid feature/control or malformed request. Preload actor is best-effort at request start; share-bearer paths, revoked cookies and helper/network calls are not reliably classified. No payloads, credentials, fixture usernames or concrete token paths are exported."
GET,/api/admin/usage,admin,api.admin.usage,forged-session,boundary-asserted,boundary-asserted,tests/security-audit-matrix.test.ts,authentication boundary: HTTP 401; assertion passed,"Disposable Fastify injection; missing resource IDs exercise global hooks, not resource ownership or valid payload processing."
GET,/api/admin/usage,admin,api.admin.usage,ordinary-member,boundary-asserted,boundary-asserted; observed-request-only,tests/admin.test.ts:78:19; tests/security-audit-auth-direct.test.ts:36:17; tests/security-audit-matrix.test.ts:94:38; tests/admin.test.ts:83; tests/security-audit-matrix.test.ts,"administrator boundary: HTTP 403; assertion passed | Valid ordinary-member credentials cannot invoke administrator contract operations: 403; own account limits remain unchanged | Request observed in completed test suite; assertion and purpose not inferred: HTTP status counts {""403"": 3}","Disposable Fastify injection; missing resource IDs exercise global hooks, not resource ownership or valid payload processing. | May be fixture setup, valid feature/control or malformed request. Preload actor is best-effort at request start; share-bearer paths, revoked cookies and helper/network calls are not reliably classified. No payloads, credentials, fixture usernames or concrete token paths are exported. | Role admission with valid member credentials and route payloads; several target IDs deliberately missing. Not a resource lifecycle assertion for each route."
GET,/api/admin/usage,admin,api.admin.usage,other-member,not-checked,not-checked,,No attributed endpoint/actor evidence: Not checked,No claim of runtime testing or source review for this cell; may be outside intended authority.
GET,/api/admin/usage,admin,api.admin.usage,administrator,not-checked,not-checked,,No attributed endpoint/actor evidence: Not checked,No claim of runtime testing or source review for this cell; may be outside intended authority.
GET,/api/admin/usage,admin,api.admin.usage,share-holder,boundary-asserted,boundary-asserted; observed-request-only,tests/security-audit-matrix.test.ts; tests/security-audit-matrix.test.ts:89:36,"authentication boundary: HTTP 401; assertion passed | Request observed in completed test suite; assertion and purpose not inferred: HTTP status counts {""401"": 1}","Disposable Fastify injection; missing resource IDs exercise global hooks, not resource ownership or valid payload processing. | May be fixture setup, valid feature/control or malformed request. Preload actor is best-effort at request start; share-bearer paths, revoked cookies and helper/network calls are not reliably classified. No payloads, credentials, fixture usernames or concrete token paths are exported."
GET,/api/admin/usage,admin,api.admin.usage,request-guest,boundary-asserted,boundary-asserted; observed-request-only,tests/security-audit-matrix.test.ts; tests/security-audit-matrix.test.ts:89:36,"authentication boundary: HTTP 401; assertion passed | Request observed in completed test suite; assertion and purpose not inferred: HTTP status counts {""401"": 1}","Disposable Fastify injection; missing resource IDs exercise global hooks, not resource ownership or valid payload processing. | May be fixture setup, valid feature/control or malformed request. Preload actor is best-effort at request start; share-bearer paths, revoked cookies and helper/network calls are not reliably classified. No payloads, credentials, fixture usernames or concrete token paths are exported."
GET,/api/admin/usage,admin,api.admin.usage,nearby-guest,boundary-asserted,boundary-asserted; observed-request-only,tests/security-audit-matrix.test.ts; tests/security-audit-matrix.test.ts:89:36,"authentication boundary: HTTP 401; assertion passed | Request observed in completed test suite; assertion and purpose not inferred: HTTP status counts {""401"": 1}","Disposable Fastify injection; missing resource IDs exercise global hooks, not resource ownership or valid payload processing. | May be fixture setup, valid feature/control or malformed request. Preload actor is best-effort at request start; share-bearer paths, revoked cookies and helper/network calls are not reliably classified. No payloads, credentials, fixture usernames or concrete token paths are exported."
GET,/api/admin/usage,admin,api.admin.usage,same-network-stranger,boundary-asserted,boundary-asserted; observed-request-only,tests/security-audit-matrix.test.ts; tests/security-audit-matrix.test.ts:89:36,"authentication boundary: HTTP 401; assertion passed | Request observed in completed test suite; assertion and purpose not inferred: HTTP status counts {""401"": 1}","Disposable Fastify injection; missing resource IDs exercise global hooks, not resource ownership or valid payload processing. | May be fixture setup, valid feature/control or malformed request. Preload actor is best-effort at request start; share-bearer paths, revoked cookies and helper/network calls are not reliably classified. No payloads, credentials, fixture usernames or concrete token paths are exported."
GET,/api/admin/usage,admin,api.admin.usage,cross-site-browser,not-checked,not-checked,,No attributed endpoint/actor evidence: Not checked,No claim of runtime testing or source review for this cell; may be outside intended authority.
GET,/api/admin/usage,admin,api.admin.usage,session-without-csrf,not-checked,not-checked,,No attributed endpoint/actor evidence: Not checked,No claim of runtime testing or source review for this cell; may be outside intended authority.
GET,/api/admin/usage,admin,api.admin.usage,rebound-host,boundary-asserted,boundary-asserted,tests/security-audit-matrix.test.ts,Host validation: HTTP 403; assertion passed,"Disposable Fastify injection; missing resource IDs exercise global hooks, not resource ownership or valid payload processing."
GET,/api/admin/usage,admin,api.admin.usage,revoked-member,not-checked,not-checked,,No attributed endpoint/actor evidence: Not checked,No claim of runtime testing or source review for this cell; may be outside intended authority.
GET,/api/admin/usage,admin,api.admin.usage,authentication-bearer,not-checked,not-checked,,No attributed endpoint/actor evidence: Not checked,No claim of runtime testing or source review for this cell; may be outside intended authority.
GET,/api/admin/usage,admin,api.admin.usage,local-helper,not-checked,not-checked,,No attributed endpoint/actor evidence: Not checked,No claim of runtime testing or source review for this cell; may be outside intended authority.
HEAD,/api/admin/usage,admin,api.admin.usage,anonymous,boundary-asserted,boundary-asserted; observed-request-only,tests/security-audit-matrix.test.ts; tests/security-audit-matrix.test.ts:116:37; tests/security-audit-matrix.test.ts:89:36,"authentication boundary: HTTP 401; assertion passed | Request observed in completed test suite; assertion and purpose not inferred: HTTP status counts {""401"": 2, ""403"": 1}","Disposable Fastify injection; missing resource IDs exercise global hooks, not resource ownership or valid payload processing. | May be fixture setup, valid feature/control or malformed request. Preload actor is best-effort at request start; share-bearer paths, revoked cookies and helper/network calls are not reliably classified. No payloads, credentials, fixture usernames or concrete token paths are exported."
HEAD,/api/admin/usage,admin,api.admin.usage,forged-session,boundary-asserted,boundary-asserted,tests/security-audit-matrix.test.ts,authentication boundary: HTTP 401; assertion passed,"Disposable Fastify injection; missing resource IDs exercise global hooks, not resource ownership or valid payload processing."
HEAD,/api/admin/usage,admin,api.admin.usage,ordinary-member,boundary-asserted,boundary-asserted; observed-request-only,tests/security-audit-matrix.test.ts; tests/security-audit-matrix.test.ts:94:38,"administrator boundary: HTTP 403; assertion passed | Request observed in completed test suite; assertion and purpose not inferred: HTTP status counts {""403"": 1}","Disposable Fastify injection; missing resource IDs exercise global hooks, not resource ownership or valid payload processing. | May be fixture setup, valid feature/control or malformed request. Preload actor is best-effort at request start; share-bearer paths, revoked cookies and helper/network calls are not reliably classified. No payloads, credentials, fixture usernames or concrete token paths are exported."
HEAD,/api/admin/usage,admin,api.admin.usage,other-member,not-checked,not-checked,,No attributed endpoint/actor evidence: Not checked,No claim of runtime testing or source review for this cell; may be outside intended authority.
HEAD,/api/admin/usage,admin,api.admin.usage,administrator,not-checked,not-checked,,No attributed endpoint/actor evidence: Not checked,No claim of runtime testing or source review for this cell; may be outside intended authority.
HEAD,/api/admin/usage,admin,api.admin.usage,share-holder,boundary-asserted,boundary-asserted; observed-request-only,tests/security-audit-matrix.test.ts; tests/security-audit-matrix.test.ts:89:36,"authentication boundary: HTTP 401; assertion passed | Request observed in completed test suite; assertion and purpose not inferred: HTTP status counts {""401"": 1}","Disposable Fastify injection; missing resource IDs exercise global hooks, not resource ownership or valid payload processing. | May be fixture setup, valid feature/control or malformed request. Preload actor is best-effort at request start; share-bearer paths, revoked cookies and helper/network calls are not reliably classified. No payloads, credentials, fixture usernames or concrete token paths are exported."
HEAD,/api/admin/usage,admin,api.admin.usage,request-guest,boundary-asserted,boundary-asserted; observed-request-only,tests/security-audit-matrix.test.ts; tests/security-audit-matrix.test.ts:89:36,"authentication boundary: HTTP 401; assertion passed | Request observed in completed test suite; assertion and purpose not inferred: HTTP status counts {""401"": 1}","Disposable Fastify injection; missing resource IDs exercise global hooks, not resource ownership or valid payload processing. | May be fixture setup, valid feature/control or malformed request. Preload actor is best-effort at request start; share-bearer paths, revoked cookies and helper/network calls are not reliably classified. No payloads, credentials, fixture usernames or concrete token paths are exported."
HEAD,/api/admin/usage,admin,api.admin.usage,nearby-guest,boundary-asserted,boundary-asserted; observed-request-only,tests/security-audit-matrix.test.ts; tests/security-audit-matrix.test.ts:89:36,"authentication boundary: HTTP 401; assertion passed | Request observed in completed test suite; assertion and purpose not inferred: HTTP status counts {""401"": 1}","Disposable Fastify injection; missing resource IDs exercise global hooks, not resource ownership or valid payload processing. | May be fixture setup, valid feature/control or malformed request. Preload actor is best-effort at request start; share-bearer paths, revoked cookies and helper/network calls are not reliably classified. No payloads, credentials, fixture usernames or concrete token paths are exported."
HEAD,/api/admin/usage,admin,api.admin.usage,same-network-stranger,boundary-asserted,boundary-asserted; observed-request-only,tests/security-audit-matrix.test.ts; tests/security-audit-matrix.test.ts:89:36,"authentication boundary: HTTP 401; assertion passed | Request observed in completed test suite; assertion and purpose not inferred: HTTP status counts {""401"": 1}","Disposable Fastify injection; missing resource IDs exercise global hooks, not resource ownership or valid payload processing. | May be fixture setup, valid feature/control or malformed request. Preload actor is best-effort at request start; share-bearer paths, revoked cookies and helper/network calls are not reliably classified. No payloads, credentials, fixture usernames or concrete token paths are exported."
HEAD,/api/admin/usage,admin,api.admin.usage,cross-site-browser,not-checked,not-checked,,No attributed endpoint/actor evidence: Not checked,No claim of runtime testing or source review for this cell; may be outside intended authority.
HEAD,/api/admin/usage,admin,api.admin.usage,session-without-csrf,not-checked,not-checked,,No attributed endpoint/actor evidence: Not checked,No claim of runtime testing or source review for this cell; may be outside intended authority.
HEAD,/api/admin/usage,admin,api.admin.usage,rebound-host,boundary-asserted,boundary-asserted,tests/security-audit-matrix.test.ts,Host validation: HTTP 403; assertion passed,"Disposable Fastify injection; missing resource IDs exercise global hooks, not resource ownership or valid payload processing."
HEAD,/api/admin/usage,admin,api.admin.usage,revoked-member,not-checked,not-checked,,No attributed endpoint/actor evidence: Not checked,No claim of runtime testing or source review for this cell; may be outside intended authority.
HEAD,/api/admin/usage,admin,api.admin.usage,authentication-bearer,not-checked,not-checked,,No attributed endpoint/actor evidence: Not checked,No claim of runtime testing or source review for this cell; may be outside intended authority.
HEAD,/api/admin/usage,admin,api.admin.usage,local-helper,not-checked,not-checked,,No attributed endpoint/actor evidence: Not checked,No claim of runtime testing or source review for this cell; may be outside intended authority.
GET,/api/login-codes,member,api.loginCodes.list,anonymous,boundary-asserted,boundary-asserted; observed-request-only,tests/security-audit-auth-direct.test.ts:36:17; tests/security-audit-matrix.test.ts:116:37; tests/security-audit-matrix.test.ts:89:36; tests/security-audit-matrix.test.ts,"authentication boundary: HTTP 401; assertion passed | Request observed in completed test suite; assertion and purpose not inferred: HTTP status counts {""401"": 3, ""403"": 1}","Disposable Fastify injection; missing resource IDs exercise global hooks, not resource ownership or valid payload processing. | May be fixture setup, valid feature/control or malformed request. Preload actor is best-effort at request start; share-bearer paths, revoked cookies and helper/network calls are not reliably classified. No payloads, credentials, fixture usernames or concrete token paths are exported."
GET,/api/login-codes,member,api.loginCodes.list,forged-session,boundary-asserted,boundary-asserted,tests/security-audit-matrix.test.ts,authentication boundary: HTTP 401; assertion passed,"Disposable Fastify injection; missing resource IDs exercise global hooks, not resource ownership or valid payload processing."
GET,/api/login-codes,member,api.loginCodes.list,ordinary-member,security-property-asserted,security-property-asserted; observed-request-only,tests/auth.test.ts:309:32; tests/auth.test.ts:321:34; tests/auth.test.ts:380:20; tests/auth.test.ts:321; tests/auth.test.ts:377,"Consumed code no longer appears in the issuer's active capability list: Active list empty after redemption | Issuing a replacement code invalidates the previous code and lists only the replacement: Old redemption 410; active list contains only second ID | Request observed in completed test suite; assertion and purpose not inferred: HTTP status counts {""200"": 3}","Disposable test instance; this assertion covers the named scenario only. | May be fixture setup, valid feature/control or malformed request. Preload actor is best-effort at request start; share-bearer paths, revoked cookies and helper/network calls are not reliably classified. No payloads, credentials, fixture usernames or concrete token paths are exported."
GET,/api/login-codes,member,api.loginCodes.list,other-member,not-checked,not-checked,,No attributed endpoint/actor evidence: Not checked,No claim of runtime testing or source review for this cell; may be outside intended authority.
GET,/api/login-codes,member,api.loginCodes.list,administrator,not-checked,not-checked,,No attributed endpoint/actor evidence: Not checked,No claim of runtime testing or source review for this cell; may be outside intended authority.
GET,/api/login-codes,member,api.loginCodes.list,share-holder,boundary-asserted,boundary-asserted; observed-request-only,tests/security-audit-matrix.test.ts; tests/security-audit-matrix.test.ts:89:36,"authentication boundary: HTTP 401; assertion passed | Request observed in completed test suite; assertion and purpose not inferred: HTTP status counts {""401"": 1}","Disposable Fastify injection; missing resource IDs exercise global hooks, not resource ownership or valid payload processing. | May be fixture setup, valid feature/control or malformed request. Preload actor is best-effort at request start; share-bearer paths, revoked cookies and helper/network calls are not reliably classified. No payloads, credentials, fixture usernames or concrete token paths are exported."
GET,/api/login-codes,member,api.loginCodes.list,request-guest,boundary-asserted,boundary-asserted; observed-request-only,tests/security-audit-matrix.test.ts; tests/security-audit-matrix.test.ts:89:36,"authentication boundary: HTTP 401; assertion passed | Request observed in completed test suite; assertion and purpose not inferred: HTTP status counts {""401"": 1}","Disposable Fastify injection; missing resource IDs exercise global hooks, not resource ownership or valid payload processing. | May be fixture setup, valid feature/control or malformed request. Preload actor is best-effort at request start; share-bearer paths, revoked cookies and helper/network calls are not reliably classified. No payloads, credentials, fixture usernames or concrete token paths are exported."
GET,/api/login-codes,member,api.loginCodes.list,nearby-guest,boundary-asserted,boundary-asserted; observed-request-only,tests/security-audit-matrix.test.ts; tests/security-audit-matrix.test.ts:89:36,"authentication boundary: HTTP 401; assertion passed | Request observed in completed test suite; assertion and purpose not inferred: HTTP status counts {""401"": 1}","Disposable Fastify injection; missing resource IDs exercise global hooks, not resource ownership or valid payload processing. | May be fixture setup, valid feature/control or malformed request. Preload actor is best-effort at request start; share-bearer paths, revoked cookies and helper/network calls are not reliably classified. No payloads, credentials, fixture usernames or concrete token paths are exported."
GET,/api/login-codes,member,api.loginCodes.list,same-network-stranger,boundary-asserted,boundary-asserted; observed-request-only,tests/security-audit-matrix.test.ts; tests/security-audit-matrix.test.ts:89:36,"authentication boundary: HTTP 401; assertion passed | Request observed in completed test suite; assertion and purpose not inferred: HTTP status counts {""401"": 1}","Disposable Fastify injection; missing resource IDs exercise global hooks, not resource ownership or valid payload processing. | May be fixture setup, valid feature/control or malformed request. Preload actor is best-effort at request start; share-bearer paths, revoked cookies and helper/network calls are not reliably classified. No payloads, credentials, fixture usernames or concrete token paths are exported."
GET,/api/login-codes,member,api.loginCodes.list,cross-site-browser,not-checked,not-checked,,No attributed endpoint/actor evidence: Not checked,No claim of runtime testing or source review for this cell; may be outside intended authority.
GET,/api/login-codes,member,api.loginCodes.list,session-without-csrf,not-checked,not-checked,,No attributed endpoint/actor evidence: Not checked,No claim of runtime testing or source review for this cell; may be outside intended authority.
GET,/api/login-codes,member,api.loginCodes.list,rebound-host,boundary-asserted,boundary-asserted,tests/security-audit-matrix.test.ts,Host validation: HTTP 403; assertion passed,"Disposable Fastify injection; missing resource IDs exercise global hooks, not resource ownership or valid payload processing."
GET,/api/login-codes,member,api.loginCodes.list,revoked-member,not-checked,not-checked,,No attributed endpoint/actor evidence: Not checked,No claim of runtime testing or source review for this cell; may be outside intended authority.
GET,/api/login-codes,member,api.loginCodes.list,authentication-bearer,not-checked,not-checked,,No attributed endpoint/actor evidence: Not checked,No claim of runtime testing or source review for this cell; may be outside intended authority.
GET,/api/login-codes,member,api.loginCodes.list,local-helper,not-checked,not-checked,,No attributed endpoint/actor evidence: Not checked,No claim of runtime testing or source review for this cell; may be outside intended authority.
HEAD,/api/login-codes,member,api.loginCodes.list,anonymous,boundary-asserted,boundary-asserted; observed-request-only,tests/security-audit-matrix.test.ts; tests/security-audit-matrix.test.ts:116:37; tests/security-audit-matrix.test.ts:89:36,"authentication boundary: HTTP 401; assertion passed | Request observed in completed test suite; assertion and purpose not inferred: HTTP status counts {""401"": 2, ""403"": 1}","Disposable Fastify injection; missing resource IDs exercise global hooks, not resource ownership or valid payload processing. | May be fixture setup, valid feature/control or malformed request. Preload actor is best-effort at request start; share-bearer paths, revoked cookies and helper/network calls are not reliably classified. No payloads, credentials, fixture usernames or concrete token paths are exported."
HEAD,/api/login-codes,member,api.loginCodes.list,forged-session,boundary-asserted,boundary-asserted,tests/security-audit-matrix.test.ts,authentication boundary: HTTP 401; assertion passed,"Disposable Fastify injection; missing resource IDs exercise global hooks, not resource ownership or valid payload processing."
HEAD,/api/login-codes,member,api.loginCodes.list,ordinary-member,not-checked,not-checked,,No attributed endpoint/actor evidence: Not checked,No claim of runtime testing or source review for this cell; may be outside intended authority.
HEAD,/api/login-codes,member,api.loginCodes.list,other-member,not-checked,not-checked,,No attributed endpoint/actor evidence: Not checked,No claim of runtime testing or source review for this cell; may be outside intended authority.
HEAD,/api/login-codes,member,api.loginCodes.list,administrator,not-checked,not-checked,,No attributed endpoint/actor evidence: Not checked,No claim of runtime testing or source review for this cell; may be outside intended authority.
HEAD,/api/login-codes,member,api.loginCodes.list,share-holder,boundary-asserted,boundary-asserted; observed-request-only,tests/security-audit-matrix.test.ts; tests/security-audit-matrix.test.ts:89:36,"authentication boundary: HTTP 401; assertion passed | Request observed in completed test suite; assertion and purpose not inferred: HTTP status counts {""401"": 1}","Disposable Fastify injection; missing resource IDs exercise global hooks, not resource ownership or valid payload processing. | May be fixture setup, valid feature/control or malformed request. Preload actor is best-effort at request start; share-bearer paths, revoked cookies and helper/network calls are not reliably classified. No payloads, credentials, fixture usernames or concrete token paths are exported."
HEAD,/api/login-codes,member,api.loginCodes.list,request-guest,boundary-asserted,boundary-asserted; observed-request-only,tests/security-audit-matrix.test.ts; tests/security-audit-matrix.test.ts:89:36,"authentication boundary: HTTP 401; assertion passed | Request observed in completed test suite; assertion and purpose not inferred: HTTP status counts {""401"": 1}","Disposable Fastify injection; missing resource IDs exercise global hooks, not resource ownership or valid payload processing. | May be fixture setup, valid feature/control or malformed request. Preload actor is best-effort at request start; share-bearer paths, revoked cookies and helper/network calls are not reliably classified. No payloads, credentials, fixture usernames or concrete token paths are exported."
HEAD,/api/login-codes,member,api.loginCodes.list,nearby-guest,boundary-asserted,boundary-asserted; observed-request-only,tests/security-audit-matrix.test.ts; tests/security-audit-matrix.test.ts:89:36,"authentication boundary: HTTP 401; assertion passed | Request observed in completed test suite; assertion and purpose not inferred: HTTP status counts {""401"": 1}","Disposable Fastify injection; missing resource IDs exercise global hooks, not resource ownership or valid payload processing. | May be fixture setup, valid feature/control or malformed request. Preload actor is best-effort at request start; share-bearer paths, revoked cookies and helper/network calls are not reliably classified. No payloads, credentials, fixture usernames or concrete token paths are exported."
HEAD,/api/login-codes,member,api.loginCodes.list,same-network-stranger,boundary-asserted,boundary-asserted; observed-request-only,tests/security-audit-matrix.test.ts; tests/security-audit-matrix.test.ts:89:36,"authentication boundary: HTTP 401; assertion passed | Request observed in completed test suite; assertion and purpose not inferred: HTTP status counts {""401"": 1}","Disposable Fastify injection; missing resource IDs exercise global hooks, not resource ownership or valid payload processing. | May be fixture setup, valid feature/control or malformed request. Preload actor is best-effort at request start; share-bearer paths, revoked cookies and helper/network calls are not reliably classified. No payloads, credentials, fixture usernames or concrete token paths are exported."
HEAD,/api/login-codes,member,api.loginCodes.list,cross-site-browser,not-checked,not-checked,,No attributed endpoint/actor evidence: Not checked,No claim of runtime testing or source review for this cell; may be outside intended authority.
HEAD,/api/login-codes,member,api.loginCodes.list,session-without-csrf,not-checked,not-checked,,No attributed endpoint/actor evidence: Not checked,No claim of runtime testing or source review for this cell; may be outside intended authority.
HEAD,/api/login-codes,member,api.loginCodes.list,rebound-host,boundary-asserted,boundary-asserted,tests/security-audit-matrix.test.ts,Host validation: HTTP 403; assertion passed,"Disposable Fastify injection; missing resource IDs exercise global hooks, not resource ownership or valid payload processing."
HEAD,/api/login-codes,member,api.loginCodes.list,revoked-member,not-checked,not-checked,,No attributed endpoint/actor evidence: Not checked,No claim of runtime testing or source review for this cell; may be outside intended authority.
HEAD,/api/login-codes,member,api.loginCodes.list,authentication-bearer,not-checked,not-checked,,No attributed endpoint/actor evidence: Not checked,No claim of runtime testing or source review for this cell; may be outside intended authority.
HEAD,/api/login-codes,member,api.loginCodes.list,local-helper,not-checked,not-checked,,No attributed endpoint/actor evidence: Not checked,No claim of runtime testing or source review for this cell; may be outside intended authority.
POST,/api/login-codes,member,api.loginCodes.create,anonymous,boundary-asserted,boundary-asserted; observed-request-only,tests/security-audit-auth-direct.test.ts:36:17; tests/security-audit-matrix.test.ts:101:39; tests/security-audit-matrix.test.ts:116:37; tests/security-audit-matrix.test.ts:89:36; tests/security-audit-matrix.test.ts,"authentication boundary: HTTP 401; assertion passed | Request observed in completed test suite; assertion and purpose not inferred: HTTP status counts {""401"": 3, ""403"": 3}","Disposable Fastify injection; missing resource IDs exercise global hooks, not resource ownership or valid payload processing. | May be fixture setup, valid feature/control or malformed request. Preload actor is best-effort at request start; share-bearer paths, revoked cookies and helper/network calls are not reliably classified. No payloads, credentials, fixture usernames or concrete token paths are exported."
POST,/api/login-codes,member,api.loginCodes.create,forged-session,boundary-asserted,boundary-asserted,tests/security-audit-matrix.test.ts,authentication boundary: HTTP 401; assertion passed,"Disposable Fastify injection; missing resource IDs exercise global hooks, not resource ownership or valid payload processing."
POST,/api/login-codes,member,api.loginCodes.create,ordinary-member,security-property-asserted,security-property-asserted; observed-request-only,tests/auth.test.ts:204:40; tests/auth.test.ts:279:31; tests/auth.test.ts:376:31; tests/auth.test.ts:377:32; tests/auth.test.ts:387:31; tests/auth.test.ts:403:66; tests/auth.test.ts:406:32; tests/auth.test.ts:411:37; tests/auth.test.ts:578:18; tests/security-audit-auth-direct.test.ts:176:29; tests/security-audit-auth-direct.test.ts:205:29; tests/security-audit-auth-direct.test.ts:212:30; tests/security-audit-auth-direct.test.ts:246:33; tests/security-audit-auth-direct.test.ts:264:35; tests/auth.test.ts:377; tests/auth.test.ts:403,"Issuing a replacement code invalidates the previous code and lists only the replacement: Old redemption 410; active list contains only second ID | Login-code issuance is rate limited per account while another account at the same address remains usable: Nine controls 200; tenth 429; other-account control 200 | Request observed in completed test suite; assertion and purpose not inferred: HTTP status counts {""200"": 24, ""429"": 2}","Disposable test instance; this assertion covers the named scenario only. | May be fixture setup, valid feature/control or malformed request. Preload actor is best-effort at request start; share-bearer paths, revoked cookies and helper/network calls are not reliably classified. No payloads, credentials, fixture usernames or concrete token paths are exported."
POST,/api/login-codes,member,api.loginCodes.create,other-member,not-checked,not-checked,,No attributed endpoint/actor evidence: Not checked,No claim of runtime testing or source review for this cell; may be outside intended authority.
POST,/api/login-codes,member,api.loginCodes.create,administrator,not-checked,not-checked,,No attributed endpoint/actor evidence: Not checked,No claim of runtime testing or source review for this cell; may be outside intended authority.
POST,/api/login-codes,member,api.loginCodes.create,share-holder,boundary-asserted,boundary-asserted; observed-request-only,tests/security-audit-matrix.test.ts; tests/security-audit-matrix.test.ts:89:36,"authentication boundary: HTTP 401; assertion passed | Request observed in completed test suite; assertion and purpose not inferred: HTTP status counts {""401"": 1}","Disposable Fastify injection; missing resource IDs exercise global hooks, not resource ownership or valid payload processing. | May be fixture setup, valid feature/control or malformed request. Preload actor is best-effort at request start; share-bearer paths, revoked cookies and helper/network calls are not reliably classified. No payloads, credentials, fixture usernames or concrete token paths are exported."
POST,/api/login-codes,member,api.loginCodes.create,request-guest,boundary-asserted,boundary-asserted; observed-request-only,tests/security-audit-matrix.test.ts; tests/security-audit-matrix.test.ts:89:36,"authentication boundary: HTTP 403; assertion passed | Request observed in completed test suite; assertion and purpose not inferred: HTTP status counts {""403"": 1}","Disposable Fastify injection; missing resource IDs exercise global hooks, not resource ownership or valid payload processing. | May be fixture setup, valid feature/control or malformed request. Preload actor is best-effort at request start; share-bearer paths, revoked cookies and helper/network calls are not reliably classified. No payloads, credentials, fixture usernames or concrete token paths are exported."
POST,/api/login-codes,member,api.loginCodes.create,nearby-guest,boundary-asserted,boundary-asserted; observed-request-only,tests/security-audit-matrix.test.ts; tests/security-audit-matrix.test.ts:89:36,"authentication boundary: HTTP 401; assertion passed | Request observed in completed test suite; assertion and purpose not inferred: HTTP status counts {""401"": 1}","Disposable Fastify injection; missing resource IDs exercise global hooks, not resource ownership or valid payload processing. | May be fixture setup, valid feature/control or malformed request. Preload actor is best-effort at request start; share-bearer paths, revoked cookies and helper/network calls are not reliably classified. No payloads, credentials, fixture usernames or concrete token paths are exported."
POST,/api/login-codes,member,api.loginCodes.create,same-network-stranger,boundary-asserted,boundary-asserted; observed-request-only,tests/security-audit-matrix.test.ts; tests/security-audit-matrix.test.ts:89:36,"authentication boundary: HTTP 401; assertion passed | Request observed in completed test suite; assertion and purpose not inferred: HTTP status counts {""401"": 1}","Disposable Fastify injection; missing resource IDs exercise global hooks, not resource ownership or valid payload processing. | May be fixture setup, valid feature/control or malformed request. Preload actor is best-effort at request start; share-bearer paths, revoked cookies and helper/network calls are not reliably classified. No payloads, credentials, fixture usernames or concrete token paths are exported."
POST,/api/login-codes,member,api.loginCodes.create,cross-site-browser,boundary-asserted,boundary-asserted,tests/security-audit-matrix.test.ts,origin: HTTP 403; assertion passed | sec-fetch-site: HTTP 403; assertion passed,"Disposable Fastify injection; missing resource IDs exercise global hooks, not resource ownership or valid payload processing."
POST,/api/login-codes,member,api.loginCodes.create,session-without-csrf,boundary-asserted,boundary-asserted,tests/security-audit-matrix.test.ts,CSRF token: HTTP 403; assertion passed,"Disposable Fastify injection; missing resource IDs exercise global hooks, not resource ownership or valid payload processing."
POST,/api/login-codes,member,api.loginCodes.create,rebound-host,boundary-asserted,boundary-asserted,tests/security-audit-matrix.test.ts,Host validation: HTTP 403; assertion passed,"Disposable Fastify injection; missing resource IDs exercise global hooks, not resource ownership or valid payload processing."
POST,/api/login-codes,member,api.loginCodes.create,revoked-member,not-checked,not-checked,,No attributed endpoint/actor evidence: Not checked,No claim of runtime testing or source review for this cell; may be outside intended authority.
POST,/api/login-codes,member,api.loginCodes.create,authentication-bearer,not-checked,not-checked,,No attributed endpoint/actor evidence: Not checked,No claim of runtime testing or source review for this cell; may be outside intended authority.
POST,/api/login-codes,member,api.loginCodes.create,local-helper,not-checked,not-checked,,No attributed endpoint/actor evidence: Not checked,No claim of runtime testing or source review for this cell; may be outside intended authority.
DELETE,/api/login-codes/:id,member,api.loginCodes.revoke,anonymous,boundary-asserted,boundary-asserted; observed-request-only,tests/security-audit-auth-direct.test.ts:36:17; tests/security-audit-matrix.test.ts:101:39; tests/security-audit-matrix.test.ts:116:37; tests/security-audit-matrix.test.ts:89:36; tests/security-audit-matrix.test.ts,"authentication boundary: HTTP 401; assertion passed | Request observed in completed test suite; assertion and purpose not inferred: HTTP status counts {""401"": 3, ""403"": 3}","Disposable Fastify injection; missing resource IDs exercise global hooks, not resource ownership or valid payload processing. | May be fixture setup, valid feature/control or malformed request. Preload actor is best-effort at request start; share-bearer paths, revoked cookies and helper/network calls are not reliably classified. No payloads, credentials, fixture usernames or concrete token paths are exported."
DELETE,/api/login-codes/:id,member,api.loginCodes.revoke,forged-session,boundary-asserted,boundary-asserted,tests/security-audit-matrix.test.ts,authentication boundary: HTTP 401; assertion passed,"Disposable Fastify injection; missing resource IDs exercise global hooks, not resource ownership or valid payload processing."
DELETE,/api/login-codes/:id,member,api.loginCodes.revoke,ordinary-member,security-property-asserted,security-property-asserted; observed-request-only,tests/auth.test.ts:384:17; tests/auth.test.ts:388:37; tests/security-audit-auth-direct.test.ts:206:16; tests/security-audit-auth-direct.test.ts:36:17; tests/auth.test.ts:390,"Own signout/revocation removes bound numeric admission authority: Old code redemption 410; signout removes bound code row | Request observed in completed test suite; assertion and purpose not inferred: HTTP status counts {""200"": 2, ""404"": 2}","Disposable test instance; this assertion covers the named scenario only. | May be fixture setup, valid feature/control or malformed request. Preload actor is best-effort at request start; share-bearer paths, revoked cookies and helper/network calls are not reliably classified. No payloads, credentials, fixture usernames or concrete token paths are exported."
DELETE,/api/login-codes/:id,member,api.loginCodes.revoke,other-member,boundary-asserted,boundary-asserted,tests/security-audit-auth-direct.test.ts:177,Foreign login-code/device identifiers do not grant ownership: 404 or 200 state=gone,Disposable test instance; this assertion covers the named scenario only.
DELETE,/api/login-codes/:id,member,api.loginCodes.revoke,administrator,not-checked,not-checked,,No attributed endpoint/actor evidence: Not checked,No claim of runtime testing or source review for this cell; may be outside intended authority.
DELETE,/api/login-codes/:id,member,api.loginCodes.revoke,share-holder,boundary-asserted,boundary-asserted; observed-request-only,tests/security-audit-matrix.test.ts; tests/security-audit-matrix.test.ts:89:36,"authentication boundary: HTTP 401; assertion passed | Request observed in completed test suite; assertion and purpose not inferred: HTTP status counts {""401"": 1}","Disposable Fastify injection; missing resource IDs exercise global hooks, not resource ownership or valid payload processing. | May be fixture setup, valid feature/control or malformed request. Preload actor is best-effort at request start; share-bearer paths, revoked cookies and helper/network calls are not reliably classified. No payloads, credentials, fixture usernames or concrete token paths are exported."
DELETE,/api/login-codes/:id,member,api.loginCodes.revoke,request-guest,boundary-asserted,boundary-asserted; observed-request-only,tests/security-audit-matrix.test.ts; tests/security-audit-matrix.test.ts:89:36,"authentication boundary: HTTP 403; assertion passed | Request observed in completed test suite; assertion and purpose not inferred: HTTP status counts {""403"": 1}","Disposable Fastify injection; missing resource IDs exercise global hooks, not resource ownership or valid payload processing. | May be fixture setup, valid feature/control or malformed request. Preload actor is best-effort at request start; share-bearer paths, revoked cookies and helper/network calls are not reliably classified. No payloads, credentials, fixture usernames or concrete token paths are exported."
DELETE,/api/login-codes/:id,member,api.loginCodes.revoke,nearby-guest,boundary-asserted,boundary-asserted; observed-request-only,tests/security-audit-matrix.test.ts; tests/security-audit-matrix.test.ts:89:36,"authentication boundary: HTTP 401; assertion passed | Request observed in completed test suite; assertion and purpose not inferred: HTTP status counts {""401"": 1}","Disposable Fastify injection; missing resource IDs exercise global hooks, not resource ownership or valid payload processing. | May be fixture setup, valid feature/control or malformed request. Preload actor is best-effort at request start; share-bearer paths, revoked cookies and helper/network calls are not reliably classified. No payloads, credentials, fixture usernames or concrete token paths are exported."
DELETE,/api/login-codes/:id,member,api.loginCodes.revoke,same-network-stranger,boundary-asserted,boundary-asserted; observed-request-only,tests/security-audit-matrix.test.ts; tests/security-audit-matrix.test.ts:89:36,"authentication boundary: HTTP 401; assertion passed | Request observed in completed test suite; assertion and purpose not inferred: HTTP status counts {""401"": 1}","Disposable Fastify injection; missing resource IDs exercise global hooks, not resource ownership or valid payload processing. | May be fixture setup, valid feature/control or malformed request. Preload actor is best-effort at request start; share-bearer paths, revoked cookies and helper/network calls are not reliably classified. No payloads, credentials, fixture usernames or concrete token paths are exported."
DELETE,/api/login-codes/:id,member,api.loginCodes.revoke,cross-site-browser,boundary-asserted,boundary-asserted,tests/security-audit-matrix.test.ts,origin: HTTP 403; assertion passed | sec-fetch-site: HTTP 403; assertion passed,"Disposable Fastify injection; missing resource IDs exercise global hooks, not resource ownership or valid payload processing."
DELETE,/api/login-codes/:id,member,api.loginCodes.revoke,session-without-csrf,boundary-asserted,boundary-asserted,tests/security-audit-matrix.test.ts,CSRF token: HTTP 403; assertion passed,"Disposable Fastify injection; missing resource IDs exercise global hooks, not resource ownership or valid payload processing."
DELETE,/api/login-codes/:id,member,api.loginCodes.revoke,rebound-host,boundary-asserted,boundary-asserted,tests/security-audit-matrix.test.ts,Host validation: HTTP 403; assertion passed,"Disposable Fastify injection; missing resource IDs exercise global hooks, not resource ownership or valid payload processing."
DELETE,/api/login-codes/:id,member,api.loginCodes.revoke,revoked-member,not-checked,not-checked,,No attributed endpoint/actor evidence: Not checked,No claim of runtime testing or source review for this cell; may be outside intended authority.
DELETE,/api/login-codes/:id,member,api.loginCodes.revoke,authentication-bearer,not-checked,not-checked,,No attributed endpoint/actor evidence: Not checked,No claim of runtime testing or source review for this cell; may be outside intended authority.
DELETE,/api/login-codes/:id,member,api.loginCodes.revoke,local-helper,not-checked,not-checked,,No attributed endpoint/actor evidence: Not checked,No claim of runtime testing or source review for this cell; may be outside intended authority.
GET,/api/login-codes/:id/status,member,api.loginCodes.status,anonymous,boundary-asserted,boundary-asserted; observed-request-only,tests/security-audit-auth-direct.test.ts:36:17; tests/security-audit-matrix.test.ts:116:37; tests/security-audit-matrix.test.ts:89:36; tests/security-audit-matrix.test.ts,"authentication boundary: HTTP 401; assertion passed | Request observed in completed test suite; assertion and purpose not inferred: HTTP status counts {""401"": 3, ""403"": 1}","Disposable Fastify injection; missing resource IDs exercise global hooks, not resource ownership or valid payload processing. | May be fixture setup, valid feature/control or malformed request. Preload actor is best-effort at request start; share-bearer paths, revoked cookies and helper/network calls are not reliably classified. No payloads, credentials, fixture usernames or concrete token paths are exported."
GET,/api/login-codes/:id/status,member,api.loginCodes.status,forged-session,boundary-asserted,boundary-asserted,tests/security-audit-matrix.test.ts,authentication boundary: HTTP 401; assertion passed,"Disposable Fastify injection; missing resource IDs exercise global hooks, not resource ownership or valid payload processing."
GET,/api/login-codes/:id/status,member,api.loginCodes.status,ordinary-member,security-property-asserted,security-property-asserted; observed-request-only,tests/auth.test.ts:337:49; tests/security-audit-auth-direct.test.ts:178:36; tests/auth.test.ts:363,"Expired code no longer reports pending/used capability state: 200 state=gone before cleanup; sweep later removes row | Request observed in completed test suite; assertion and purpose not inferred: HTTP status counts {""200"": 7}","Disposable test instance; this assertion covers the named scenario only. | May be fixture setup, valid feature/control or malformed request. Preload actor is best-effort at request start; share-bearer paths, revoked cookies and helper/network calls are not reliably classified. No payloads, credentials, fixture usernames or concrete token paths are exported."
GET,/api/login-codes/:id/status,member,api.loginCodes.status,other-member,boundary-asserted,boundary-asserted,tests/auth.test.ts:348; tests/security-audit-auth-direct.test.ts:177,Foreign login-code/device identifiers do not grant ownership: 404 or 200 state=gone | Another member cannot learn a code's issuance/use state: 200 state=gone; issuer sees pending then used,Disposable test instance; this assertion covers the named scenario only.
GET,/api/login-codes/:id/status,member,api.loginCodes.status,administrator,not-checked,not-checked,,No attributed endpoint/actor evidence: Not checked,No claim of runtime testing or source review for this cell; may be outside intended authority.
GET,/api/login-codes/:id/status,member,api.loginCodes.status,share-holder,boundary-asserted,boundary-asserted; observed-request-only,tests/security-audit-matrix.test.ts; tests/security-audit-matrix.test.ts:89:36,"authentication boundary: HTTP 401; assertion passed | Request observed in completed test suite; assertion and purpose not inferred: HTTP status counts {""401"": 1}","Disposable Fastify injection; missing resource IDs exercise global hooks, not resource ownership or valid payload processing. | May be fixture setup, valid feature/control or malformed request. Preload actor is best-effort at request start; share-bearer paths, revoked cookies and helper/network calls are not reliably classified. No payloads, credentials, fixture usernames or concrete token paths are exported."
GET,/api/login-codes/:id/status,member,api.loginCodes.status,request-guest,boundary-asserted,boundary-asserted; observed-request-only,tests/security-audit-matrix.test.ts; tests/security-audit-matrix.test.ts:89:36,"authentication boundary: HTTP 401; assertion passed | Request observed in completed test suite; assertion and purpose not inferred: HTTP status counts {""401"": 1}","Disposable Fastify injection; missing resource IDs exercise global hooks, not resource ownership or valid payload processing. | May be fixture setup, valid feature/control or malformed request. Preload actor is best-effort at request start; share-bearer paths, revoked cookies and helper/network calls are not reliably classified. No payloads, credentials, fixture usernames or concrete token paths are exported."
GET,/api/login-codes/:id/status,member,api.loginCodes.status,nearby-guest,boundary-asserted,boundary-asserted; observed-request-only,tests/security-audit-matrix.test.ts; tests/security-audit-matrix.test.ts:89:36,"authentication boundary: HTTP 401; assertion passed | Request observed in completed test suite; assertion and purpose not inferred: HTTP status counts {""401"": 1}","Disposable Fastify injection; missing resource IDs exercise global hooks, not resource ownership or valid payload processing. | May be fixture setup, valid feature/control or malformed request. Preload actor is best-effort at request start; share-bearer paths, revoked cookies and helper/network calls are not reliably classified. No payloads, credentials, fixture usernames or concrete token paths are exported."
GET,/api/login-codes/:id/status,member,api.loginCodes.status,same-network-stranger,boundary-asserted,boundary-asserted; observed-request-only,tests/security-audit-matrix.test.ts; tests/security-audit-matrix.test.ts:89:36,"authentication boundary: HTTP 401; assertion passed | Request observed in completed test suite; assertion and purpose not inferred: HTTP status counts {""401"": 1}","Disposable Fastify injection; missing resource IDs exercise global hooks, not resource ownership or valid payload processing. | May be fixture setup, valid feature/control or malformed request. Preload actor is best-effort at request start; share-bearer paths, revoked cookies and helper/network calls are not reliably classified. No payloads, credentials, fixture usernames or concrete token paths are exported."
GET,/api/login-codes/:id/status,member,api.loginCodes.status,cross-site-browser,not-checked,not-checked,,No attributed endpoint/actor evidence: Not checked,No claim of runtime testing or source review for this cell; may be outside intended authority.
GET,/api/login-codes/:id/status,member,api.loginCodes.status,session-without-csrf,not-checked,not-checked,,No attributed endpoint/actor evidence: Not checked,No claim of runtime testing or source review for this cell; may be outside intended authority.
GET,/api/login-codes/:id/status,member,api.loginCodes.status,rebound-host,boundary-asserted,boundary-asserted,tests/security-audit-matrix.test.ts,Host validation: HTTP 403; assertion passed,"Disposable Fastify injection; missing resource IDs exercise global hooks, not resource ownership or valid payload processing."
GET,/api/login-codes/:id/status,member,api.loginCodes.status,revoked-member,not-checked,not-checked,,No attributed endpoint/actor evidence: Not checked,No claim of runtime testing or source review for this cell; may be outside intended authority.
GET,/api/login-codes/:id/status,member,api.loginCodes.status,authentication-bearer,not-checked,not-checked,,No attributed endpoint/actor evidence: Not checked,No claim of runtime testing or source review for this cell; may be outside intended authority.
GET,/api/login-codes/:id/status,member,api.loginCodes.status,local-helper,not-checked,not-checked,,No attributed endpoint/actor evidence: Not checked,No claim of runtime testing or source review for this cell; may be outside intended authority.
HEAD,/api/login-codes/:id/status,member,api.loginCodes.status,anonymous,boundary-asserted,boundary-asserted; observed-request-only,tests/security-audit-matrix.test.ts; tests/security-audit-matrix.test.ts:116:37; tests/security-audit-matrix.test.ts:89:36,"authentication boundary: HTTP 401; assertion passed | Request observed in completed test suite; assertion and purpose not inferred: HTTP status counts {""401"": 2, ""403"": 1}","Disposable Fastify injection; missing resource IDs exercise global hooks, not resource ownership or valid payload processing. | May be fixture setup, valid feature/control or malformed request. Preload actor is best-effort at request start; share-bearer paths, revoked cookies and helper/network calls are not reliably classified. No payloads, credentials, fixture usernames or concrete token paths are exported."
HEAD,/api/login-codes/:id/status,member,api.loginCodes.status,forged-session,boundary-asserted,boundary-asserted,tests/security-audit-matrix.test.ts,authentication boundary: HTTP 401; assertion passed,"Disposable Fastify injection; missing resource IDs exercise global hooks, not resource ownership or valid payload processing."
HEAD,/api/login-codes/:id/status,member,api.loginCodes.status,ordinary-member,not-checked,not-checked,,No attributed endpoint/actor evidence: Not checked,No claim of runtime testing or source review for this cell; may be outside intended authority.
HEAD,/api/login-codes/:id/status,member,api.loginCodes.status,other-member,not-checked,not-checked,,No attributed endpoint/actor evidence: Not checked,No claim of runtime testing or source review for this cell; may be outside intended authority.
HEAD,/api/login-codes/:id/status,member,api.loginCodes.status,administrator,not-checked,not-checked,,No attributed endpoint/actor evidence: Not checked,No claim of runtime testing or source review for this cell; may be outside intended authority.
HEAD,/api/login-codes/:id/status,member,api.loginCodes.status,share-holder,boundary-asserted,boundary-asserted; observed-request-only,tests/security-audit-matrix.test.ts; tests/security-audit-matrix.test.ts:89:36,"authentication boundary: HTTP 401; assertion passed | Request observed in completed test suite; assertion and purpose not inferred: HTTP status counts {""401"": 1}","Disposable Fastify injection; missing resource IDs exercise global hooks, not resource ownership or valid payload processing. | May be fixture setup, valid feature/control or malformed request. Preload actor is best-effort at request start; share-bearer paths, revoked cookies and helper/network calls are not reliably classified. No payloads, credentials, fixture usernames or concrete token paths are exported."
HEAD,/api/login-codes/:id/status,member,api.loginCodes.status,request-guest,boundary-asserted,boundary-asserted; observed-request-only,tests/security-audit-matrix.test.ts; tests/security-audit-matrix.test.ts:89:36,"authentication boundary: HTTP 401; assertion passed | Request observed in completed test suite; assertion and purpose not inferred: HTTP status counts {""401"": 1}","Disposable Fastify injection; missing resource IDs exercise global hooks, not resource ownership or valid payload processing. | May be fixture setup, valid feature/control or malformed request. Preload actor is best-effort at request start; share-bearer paths, revoked cookies and helper/network calls are not reliably classified. No payloads, credentials, fixture usernames or concrete token paths are exported."
HEAD,/api/login-codes/:id/status,member,api.loginCodes.status,nearby-guest,boundary-asserted,boundary-asserted; observed-request-only,tests/security-audit-matrix.test.ts; tests/security-audit-matrix.test.ts:89:36,"authentication boundary: HTTP 401; assertion passed | Request observed in completed test suite; assertion and purpose not inferred: HTTP status counts {""401"": 1}","Disposable Fastify injection; missing resource IDs exercise global hooks, not resource ownership or valid payload processing. | May be fixture setup, valid feature/control or malformed request. Preload actor is best-effort at request start; share-bearer paths, revoked cookies and helper/network calls are not reliably classified. No payloads, credentials, fixture usernames or concrete token paths are exported."
HEAD,/api/login-codes/:id/status,member,api.loginCodes.status,same-network-stranger,boundary-asserted,boundary-asserted; observed-request-only,tests/security-audit-matrix.test.ts; tests/security-audit-matrix.test.ts:89:36,"authentication boundary: HTTP 401; assertion passed | Request observed in completed test suite; assertion and purpose not inferred: HTTP status counts {""401"": 1}","Disposable Fastify injection; missing resource IDs exercise global hooks, not resource ownership or valid payload processing. | May be fixture setup, valid feature/control or malformed request. Preload actor is best-effort at request start; share-bearer paths, revoked cookies and helper/network calls are not reliably classified. No payloads, credentials, fixture usernames or concrete token paths are exported."
HEAD,/api/login-codes/:id/status,member,api.loginCodes.status,cross-site-browser,not-checked,not-checked,,No attributed endpoint/actor evidence: Not checked,No claim of runtime testing or source review for this cell; may be outside intended authority.
HEAD,/api/login-codes/:id/status,member,api.loginCodes.status,session-without-csrf,not-checked,not-checked,,No attributed endpoint/actor evidence: Not checked,No claim of runtime testing or source review for this cell; may be outside intended authority.
HEAD,/api/login-codes/:id/status,member,api.loginCodes.status,rebound-host,boundary-asserted,boundary-asserted,tests/security-audit-matrix.test.ts,Host validation: HTTP 403; assertion passed,"Disposable Fastify injection; missing resource IDs exercise global hooks, not resource ownership or valid payload processing."
HEAD,/api/login-codes/:id/status,member,api.loginCodes.status,revoked-member,not-checked,not-checked,,No attributed endpoint/actor evidence: Not checked,No claim of runtime testing or source review for this cell; may be outside intended authority.
HEAD,/api/login-codes/:id/status,member,api.loginCodes.status,authentication-bearer,not-checked,not-checked,,No attributed endpoint/actor evidence: Not checked,No claim of runtime testing or source review for this cell; may be outside intended authority.
HEAD,/api/login-codes/:id/status,member,api.loginCodes.status,local-helper,not-checked,not-checked,,No attributed endpoint/actor evidence: Not checked,No claim of runtime testing or source review for this cell; may be outside intended authority.
POST,/api/local/connect,member,api.local.connect,anonymous,boundary-asserted,boundary-asserted; observed-request-only,tests/local.test.ts:384:57; tests/security-audit-auth-direct.test.ts:36:17; tests/security-audit-matrix.test.ts:101:39; tests/security-audit-matrix.test.ts:116:37; tests/security-audit-matrix.test.ts:89:36; tests/security-audit-matrix.test.ts,"authentication boundary: HTTP 401; assertion passed | Request observed in completed test suite; assertion and purpose not inferred: HTTP status counts {""401"": 4, ""403"": 3}","Disposable Fastify injection; missing resource IDs exercise global hooks, not resource ownership or valid payload processing. | May be fixture setup, valid feature/control or malformed request. Preload actor is best-effort at request start; share-bearer paths, revoked cookies and helper/network calls are not reliably classified. No payloads, credentials, fixture usernames or concrete token paths are exported."
POST,/api/local/connect,member,api.local.connect,forged-session,boundary-asserted,boundary-asserted,tests/security-audit-matrix.test.ts,authentication boundary: HTTP 401; assertion passed,"Disposable Fastify injection; missing resource IDs exercise global hooks, not resource ownership or valid payload processing."
POST,/api/local/connect,member,api.local.connect,ordinary-member,security-property-asserted,security-property-asserted; observed-request-only,tests/local.test.ts:123:18; tests/local.test.ts:192:18; tests/local.test.ts:232:18; tests/local.test.ts:265:18; tests/local.test.ts:341:33; tests/local.test.ts:347:18; tests/local.test.ts:368:33; tests/local.test.ts:374:14; tests/local.test.ts:380:7; tests/local.test.ts:397:18; tests/local.test.ts:373,"Direct connection rejects disabled feature and non-data SDP offer: 404 feature off; 400 audio offer; unavailable helper 503 | Request observed in completed test suite; assertion and purpose not inferred: HTTP status counts {""200"": 6, ""400"": 1, ""404"": 1, ""503"": 2}","Disposable test instance; this assertion covers the named scenario only. | May be fixture setup, valid feature/control or malformed request. Preload actor is best-effort at request start; share-bearer paths, revoked cookies and helper/network calls are not reliably classified. No payloads, credentials, fixture usernames or concrete token paths are exported."
POST,/api/local/connect,member,api.local.connect,other-member,not-checked,not-checked,,No attributed endpoint/actor evidence: Not checked,No claim of runtime testing or source review for this cell; may be outside intended authority.
POST,/api/local/connect,member,api.local.connect,administrator,not-checked,not-checked,,No attributed endpoint/actor evidence: Not checked,No claim of runtime testing or source review for this cell; may be outside intended authority.
POST,/api/local/connect,member,api.local.connect,share-holder,boundary-asserted,boundary-asserted; observed-request-only,tests/security-audit-matrix.test.ts; tests/security-audit-matrix.test.ts:89:36,"authentication boundary: HTTP 401; assertion passed | Request observed in completed test suite; assertion and purpose not inferred: HTTP status counts {""401"": 1}","Disposable Fastify injection; missing resource IDs exercise global hooks, not resource ownership or valid payload processing. | May be fixture setup, valid feature/control or malformed request. Preload actor is best-effort at request start; share-bearer paths, revoked cookies and helper/network calls are not reliably classified. No payloads, credentials, fixture usernames or concrete token paths are exported."
POST,/api/local/connect,member,api.local.connect,request-guest,boundary-asserted,boundary-asserted; observed-request-only,tests/security-audit-matrix.test.ts; tests/security-audit-matrix.test.ts:89:36,"authentication boundary: HTTP 403; assertion passed | Request observed in completed test suite; assertion and purpose not inferred: HTTP status counts {""403"": 1}","Disposable Fastify injection; missing resource IDs exercise global hooks, not resource ownership or valid payload processing. | May be fixture setup, valid feature/control or malformed request. Preload actor is best-effort at request start; share-bearer paths, revoked cookies and helper/network calls are not reliably classified. No payloads, credentials, fixture usernames or concrete token paths are exported."
POST,/api/local/connect,member,api.local.connect,nearby-guest,boundary-asserted,boundary-asserted; observed-request-only,tests/security-audit-matrix.test.ts; tests/security-audit-matrix.test.ts:89:36,"authentication boundary: HTTP 401; assertion passed | Request observed in completed test suite; assertion and purpose not inferred: HTTP status counts {""401"": 1}","Disposable Fastify injection; missing resource IDs exercise global hooks, not resource ownership or valid payload processing. | May be fixture setup, valid feature/control or malformed request. Preload actor is best-effort at request start; share-bearer paths, revoked cookies and helper/network calls are not reliably classified. No payloads, credentials, fixture usernames or concrete token paths are exported."
POST,/api/local/connect,member,api.local.connect,same-network-stranger,boundary-asserted,boundary-asserted; observed-request-only,tests/security-audit-matrix.test.ts; tests/security-audit-matrix.test.ts:89:36,"authentication boundary: HTTP 401; assertion passed | Request observed in completed test suite; assertion and purpose not inferred: HTTP status counts {""401"": 1}","Disposable Fastify injection; missing resource IDs exercise global hooks, not resource ownership or valid payload processing. | May be fixture setup, valid feature/control or malformed request. Preload actor is best-effort at request start; share-bearer paths, revoked cookies and helper/network calls are not reliably classified. No payloads, credentials, fixture usernames or concrete token paths are exported."
POST,/api/local/connect,member,api.local.connect,cross-site-browser,boundary-asserted,boundary-asserted,tests/security-audit-matrix.test.ts,origin: HTTP 403; assertion passed | sec-fetch-site: HTTP 403; assertion passed,"Disposable Fastify injection; missing resource IDs exercise global hooks, not resource ownership or valid payload processing."
POST,/api/local/connect,member,api.local.connect,session-without-csrf,boundary-asserted,boundary-asserted,tests/security-audit-matrix.test.ts,CSRF token: HTTP 403; assertion passed,"Disposable Fastify injection; missing resource IDs exercise global hooks, not resource ownership or valid payload processing."
POST,/api/local/connect,member,api.local.connect,rebound-host,boundary-asserted,boundary-asserted,tests/security-audit-matrix.test.ts,Host validation: HTTP 403; assertion passed,"Disposable Fastify injection; missing resource IDs exercise global hooks, not resource ownership or valid payload processing."
POST,/api/local/connect,member,api.local.connect,revoked-member,not-checked,not-checked,,No attributed endpoint/actor evidence: Not checked,No claim of runtime testing or source review for this cell; may be outside intended authority.
POST,/api/local/connect,member,api.local.connect,authentication-bearer,not-checked,not-checked,,No attributed endpoint/actor evidence: Not checked,No claim of runtime testing or source review for this cell; may be outside intended authority.
POST,/api/local/connect,member,api.local.connect,local-helper,not-checked,not-checked,,No attributed endpoint/actor evidence: Not checked,No claim of runtime testing or source review for this cell; may be outside intended authority.
GET,/api/local/check,member,api.local.check,anonymous,boundary-asserted,boundary-asserted; observed-request-only,tests/security-audit-auth-direct.test.ts:36:17; tests/security-audit-matrix.test.ts:116:37; tests/security-audit-matrix.test.ts:89:36; tests/security-audit-matrix.test.ts,"authentication boundary: HTTP 401; assertion passed | Request observed in completed test suite; assertion and purpose not inferred: HTTP status counts {""401"": 3, ""403"": 1}","Disposable Fastify injection; missing resource IDs exercise global hooks, not resource ownership or valid payload processing. | May be fixture setup, valid feature/control or malformed request. Preload actor is best-effort at request start; share-bearer paths, revoked cookies and helper/network calls are not reliably classified. No payloads, credentials, fixture usernames or concrete token paths are exported."
GET,/api/local/check,member,api.local.check,forged-session,boundary-asserted,boundary-asserted,tests/security-audit-matrix.test.ts,authentication boundary: HTTP 401; assertion passed,"Disposable Fastify injection; missing resource IDs exercise global hooks, not resource ownership or valid payload processing."
GET,/api/local/check,member,api.local.check,ordinary-member,boundary-asserted,boundary-asserted; observed-request-only,tests/local.test.ts:321:33; tests/security-audit-auth-direct.test.ts:539:35; tests/security-audit-auth-direct.test.ts:536,"Browser cannot forge Direct identity using helper header: 404 | Request observed in completed test suite; assertion and purpose not inferred: HTTP status counts {""404"": 2}","Disposable test instance; this assertion covers the named scenario only. | May be fixture setup, valid feature/control or malformed request. Preload actor is best-effort at request start; share-bearer paths, revoked cookies and helper/network calls are not reliably classified. No payloads, credentials, fixture usernames or concrete token paths are exported."
GET,/api/local/check,member,api.local.check,other-member,not-checked,not-checked,,No attributed endpoint/actor evidence: Not checked,No claim of runtime testing or source review for this cell; may be outside intended authority.
GET,/api/local/check,member,api.local.check,administrator,not-checked,not-checked,,No attributed endpoint/actor evidence: Not checked,No claim of runtime testing or source review for this cell; may be outside intended authority.
GET,/api/local/check,member,api.local.check,share-holder,boundary-asserted,boundary-asserted; observed-request-only,tests/security-audit-matrix.test.ts; tests/security-audit-matrix.test.ts:89:36,"authentication boundary: HTTP 401; assertion passed | Request observed in completed test suite; assertion and purpose not inferred: HTTP status counts {""401"": 1}","Disposable Fastify injection; missing resource IDs exercise global hooks, not resource ownership or valid payload processing. | May be fixture setup, valid feature/control or malformed request. Preload actor is best-effort at request start; share-bearer paths, revoked cookies and helper/network calls are not reliably classified. No payloads, credentials, fixture usernames or concrete token paths are exported."
GET,/api/local/check,member,api.local.check,request-guest,boundary-asserted,boundary-asserted; observed-request-only,tests/security-audit-matrix.test.ts; tests/security-audit-matrix.test.ts:89:36,"authentication boundary: HTTP 401; assertion passed | Request observed in completed test suite; assertion and purpose not inferred: HTTP status counts {""401"": 1}","Disposable Fastify injection; missing resource IDs exercise global hooks, not resource ownership or valid payload processing. | May be fixture setup, valid feature/control or malformed request. Preload actor is best-effort at request start; share-bearer paths, revoked cookies and helper/network calls are not reliably classified. No payloads, credentials, fixture usernames or concrete token paths are exported."
GET,/api/local/check,member,api.local.check,nearby-guest,boundary-asserted,boundary-asserted; observed-request-only,tests/security-audit-matrix.test.ts; tests/security-audit-matrix.test.ts:89:36,"authentication boundary: HTTP 401; assertion passed | Request observed in completed test suite; assertion and purpose not inferred: HTTP status counts {""401"": 1}","Disposable Fastify injection; missing resource IDs exercise global hooks, not resource ownership or valid payload processing. | May be fixture setup, valid feature/control or malformed request. Preload actor is best-effort at request start; share-bearer paths, revoked cookies and helper/network calls are not reliably classified. No payloads, credentials, fixture usernames or concrete token paths are exported."
GET,/api/local/check,member,api.local.check,same-network-stranger,boundary-asserted,boundary-asserted; observed-request-only,tests/security-audit-matrix.test.ts; tests/security-audit-matrix.test.ts:89:36,"authentication boundary: HTTP 401; assertion passed | Request observed in completed test suite; assertion and purpose not inferred: HTTP status counts {""401"": 1}","Disposable Fastify injection; missing resource IDs exercise global hooks, not resource ownership or valid payload processing. | May be fixture setup, valid feature/control or malformed request. Preload actor is best-effort at request start; share-bearer paths, revoked cookies and helper/network calls are not reliably classified. No payloads, credentials, fixture usernames or concrete token paths are exported."
GET,/api/local/check,member,api.local.check,cross-site-browser,not-checked,not-checked,,No attributed endpoint/actor evidence: Not checked,No claim of runtime testing or source review for this cell; may be outside intended authority.
GET,/api/local/check,member,api.local.check,session-without-csrf,not-checked,not-checked,,No attributed endpoint/actor evidence: Not checked,No claim of runtime testing or source review for this cell; may be outside intended authority.
GET,/api/local/check,member,api.local.check,rebound-host,boundary-asserted,boundary-asserted,tests/security-audit-matrix.test.ts,Host validation: HTTP 403; assertion passed,"Disposable Fastify injection; missing resource IDs exercise global hooks, not resource ownership or valid payload processing."
GET,/api/local/check,member,api.local.check,revoked-member,not-checked,not-checked,,No attributed endpoint/actor evidence: Not checked,No claim of runtime testing or source review for this cell; may be outside intended authority.
GET,/api/local/check,member,api.local.check,authentication-bearer,not-checked,not-checked,,No attributed endpoint/actor evidence: Not checked,No claim of runtime testing or source review for this cell; may be outside intended authority.
GET,/api/local/check,member,api.local.check,local-helper,boundary-asserted,boundary-asserted,tests/security-audit-account-lifecycle.test.ts:472; tests/security-audit-auth-direct.test.ts:522,"Real Unix socket requires valid MAC, limits paths/methods, and rejects revoked originating session: 421 missing/tampered token; 404 nonbulk/confused route; 401 revoked; 200 allowed | Local tokens obey originating-session expiry/signout/reset/account disable: 200 before; 401 after",Disposable test instance; this assertion covers the named scenario only. | Only GET /api/local/check is attributed to the runtime route; rejected nonbulk paths are not passing endpoint controls.
HEAD,/api/local/check,member,api.local.check,anonymous,boundary-asserted,boundary-asserted; observed-request-only,tests/security-audit-matrix.test.ts; tests/security-audit-matrix.test.ts:116:37; tests/security-audit-matrix.test.ts:89:36,"authentication boundary: HTTP 401; assertion passed | Request observed in completed test suite; assertion and purpose not inferred: HTTP status counts {""401"": 2, ""403"": 1}","Disposable Fastify injection; missing resource IDs exercise global hooks, not resource ownership or valid payload processing. | May be fixture setup, valid feature/control or malformed request. Preload actor is best-effort at request start; share-bearer paths, revoked cookies and helper/network calls are not reliably classified. No payloads, credentials, fixture usernames or concrete token paths are exported."
HEAD,/api/local/check,member,api.local.check,forged-session,boundary-asserted,boundary-asserted,tests/security-audit-matrix.test.ts,authentication boundary: HTTP 401; assertion passed,"Disposable Fastify injection; missing resource IDs exercise global hooks, not resource ownership or valid payload processing."
HEAD,/api/local/check,member,api.local.check,ordinary-member,not-checked,not-checked,,No attributed endpoint/actor evidence: Not checked,No claim of runtime testing or source review for this cell; may be outside intended authority.
HEAD,/api/local/check,member,api.local.check,other-member,not-checked,not-checked,,No attributed endpoint/actor evidence: Not checked,No claim of runtime testing or source review for this cell; may be outside intended authority.
HEAD,/api/local/check,member,api.local.check,administrator,not-checked,not-checked,,No attributed endpoint/actor evidence: Not checked,No claim of runtime testing or source review for this cell; may be outside intended authority.
HEAD,/api/local/check,member,api.local.check,share-holder,boundary-asserted,boundary-asserted; observed-request-only,tests/security-audit-matrix.test.ts; tests/security-audit-matrix.test.ts:89:36,"authentication boundary: HTTP 401; assertion passed | Request observed in completed test suite; assertion and purpose not inferred: HTTP status counts {""401"": 1}","Disposable Fastify injection; missing resource IDs exercise global hooks, not resource ownership or valid payload processing. | May be fixture setup, valid feature/control or malformed request. Preload actor is best-effort at request start; share-bearer paths, revoked cookies and helper/network calls are not reliably classified. No payloads, credentials, fixture usernames or concrete token paths are exported."
HEAD,/api/local/check,member,api.local.check,request-guest,boundary-asserted,boundary-asserted; observed-request-only,tests/security-audit-matrix.test.ts; tests/security-audit-matrix.test.ts:89:36,"authentication boundary: HTTP 401; assertion passed | Request observed in completed test suite; assertion and purpose not inferred: HTTP status counts {""401"": 1}","Disposable Fastify injection; missing resource IDs exercise global hooks, not resource ownership or valid payload processing. | May be fixture setup, valid feature/control or malformed request. Preload actor is best-effort at request start; share-bearer paths, revoked cookies and helper/network calls are not reliably classified. No payloads, credentials, fixture usernames or concrete token paths are exported."
HEAD,/api/local/check,member,api.local.check,nearby-guest,boundary-asserted,boundary-asserted; observed-request-only,tests/security-audit-matrix.test.ts; tests/security-audit-matrix.test.ts:89:36,"authentication boundary: HTTP 401; assertion passed | Request observed in completed test suite; assertion and purpose not inferred: HTTP status counts {""401"": 1}","Disposable Fastify injection; missing resource IDs exercise global hooks, not resource ownership or valid payload processing. | May be fixture setup, valid feature/control or malformed request. Preload actor is best-effort at request start; share-bearer paths, revoked cookies and helper/network calls are not reliably classified. No payloads, credentials, fixture usernames or concrete token paths are exported."
HEAD,/api/local/check,member,api.local.check,same-network-stranger,boundary-asserted,boundary-asserted; observed-request-only,tests/security-audit-matrix.test.ts; tests/security-audit-matrix.test.ts:89:36,"authentication boundary: HTTP 401; assertion passed | Request observed in completed test suite; assertion and purpose not inferred: HTTP status counts {""401"": 1}","Disposable Fastify injection; missing resource IDs exercise global hooks, not resource ownership or valid payload processing. | May be fixture setup, valid feature/control or malformed request. Preload actor is best-effort at request start; share-bearer paths, revoked cookies and helper/network calls are not reliably classified. No payloads, credentials, fixture usernames or concrete token paths are exported."
HEAD,/api/local/check,member,api.local.check,cross-site-browser,not-checked,not-checked,,No attributed endpoint/actor evidence: Not checked,No claim of runtime testing or source review for this cell; may be outside intended authority.
HEAD,/api/local/check,member,api.local.check,session-without-csrf,not-checked,not-checked,,No attributed endpoint/actor evidence: Not checked,No claim of runtime testing or source review for this cell; may be outside intended authority.
HEAD,/api/local/check,member,api.local.check,rebound-host,boundary-asserted,boundary-asserted,tests/security-audit-matrix.test.ts,Host validation: HTTP 403; assertion passed,"Disposable Fastify injection; missing resource IDs exercise global hooks, not resource ownership or valid payload processing."
HEAD,/api/local/check,member,api.local.check,revoked-member,not-checked,not-checked,,No attributed endpoint/actor evidence: Not checked,No claim of runtime testing or source review for this cell; may be outside intended authority.
HEAD,/api/local/check,member,api.local.check,authentication-bearer,not-checked,not-checked,,No attributed endpoint/actor evidence: Not checked,No claim of runtime testing or source review for this cell; may be outside intended authority.
HEAD,/api/local/check,member,api.local.check,local-helper,not-checked,not-checked,,No attributed endpoint/actor evidence: Not checked,No claim of runtime testing or source review for this cell; may be outside intended authority.
GET,/api/links,member,api.links.list,anonymous,boundary-asserted,boundary-asserted; observed-request-only,tests/security-audit-matrix.test.ts; tests/security-audit-matrix.test.ts:116:37; tests/security-audit-matrix.test.ts:89:36,"authentication boundary: HTTP 401; assertion passed | Request observed in completed test suite; assertion and purpose not inferred: HTTP status counts {""401"": 2, ""403"": 1}","Disposable Fastify injection; missing resource IDs exercise global hooks, not resource ownership or valid payload processing. | May be fixture setup, valid feature/control or malformed request. Preload actor is best-effort at request start; share-bearer paths, revoked cookies and helper/network calls are not reliably classified. No payloads, credentials, fixture usernames or concrete token paths are exported."
GET,/api/links,member,api.links.list,forged-session,boundary-asserted,boundary-asserted,tests/security-audit-matrix.test.ts,authentication boundary: HTTP 401; assertion passed,"Disposable Fastify injection; missing resource IDs exercise global hooks, not resource ownership or valid payload processing."
GET,/api/links,member,api.links.list,ordinary-member,observed-request-only,observed-request-only,tests/link-options.test.ts:143:34; tests/link-options.test.ts:157:31; tests/link-options.test.ts:53:31; tests/link-options.test.ts:73:34; tests/links.test.ts:184:31; tests/links.test.ts:194:35; tests/links.test.ts:218:36; tests/links.test.ts:226:36; tests/links.test.ts:254:33; tests/links.test.ts:257:34; tests/links.test.ts:74:32; tests/links.test.ts:92:37,"Request observed in completed test suite; assertion and purpose not inferred: HTTP status counts {""200"": 12}","May be fixture setup, valid feature/control or malformed request. Preload actor is best-effort at request start; share-bearer paths, revoked cookies and helper/network calls are not reliably classified. No payloads, credentials, fixture usernames or concrete token paths are exported."
GET,/api/links,member,api.links.list,other-member,security-property-asserted,security-property-asserted,tests/security-audit-content.test.ts:149,Collection views exclude another member's items and related activity: 200; foreign resources absent,Disposable test instance; this assertion covers the named scenario only.
GET,/api/links,member,api.links.list,administrator,not-checked,not-checked,,No attributed endpoint/actor evidence: Not checked,No claim of runtime testing or source review for this cell; may be outside intended authority.
GET,/api/links,member,api.links.list,share-holder,boundary-asserted,boundary-asserted; observed-request-only,tests/security-audit-matrix.test.ts; tests/security-audit-matrix.test.ts:89:36,"authentication boundary: HTTP 401; assertion passed | Request observed in completed test suite; assertion and purpose not inferred: HTTP status counts {""401"": 1}","Disposable Fastify injection; missing resource IDs exercise global hooks, not resource ownership or valid payload processing. | May be fixture setup, valid feature/control or malformed request. Preload actor is best-effort at request start; share-bearer paths, revoked cookies and helper/network calls are not reliably classified. No payloads, credentials, fixture usernames or concrete token paths are exported."
GET,/api/links,member,api.links.list,request-guest,boundary-asserted,boundary-asserted; observed-request-only,tests/requests.test.ts:266; tests/requests.test.ts:266:42; tests/security-audit-matrix.test.ts:89:36; tests/security-audit-matrix.test.ts,"authentication boundary: HTTP 401; assertion passed | Upload guests cannot read member collections: 401 | Request observed in completed test suite; assertion and purpose not inferred: HTTP status counts {""401"": 3}","Disposable Fastify injection; missing resource IDs exercise global hooks, not resource ownership or valid payload processing. | Disposable test instance; this assertion covers the named scenario only. | May be fixture setup, valid feature/control or malformed request. Preload actor is best-effort at request start; share-bearer paths, revoked cookies and helper/network calls are not reliably classified. No payloads, credentials, fixture usernames or concrete token paths are exported."
GET,/api/links,member,api.links.list,nearby-guest,boundary-asserted,boundary-asserted; observed-request-only,tests/security-audit-matrix.test.ts; tests/security-audit-matrix.test.ts:89:36,"authentication boundary: HTTP 401; assertion passed | Request observed in completed test suite; assertion and purpose not inferred: HTTP status counts {""401"": 1}","Disposable Fastify injection; missing resource IDs exercise global hooks, not resource ownership or valid payload processing. | May be fixture setup, valid feature/control or malformed request. Preload actor is best-effort at request start; share-bearer paths, revoked cookies and helper/network calls are not reliably classified. No payloads, credentials, fixture usernames or concrete token paths are exported."
GET,/api/links,member,api.links.list,same-network-stranger,boundary-asserted,boundary-asserted; observed-request-only,tests/security-audit-matrix.test.ts; tests/security-audit-matrix.test.ts:89:36,"authentication boundary: HTTP 401; assertion passed | Request observed in completed test suite; assertion and purpose not inferred: HTTP status counts {""401"": 1}","Disposable Fastify injection; missing resource IDs exercise global hooks, not resource ownership or valid payload processing. | May be fixture setup, valid feature/control or malformed request. Preload actor is best-effort at request start; share-bearer paths, revoked cookies and helper/network calls are not reliably classified. No payloads, credentials, fixture usernames or concrete token paths are exported."
GET,/api/links,member,api.links.list,cross-site-browser,not-checked,not-checked,,No attributed endpoint/actor evidence: Not checked,No claim of runtime testing or source review for this cell; may be outside intended authority.
GET,/api/links,member,api.links.list,session-without-csrf,not-checked,not-checked,,No attributed endpoint/actor evidence: Not checked,No claim of runtime testing or source review for this cell; may be outside intended authority.
GET,/api/links,member,api.links.list,rebound-host,boundary-asserted,boundary-asserted,tests/security-audit-matrix.test.ts,Host validation: HTTP 403; assertion passed,"Disposable Fastify injection; missing resource IDs exercise global hooks, not resource ownership or valid payload processing."
GET,/api/links,member,api.links.list,revoked-member,not-checked,not-checked,,No attributed endpoint/actor evidence: Not checked,No claim of runtime testing or source review for this cell; may be outside intended authority.
GET,/api/links,member,api.links.list,authentication-bearer,not-checked,not-checked,,No attributed endpoint/actor evidence: Not checked,No claim of runtime testing or source review for this cell; may be outside intended authority.
GET,/api/links,member,api.links.list,local-helper,not-checked,not-checked,,No attributed endpoint/actor evidence: Not checked,No claim of runtime testing or source review for this cell; may be outside intended authority.
HEAD,/api/links,member,api.links.list,anonymous,boundary-asserted,boundary-asserted; observed-request-only,tests/security-audit-matrix.test.ts; tests/security-audit-matrix.test.ts:116:37; tests/security-audit-matrix.test.ts:89:36,"authentication boundary: HTTP 401; assertion passed | Request observed in completed test suite; assertion and purpose not inferred: HTTP status counts {""401"": 2, ""403"": 1}","Disposable Fastify injection; missing resource IDs exercise global hooks, not resource ownership or valid payload processing. | May be fixture setup, valid feature/control or malformed request. Preload actor is best-effort at request start; share-bearer paths, revoked cookies and helper/network calls are not reliably classified. No payloads, credentials, fixture usernames or concrete token paths are exported."
HEAD,/api/links,member,api.links.list,forged-session,boundary-asserted,boundary-asserted,tests/security-audit-matrix.test.ts,authentication boundary: HTTP 401; assertion passed,"Disposable Fastify injection; missing resource IDs exercise global hooks, not resource ownership or valid payload processing."
HEAD,/api/links,member,api.links.list,ordinary-member,not-checked,not-checked,,No attributed endpoint/actor evidence: Not checked,No claim of runtime testing or source review for this cell; may be outside intended authority.
HEAD,/api/links,member,api.links.list,other-member,not-checked,not-checked,,No attributed endpoint/actor evidence: Not checked,No claim of runtime testing or source review for this cell; may be outside intended authority.
HEAD,/api/links,member,api.links.list,administrator,not-checked,not-checked,,No attributed endpoint/actor evidence: Not checked,No claim of runtime testing or source review for this cell; may be outside intended authority.
HEAD,/api/links,member,api.links.list,share-holder,boundary-asserted,boundary-asserted; observed-request-only,tests/security-audit-matrix.test.ts; tests/security-audit-matrix.test.ts:89:36,"authentication boundary: HTTP 401; assertion passed | Request observed in completed test suite; assertion and purpose not inferred: HTTP status counts {""401"": 1}","Disposable Fastify injection; missing resource IDs exercise global hooks, not resource ownership or valid payload processing. | May be fixture setup, valid feature/control or malformed request. Preload actor is best-effort at request start; share-bearer paths, revoked cookies and helper/network calls are not reliably classified. No payloads, credentials, fixture usernames or concrete token paths are exported."
HEAD,/api/links,member,api.links.list,request-guest,boundary-asserted,boundary-asserted; observed-request-only,tests/security-audit-matrix.test.ts; tests/security-audit-matrix.test.ts:89:36,"authentication boundary: HTTP 401; assertion passed | Request observed in completed test suite; assertion and purpose not inferred: HTTP status counts {""401"": 1}","Disposable Fastify injection; missing resource IDs exercise global hooks, not resource ownership or valid payload processing. | May be fixture setup, valid feature/control or malformed request. Preload actor is best-effort at request start; share-bearer paths, revoked cookies and helper/network calls are not reliably classified. No payloads, credentials, fixture usernames or concrete token paths are exported."
HEAD,/api/links,member,api.links.list,nearby-guest,boundary-asserted,boundary-asserted; observed-request-only,tests/security-audit-matrix.test.ts; tests/security-audit-matrix.test.ts:89:36,"authentication boundary: HTTP 401; assertion passed | Request observed in completed test suite; assertion and purpose not inferred: HTTP status counts {""401"": 1}","Disposable Fastify injection; missing resource IDs exercise global hooks, not resource ownership or valid payload processing. | May be fixture setup, valid feature/control or malformed request. Preload actor is best-effort at request start; share-bearer paths, revoked cookies and helper/network calls are not reliably classified. No payloads, credentials, fixture usernames or concrete token paths are exported."
HEAD,/api/links,member,api.links.list,same-network-stranger,boundary-asserted,boundary-asserted; observed-request-only,tests/security-audit-matrix.test.ts; tests/security-audit-matrix.test.ts:89:36,"authentication boundary: HTTP 401; assertion passed | Request observed in completed test suite; assertion and purpose not inferred: HTTP status counts {""401"": 1}","Disposable Fastify injection; missing resource IDs exercise global hooks, not resource ownership or valid payload processing. | May be fixture setup, valid feature/control or malformed request. Preload actor is best-effort at request start; share-bearer paths, revoked cookies and helper/network calls are not reliably classified. No payloads, credentials, fixture usernames or concrete token paths are exported."
HEAD,/api/links,member,api.links.list,cross-site-browser,not-checked,not-checked,,No attributed endpoint/actor evidence: Not checked,No claim of runtime testing or source review for this cell; may be outside intended authority.
HEAD,/api/links,member,api.links.list,session-without-csrf,not-checked,not-checked,,No attributed endpoint/actor evidence: Not checked,No claim of runtime testing or source review for this cell; may be outside intended authority.
HEAD,/api/links,member,api.links.list,rebound-host,boundary-asserted,boundary-asserted,tests/security-audit-matrix.test.ts,Host validation: HTTP 403; assertion passed,"Disposable Fastify injection; missing resource IDs exercise global hooks, not resource ownership or valid payload processing."
HEAD,/api/links,member,api.links.list,revoked-member,not-checked,not-checked,,No attributed endpoint/actor evidence: Not checked,No claim of runtime testing or source review for this cell; may be outside intended authority.
HEAD,/api/links,member,api.links.list,authentication-bearer,not-checked,not-checked,,No attributed endpoint/actor evidence: Not checked,No claim of runtime testing or source review for this cell; may be outside intended authority.
HEAD,/api/links,member,api.links.list,local-helper,not-checked,not-checked,,No attributed endpoint/actor evidence: Not checked,No claim of runtime testing or source review for this cell; may be outside intended authority.
POST,/api/links,member,api.links.create,anonymous,boundary-asserted,boundary-asserted; observed-request-only,tests/security-audit-matrix.test.ts; tests/security-audit-matrix.test.ts:101:39; tests/security-audit-matrix.test.ts:116:37; tests/security-audit-matrix.test.ts:89:36,"authentication boundary: HTTP 401; assertion passed | Request observed in completed test suite; assertion and purpose not inferred: HTTP status counts {""401"": 2, ""403"": 3}","Disposable Fastify injection; missing resource IDs exercise global hooks, not resource ownership or valid payload processing. | May be fixture setup, valid feature/control or malformed request. Preload actor is best-effort at request start; share-bearer paths, revoked cookies and helper/network calls are not reliably classified. No payloads, credentials, fixture usernames or concrete token paths are exported."
POST,/api/links,member,api.links.create,forged-session,boundary-asserted,boundary-asserted,tests/security-audit-matrix.test.ts,authentication boundary: HTTP 401; assertion passed,"Disposable Fastify injection; missing resource IDs exercise global hooks, not resource ownership or valid payload processing."
POST,/api/links,member,api.links.create,ordinary-member,security-property-asserted,security-property-asserted; observed-request-only,tests/library.test.ts:417:31; tests/link-options.test.ts:24:28; tests/links.test.ts:112:26; tests/links.test.ts:210:32; tests/links.test.ts:248:26; tests/links.test.ts:24:28; tests/links.test.ts:260:31; tests/links.test.ts:65:31; tests/links.test.ts:70:26; tests/links.test.ts:87:29; tests/requests.test.ts:197:30; tests/limits.test.ts:123,"Member-provided lifetime settings cannot exceed configured item/share age policy: Indefinite/oversize requests clamp to configured age maxima | Request observed in completed test suite; assertion and purpose not inferred: HTTP status counts {""200"": 19, ""404"": 1, ""409"": 2, ""410"": 1}","Disposable test instance; this assertion covers the named scenario only. | May be fixture setup, valid feature/control or malformed request. Preload actor is best-effort at request start; share-bearer paths, revoked cookies and helper/network calls are not reliably classified. No payloads, credentials, fixture usernames or concrete token paths are exported."
POST,/api/links,member,api.links.create,other-member,boundary-asserted,boundary-asserted,tests/security-audit-content.test.ts:129,"Foreign concrete resource IDs cannot read, mutate, bulk-operate, reuse uploads or close another tab: 404; no secret/hash/filename disclosure; mixed bulk operation leaves own item unchanged",Disposable test instance; this assertion covers the named scenario only.
POST,/api/links,member,api.links.create,administrator,not-checked,not-checked,,No attributed endpoint/actor evidence: Not checked,No claim of runtime testing or source review for this cell; may be outside intended authority.
POST,/api/links,member,api.links.create,share-holder,boundary-asserted,boundary-asserted; observed-request-only,tests/security-audit-matrix.test.ts; tests/security-audit-matrix.test.ts:89:36,"authentication boundary: HTTP 401; assertion passed | Request observed in completed test suite; assertion and purpose not inferred: HTTP status counts {""401"": 1}","Disposable Fastify injection; missing resource IDs exercise global hooks, not resource ownership or valid payload processing. | May be fixture setup, valid feature/control or malformed request. Preload actor is best-effort at request start; share-bearer paths, revoked cookies and helper/network calls are not reliably classified. No payloads, credentials, fixture usernames or concrete token paths are exported."
POST,/api/links,member,api.links.create,request-guest,boundary-asserted,boundary-asserted; observed-request-only,tests/security-audit-matrix.test.ts; tests/security-audit-matrix.test.ts:89:36,"authentication boundary: HTTP 403; assertion passed | Request observed in completed test suite; assertion and purpose not inferred: HTTP status counts {""403"": 1}","Disposable Fastify injection; missing resource IDs exercise global hooks, not resource ownership or valid payload processing. | May be fixture setup, valid feature/control or malformed request. Preload actor is best-effort at request start; share-bearer paths, revoked cookies and helper/network calls are not reliably classified. No payloads, credentials, fixture usernames or concrete token paths are exported."
POST,/api/links,member,api.links.create,nearby-guest,boundary-asserted,boundary-asserted; observed-request-only,tests/security-audit-matrix.test.ts; tests/security-audit-matrix.test.ts:89:36,"authentication boundary: HTTP 401; assertion passed | Request observed in completed test suite; assertion and purpose not inferred: HTTP status counts {""401"": 1}","Disposable Fastify injection; missing resource IDs exercise global hooks, not resource ownership or valid payload processing. | May be fixture setup, valid feature/control or malformed request. Preload actor is best-effort at request start; share-bearer paths, revoked cookies and helper/network calls are not reliably classified. No payloads, credentials, fixture usernames or concrete token paths are exported."
POST,/api/links,member,api.links.create,same-network-stranger,boundary-asserted,boundary-asserted; observed-request-only,tests/security-audit-matrix.test.ts; tests/security-audit-matrix.test.ts:89:36,"authentication boundary: HTTP 401; assertion passed | Request observed in completed test suite; assertion and purpose not inferred: HTTP status counts {""401"": 1}","Disposable Fastify injection; missing resource IDs exercise global hooks, not resource ownership or valid payload processing. | May be fixture setup, valid feature/control or malformed request. Preload actor is best-effort at request start; share-bearer paths, revoked cookies and helper/network calls are not reliably classified. No payloads, credentials, fixture usernames or concrete token paths are exported."
POST,/api/links,member,api.links.create,cross-site-browser,boundary-asserted,boundary-asserted,tests/security-audit-matrix.test.ts,origin: HTTP 403; assertion passed | sec-fetch-site: HTTP 403; assertion passed,"Disposable Fastify injection; missing resource IDs exercise global hooks, not resource ownership or valid payload processing."
POST,/api/links,member,api.links.create,session-without-csrf,boundary-asserted,boundary-asserted,tests/security-audit-matrix.test.ts,CSRF token: HTTP 403; assertion passed,"Disposable Fastify injection; missing resource IDs exercise global hooks, not resource ownership or valid payload processing."
POST,/api/links,member,api.links.create,rebound-host,boundary-asserted,boundary-asserted,tests/security-audit-matrix.test.ts,Host validation: HTTP 403; assertion passed,"Disposable Fastify injection; missing resource IDs exercise global hooks, not resource ownership or valid payload processing."
POST,/api/links,member,api.links.create,revoked-member,not-checked,not-checked,,No attributed endpoint/actor evidence: Not checked,No claim of runtime testing or source review for this cell; may be outside intended authority.
POST,/api/links,member,api.links.create,authentication-bearer,not-checked,not-checked,,No attributed endpoint/actor evidence: Not checked,No claim of runtime testing or source review for this cell; may be outside intended authority.
POST,/api/links,member,api.links.create,local-helper,not-checked,not-checked,,No attributed endpoint/actor evidence: Not checked,No claim of runtime testing or source review for this cell; may be outside intended authority.
PATCH,/api/links/:id,member,api.links.update,anonymous,boundary-asserted,boundary-asserted; observed-request-only,tests/security-audit-matrix.test.ts; tests/security-audit-matrix.test.ts:101:39; tests/security-audit-matrix.test.ts:116:37; tests/security-audit-matrix.test.ts:89:36,"authentication boundary: HTTP 401; assertion passed | Request observed in completed test suite; assertion and purpose not inferred: HTTP status counts {""401"": 2, ""403"": 3}","Disposable Fastify injection; missing resource IDs exercise global hooks, not resource ownership or valid payload processing. | May be fixture setup, valid feature/control or malformed request. Preload actor is best-effort at request start; share-bearer paths, revoked cookies and helper/network calls are not reliably classified. No payloads, credentials, fixture usernames or concrete token paths are exported."
PATCH,/api/links/:id,member,api.links.update,forged-session,boundary-asserted,boundary-asserted,tests/security-audit-matrix.test.ts,authentication boundary: HTTP 401; assertion passed,"Disposable Fastify injection; missing resource IDs exercise global hooks, not resource ownership or valid payload processing."
PATCH,/api/links/:id,member,api.links.update,ordinary-member,security-property-asserted,security-property-asserted; observed-request-only,tests/limits.test.ts:123; tests/link-options.test.ts:120:17; tests/link-options.test.ts:124:33; tests/link-options.test.ts:129:17; tests/link-options.test.ts:154:32; tests/link-options.test.ts:159:30; tests/link-options.test.ts:172:33; tests/link-options.test.ts:203:30; tests/link-options.test.ts:205:33; tests/links.test.ts:174:34; tests/links.test.ts:185:37; tests/links.test.ts:187:26; tests/links.test.ts:197:37; tests/links.test.ts:220:33; tests/links.test.ts:222:33,"Member-provided lifetime settings cannot exceed configured item/share age policy: Indefinite/oversize requests clamp to configured age maxima | Request observed in completed test suite; assertion and purpose not inferred: HTTP status counts {""200"": 11, ""410"": 3}","Disposable test instance; this assertion covers the named scenario only. | May be fixture setup, valid feature/control or malformed request. Preload actor is best-effort at request start; share-bearer paths, revoked cookies and helper/network calls are not reliably classified. No payloads, credentials, fixture usernames or concrete token paths are exported."
PATCH,/api/links/:id,member,api.links.update,other-member,boundary-asserted,boundary-asserted; observed-request-only,tests/links.test.ts:91:40; tests/security-audit-content.test.ts:129,"Foreign concrete resource IDs cannot read, mutate, bulk-operate, reuse uploads or close another tab: 404; no secret/hash/filename disclosure; mixed bulk operation leaves own item unchanged | Request observed in completed test suite; assertion and purpose not inferred: HTTP status counts {""404"": 1}","Disposable test instance; this assertion covers the named scenario only. | May be fixture setup, valid feature/control or malformed request. Preload actor is best-effort at request start; share-bearer paths, revoked cookies and helper/network calls are not reliably classified. No payloads, credentials, fixture usernames or concrete token paths are exported."
PATCH,/api/links/:id,member,api.links.update,administrator,not-checked,not-checked,,No attributed endpoint/actor evidence: Not checked,No claim of runtime testing or source review for this cell; may be outside intended authority.
PATCH,/api/links/:id,member,api.links.update,share-holder,boundary-asserted,boundary-asserted; observed-request-only,tests/security-audit-matrix.test.ts; tests/security-audit-matrix.test.ts:89:36,"authentication boundary: HTTP 401; assertion passed | Request observed in completed test suite; assertion and purpose not inferred: HTTP status counts {""401"": 1}","Disposable Fastify injection; missing resource IDs exercise global hooks, not resource ownership or valid payload processing. | May be fixture setup, valid feature/control or malformed request. Preload actor is best-effort at request start; share-bearer paths, revoked cookies and helper/network calls are not reliably classified. No payloads, credentials, fixture usernames or concrete token paths are exported."
PATCH,/api/links/:id,member,api.links.update,request-guest,boundary-asserted,boundary-asserted; observed-request-only,tests/security-audit-matrix.test.ts; tests/security-audit-matrix.test.ts:89:36,"authentication boundary: HTTP 403; assertion passed | Request observed in completed test suite; assertion and purpose not inferred: HTTP status counts {""403"": 1}","Disposable Fastify injection; missing resource IDs exercise global hooks, not resource ownership or valid payload processing. | May be fixture setup, valid feature/control or malformed request. Preload actor is best-effort at request start; share-bearer paths, revoked cookies and helper/network calls are not reliably classified. No payloads, credentials, fixture usernames or concrete token paths are exported."
PATCH,/api/links/:id,member,api.links.update,nearby-guest,boundary-asserted,boundary-asserted; observed-request-only,tests/security-audit-matrix.test.ts; tests/security-audit-matrix.test.ts:89:36,"authentication boundary: HTTP 401; assertion passed | Request observed in completed test suite; assertion and purpose not inferred: HTTP status counts {""401"": 1}","Disposable Fastify injection; missing resource IDs exercise global hooks, not resource ownership or valid payload processing. | May be fixture setup, valid feature/control or malformed request. Preload actor is best-effort at request start; share-bearer paths, revoked cookies and helper/network calls are not reliably classified. No payloads, credentials, fixture usernames or concrete token paths are exported."
PATCH,/api/links/:id,member,api.links.update,same-network-stranger,boundary-asserted,boundary-asserted; observed-request-only,tests/security-audit-matrix.test.ts; tests/security-audit-matrix.test.ts:89:36,"authentication boundary: HTTP 401; assertion passed | Request observed in completed test suite; assertion and purpose not inferred: HTTP status counts {""401"": 1}","Disposable Fastify injection; missing resource IDs exercise global hooks, not resource ownership or valid payload processing. | May be fixture setup, valid feature/control or malformed request. Preload actor is best-effort at request start; share-bearer paths, revoked cookies and helper/network calls are not reliably classified. No payloads, credentials, fixture usernames or concrete token paths are exported."
PATCH,/api/links/:id,member,api.links.update,cross-site-browser,boundary-asserted,boundary-asserted,tests/security-audit-matrix.test.ts,origin: HTTP 403; assertion passed | sec-fetch-site: HTTP 403; assertion passed,"Disposable Fastify injection; missing resource IDs exercise global hooks, not resource ownership or valid payload processing."
PATCH,/api/links/:id,member,api.links.update,session-without-csrf,boundary-asserted,boundary-asserted,tests/security-audit-matrix.test.ts,CSRF token: HTTP 403; assertion passed,"Disposable Fastify injection; missing resource IDs exercise global hooks, not resource ownership or valid payload processing."
PATCH,/api/links/:id,member,api.links.update,rebound-host,boundary-asserted,boundary-asserted,tests/security-audit-matrix.test.ts,Host validation: HTTP 403; assertion passed,"Disposable Fastify injection; missing resource IDs exercise global hooks, not resource ownership or valid payload processing."
PATCH,/api/links/:id,member,api.links.update,revoked-member,not-checked,not-checked,,No attributed endpoint/actor evidence: Not checked,No claim of runtime testing or source review for this cell; may be outside intended authority.
PATCH,/api/links/:id,member,api.links.update,authentication-bearer,not-checked,not-checked,,No attributed endpoint/actor evidence: Not checked,No claim of runtime testing or source review for this cell; may be outside intended authority.
PATCH,/api/links/:id,member,api.links.update,local-helper,not-checked,not-checked,,No attributed endpoint/actor evidence: Not checked,No claim of runtime testing or source review for this cell; may be outside intended authority.
DELETE,/api/links/:id,member,api.links.revoke,anonymous,boundary-asserted,boundary-asserted; observed-request-only,tests/security-audit-matrix.test.ts; tests/security-audit-matrix.test.ts:101:39; tests/security-audit-matrix.test.ts:116:37; tests/security-audit-matrix.test.ts:89:36,"authentication boundary: HTTP 401; assertion passed | Request observed in completed test suite; assertion and purpose not inferred: HTTP status counts {""401"": 2, ""403"": 3}","Disposable Fastify injection; missing resource IDs exercise global hooks, not resource ownership or valid payload processing. | May be fixture setup, valid feature/control or malformed request. Preload actor is best-effort at request start; share-bearer paths, revoked cookies and helper/network calls are not reliably classified. No payloads, credentials, fixture usernames or concrete token paths are exported."
DELETE,/api/links/:id,member,api.links.revoke,forged-session,boundary-asserted,boundary-asserted,tests/security-audit-matrix.test.ts,authentication boundary: HTTP 401; assertion passed,"Disposable Fastify injection; missing resource IDs exercise global hooks, not resource ownership or valid payload processing."
DELETE,/api/links/:id,member,api.links.revoke,ordinary-member,observed-request-only,observed-request-only,tests/links.test.ts:191:17,"Request observed in completed test suite; assertion and purpose not inferred: HTTP status counts {""200"": 1}","May be fixture setup, valid feature/control or malformed request. Preload actor is best-effort at request start; share-bearer paths, revoked cookies and helper/network calls are not reliably classified. No payloads, credentials, fixture usernames or concrete token paths are exported."
DELETE,/api/links/:id,member,api.links.revoke,other-member,boundary-asserted,boundary-asserted; observed-request-only,tests/links.test.ts:90:40; tests/security-audit-content.test.ts:129,"Foreign concrete resource IDs cannot read, mutate, bulk-operate, reuse uploads or close another tab: 404; no secret/hash/filename disclosure; mixed bulk operation leaves own item unchanged | Request observed in completed test suite; assertion and purpose not inferred: HTTP status counts {""404"": 1}","Disposable test instance; this assertion covers the named scenario only. | May be fixture setup, valid feature/control or malformed request. Preload actor is best-effort at request start; share-bearer paths, revoked cookies and helper/network calls are not reliably classified. No payloads, credentials, fixture usernames or concrete token paths are exported."
DELETE,/api/links/:id,member,api.links.revoke,administrator,not-checked,not-checked,,No attributed endpoint/actor evidence: Not checked,No claim of runtime testing or source review for this cell; may be outside intended authority.
DELETE,/api/links/:id,member,api.links.revoke,share-holder,boundary-asserted,boundary-asserted; observed-request-only,tests/security-audit-matrix.test.ts; tests/security-audit-matrix.test.ts:89:36,"authentication boundary: HTTP 401; assertion passed | Request observed in completed test suite; assertion and purpose not inferred: HTTP status counts {""401"": 1}","Disposable Fastify injection; missing resource IDs exercise global hooks, not resource ownership or valid payload processing. | May be fixture setup, valid feature/control or malformed request. Preload actor is best-effort at request start; share-bearer paths, revoked cookies and helper/network calls are not reliably classified. No payloads, credentials, fixture usernames or concrete token paths are exported."
DELETE,/api/links/:id,member,api.links.revoke,request-guest,boundary-asserted,boundary-asserted; observed-request-only,tests/security-audit-matrix.test.ts; tests/security-audit-matrix.test.ts:89:36,"authentication boundary: HTTP 403; assertion passed | Request observed in completed test suite; assertion and purpose not inferred: HTTP status counts {""403"": 1}","Disposable Fastify injection; missing resource IDs exercise global hooks, not resource ownership or valid payload processing. | May be fixture setup, valid feature/control or malformed request. Preload actor is best-effort at request start; share-bearer paths, revoked cookies and helper/network calls are not reliably classified. No payloads, credentials, fixture usernames or concrete token paths are exported."
DELETE,/api/links/:id,member,api.links.revoke,nearby-guest,boundary-asserted,boundary-asserted; observed-request-only,tests/security-audit-matrix.test.ts; tests/security-audit-matrix.test.ts:89:36,"authentication boundary: HTTP 401; assertion passed | Request observed in completed test suite; assertion and purpose not inferred: HTTP status counts {""401"": 1}","Disposable Fastify injection; missing resource IDs exercise global hooks, not resource ownership or valid payload processing. | May be fixture setup, valid feature/control or malformed request. Preload actor is best-effort at request start; share-bearer paths, revoked cookies and helper/network calls are not reliably classified. No payloads, credentials, fixture usernames or concrete token paths are exported."
DELETE,/api/links/:id,member,api.links.revoke,same-network-stranger,boundary-asserted,boundary-asserted; observed-request-only,tests/security-audit-matrix.test.ts; tests/security-audit-matrix.test.ts:89:36,"authentication boundary: HTTP 401; assertion passed | Request observed in completed test suite; assertion and purpose not inferred: HTTP status counts {""401"": 1}","Disposable Fastify injection; missing resource IDs exercise global hooks, not resource ownership or valid payload processing. | May be fixture setup, valid feature/control or malformed request. Preload actor is best-effort at request start; share-bearer paths, revoked cookies and helper/network calls are not reliably classified. No payloads, credentials, fixture usernames or concrete token paths are exported."
DELETE,/api/links/:id,member,api.links.revoke,cross-site-browser,boundary-asserted,boundary-asserted,tests/security-audit-matrix.test.ts,origin: HTTP 403; assertion passed | sec-fetch-site: HTTP 403; assertion passed,"Disposable Fastify injection; missing resource IDs exercise global hooks, not resource ownership or valid payload processing."
DELETE,/api/links/:id,member,api.links.revoke,session-without-csrf,boundary-asserted,boundary-asserted,tests/security-audit-matrix.test.ts,CSRF token: HTTP 403; assertion passed,"Disposable Fastify injection; missing resource IDs exercise global hooks, not resource ownership or valid payload processing."
DELETE,/api/links/:id,member,api.links.revoke,rebound-host,boundary-asserted,boundary-asserted,tests/security-audit-matrix.test.ts,Host validation: HTTP 403; assertion passed,"Disposable Fastify injection; missing resource IDs exercise global hooks, not resource ownership or valid payload processing."
DELETE,/api/links/:id,member,api.links.revoke,revoked-member,not-checked,not-checked,,No attributed endpoint/actor evidence: Not checked,No claim of runtime testing or source review for this cell; may be outside intended authority.
DELETE,/api/links/:id,member,api.links.revoke,authentication-bearer,not-checked,not-checked,,No attributed endpoint/actor evidence: Not checked,No claim of runtime testing or source review for this cell; may be outside intended authority.
DELETE,/api/links/:id,member,api.links.revoke,local-helper,not-checked,not-checked,,No attributed endpoint/actor evidence: Not checked,No claim of runtime testing or source review for this cell; may be outside intended authority.
GET,/api/links/:id/visits,member,api.links.visits,anonymous,boundary-asserted,boundary-asserted; observed-request-only,tests/security-audit-matrix.test.ts; tests/security-audit-matrix.test.ts:116:37; tests/security-audit-matrix.test.ts:89:36,"authentication boundary: HTTP 401; assertion passed | Request observed in completed test suite; assertion and purpose not inferred: HTTP status counts {""401"": 2, ""403"": 1}","Disposable Fastify injection; missing resource IDs exercise global hooks, not resource ownership or valid payload processing. | May be fixture setup, valid feature/control or malformed request. Preload actor is best-effort at request start; share-bearer paths, revoked cookies and helper/network calls are not reliably classified. No payloads, credentials, fixture usernames or concrete token paths are exported."
GET,/api/links/:id/visits,member,api.links.visits,forged-session,boundary-asserted,boundary-asserted,tests/security-audit-matrix.test.ts,authentication boundary: HTTP 401; assertion passed,"Disposable Fastify injection; missing resource IDs exercise global hooks, not resource ownership or valid payload processing."
GET,/api/links/:id/visits,member,api.links.visits,ordinary-member,observed-request-only,observed-request-only,tests/link-options.test.ts:77:32,"Request observed in completed test suite; assertion and purpose not inferred: HTTP status counts {""200"": 1}","May be fixture setup, valid feature/control or malformed request. Preload actor is best-effort at request start; share-bearer paths, revoked cookies and helper/network calls are not reliably classified. No payloads, credentials, fixture usernames or concrete token paths are exported."
GET,/api/links/:id/visits,member,api.links.visits,other-member,boundary-asserted,boundary-asserted; observed-request-only,tests/link-options.test.ts:92:40; tests/security-audit-content.test.ts:129,"Foreign concrete resource IDs cannot read, mutate, bulk-operate, reuse uploads or close another tab: 404; no secret/hash/filename disclosure; mixed bulk operation leaves own item unchanged | Request observed in completed test suite; assertion and purpose not inferred: HTTP status counts {""404"": 1}","Disposable test instance; this assertion covers the named scenario only. | May be fixture setup, valid feature/control or malformed request. Preload actor is best-effort at request start; share-bearer paths, revoked cookies and helper/network calls are not reliably classified. No payloads, credentials, fixture usernames or concrete token paths are exported."
GET,/api/links/:id/visits,member,api.links.visits,administrator,boundary-asserted,boundary-asserted; observed-request-only,tests/security-audit-admin-content.test.ts:33:46; tests/security-audit-admin-content.test.ts:34,"Administrator identity cannot directly browse another member's private content: 404; private payload absent | Request observed in completed test suite; assertion and purpose not inferred: HTTP status counts {""404"": 1}","Disposable test instance; this assertion covers the named scenario only. | May be fixture setup, valid feature/control or malformed request. Preload actor is best-effort at request start; share-bearer paths, revoked cookies and helper/network calls are not reliably classified. No payloads, credentials, fixture usernames or concrete token paths are exported."
GET,/api/links/:id/visits,member,api.links.visits,share-holder,boundary-asserted,boundary-asserted; observed-request-only,tests/security-audit-matrix.test.ts; tests/security-audit-matrix.test.ts:89:36,"authentication boundary: HTTP 401; assertion passed | Request observed in completed test suite; assertion and purpose not inferred: HTTP status counts {""401"": 1}","Disposable Fastify injection; missing resource IDs exercise global hooks, not resource ownership or valid payload processing. | May be fixture setup, valid feature/control or malformed request. Preload actor is best-effort at request start; share-bearer paths, revoked cookies and helper/network calls are not reliably classified. No payloads, credentials, fixture usernames or concrete token paths are exported."
GET,/api/links/:id/visits,member,api.links.visits,request-guest,boundary-asserted,boundary-asserted; observed-request-only,tests/security-audit-matrix.test.ts; tests/security-audit-matrix.test.ts:89:36,"authentication boundary: HTTP 401; assertion passed | Request observed in completed test suite; assertion and purpose not inferred: HTTP status counts {""401"": 1}","Disposable Fastify injection; missing resource IDs exercise global hooks, not resource ownership or valid payload processing. | May be fixture setup, valid feature/control or malformed request. Preload actor is best-effort at request start; share-bearer paths, revoked cookies and helper/network calls are not reliably classified. No payloads, credentials, fixture usernames or concrete token paths are exported."
GET,/api/links/:id/visits,member,api.links.visits,nearby-guest,boundary-asserted,boundary-asserted; observed-request-only,tests/security-audit-matrix.test.ts; tests/security-audit-matrix.test.ts:89:36,"authentication boundary: HTTP 401; assertion passed | Request observed in completed test suite; assertion and purpose not inferred: HTTP status counts {""401"": 1}","Disposable Fastify injection; missing resource IDs exercise global hooks, not resource ownership or valid payload processing. | May be fixture setup, valid feature/control or malformed request. Preload actor is best-effort at request start; share-bearer paths, revoked cookies and helper/network calls are not reliably classified. No payloads, credentials, fixture usernames or concrete token paths are exported."
GET,/api/links/:id/visits,member,api.links.visits,same-network-stranger,boundary-asserted,boundary-asserted; observed-request-only,tests/security-audit-matrix.test.ts; tests/security-audit-matrix.test.ts:89:36,"authentication boundary: HTTP 401; assertion passed | Request observed in completed test suite; assertion and purpose not inferred: HTTP status counts {""401"": 1}","Disposable Fastify injection; missing resource IDs exercise global hooks, not resource ownership or valid payload processing. | May be fixture setup, valid feature/control or malformed request. Preload actor is best-effort at request start; share-bearer paths, revoked cookies and helper/network calls are not reliably classified. No payloads, credentials, fixture usernames or concrete token paths are exported."
GET,/api/links/:id/visits,member,api.links.visits,cross-site-browser,not-checked,not-checked,,No attributed endpoint/actor evidence: Not checked,No claim of runtime testing or source review for this cell; may be outside intended authority.
GET,/api/links/:id/visits,member,api.links.visits,session-without-csrf,not-checked,not-checked,,No attributed endpoint/actor evidence: Not checked,No claim of runtime testing or source review for this cell; may be outside intended authority.
GET,/api/links/:id/visits,member,api.links.visits,rebound-host,boundary-asserted,boundary-asserted,tests/security-audit-matrix.test.ts,Host validation: HTTP 403; assertion passed,"Disposable Fastify injection; missing resource IDs exercise global hooks, not resource ownership or valid payload processing."
GET,/api/links/:id/visits,member,api.links.visits,revoked-member,not-checked,not-checked,,No attributed endpoint/actor evidence: Not checked,No claim of runtime testing or source review for this cell; may be outside intended authority.
GET,/api/links/:id/visits,member,api.links.visits,authentication-bearer,not-checked,not-checked,,No attributed endpoint/actor evidence: Not checked,No claim of runtime testing or source review for this cell; may be outside intended authority.
GET,/api/links/:id/visits,member,api.links.visits,local-helper,not-checked,not-checked,,No attributed endpoint/actor evidence: Not checked,No claim of runtime testing or source review for this cell; may be outside intended authority.
HEAD,/api/links/:id/visits,member,api.links.visits,anonymous,boundary-asserted,boundary-asserted; observed-request-only,tests/security-audit-matrix.test.ts; tests/security-audit-matrix.test.ts:116:37; tests/security-audit-matrix.test.ts:89:36,"authentication boundary: HTTP 401; assertion passed | Request observed in completed test suite; assertion and purpose not inferred: HTTP status counts {""401"": 2, ""403"": 1}","Disposable Fastify injection; missing resource IDs exercise global hooks, not resource ownership or valid payload processing. | May be fixture setup, valid feature/control or malformed request. Preload actor is best-effort at request start; share-bearer paths, revoked cookies and helper/network calls are not reliably classified. No payloads, credentials, fixture usernames or concrete token paths are exported."
HEAD,/api/links/:id/visits,member,api.links.visits,forged-session,boundary-asserted,boundary-asserted,tests/security-audit-matrix.test.ts,authentication boundary: HTTP 401; assertion passed,"Disposable Fastify injection; missing resource IDs exercise global hooks, not resource ownership or valid payload processing."
HEAD,/api/links/:id/visits,member,api.links.visits,ordinary-member,not-checked,not-checked,,No attributed endpoint/actor evidence: Not checked,No claim of runtime testing or source review for this cell; may be outside intended authority.
HEAD,/api/links/:id/visits,member,api.links.visits,other-member,not-checked,not-checked,,No attributed endpoint/actor evidence: Not checked,No claim of runtime testing or source review for this cell; may be outside intended authority.
HEAD,/api/links/:id/visits,member,api.links.visits,administrator,boundary-asserted,boundary-asserted; observed-request-only,tests/security-audit-admin-content.test.ts:33:46; tests/security-audit-admin-content.test.ts:34,"Administrator identity cannot directly browse another member's private content: 404; private payload absent | Request observed in completed test suite; assertion and purpose not inferred: HTTP status counts {""404"": 1}","Disposable test instance; this assertion covers the named scenario only. | May be fixture setup, valid feature/control or malformed request. Preload actor is best-effort at request start; share-bearer paths, revoked cookies and helper/network calls are not reliably classified. No payloads, credentials, fixture usernames or concrete token paths are exported."
HEAD,/api/links/:id/visits,member,api.links.visits,share-holder,boundary-asserted,boundary-asserted; observed-request-only,tests/security-audit-matrix.test.ts; tests/security-audit-matrix.test.ts:89:36,"authentication boundary: HTTP 401; assertion passed | Request observed in completed test suite; assertion and purpose not inferred: HTTP status counts {""401"": 1}","Disposable Fastify injection; missing resource IDs exercise global hooks, not resource ownership or valid payload processing. | May be fixture setup, valid feature/control or malformed request. Preload actor is best-effort at request start; share-bearer paths, revoked cookies and helper/network calls are not reliably classified. No payloads, credentials, fixture usernames or concrete token paths are exported."
HEAD,/api/links/:id/visits,member,api.links.visits,request-guest,boundary-asserted,boundary-asserted; observed-request-only,tests/security-audit-matrix.test.ts; tests/security-audit-matrix.test.ts:89:36,"authentication boundary: HTTP 401; assertion passed | Request observed in completed test suite; assertion and purpose not inferred: HTTP status counts {""401"": 1}","Disposable Fastify injection; missing resource IDs exercise global hooks, not resource ownership or valid payload processing. | May be fixture setup, valid feature/control or malformed request. Preload actor is best-effort at request start; share-bearer paths, revoked cookies and helper/network calls are not reliably classified. No payloads, credentials, fixture usernames or concrete token paths are exported."
HEAD,/api/links/:id/visits,member,api.links.visits,nearby-guest,boundary-asserted,boundary-asserted; observed-request-only,tests/security-audit-matrix.test.ts; tests/security-audit-matrix.test.ts:89:36,"authentication boundary: HTTP 401; assertion passed | Request observed in completed test suite; assertion and purpose not inferred: HTTP status counts {""401"": 1}","Disposable Fastify injection; missing resource IDs exercise global hooks, not resource ownership or valid payload processing. | May be fixture setup, valid feature/control or malformed request. Preload actor is best-effort at request start; share-bearer paths, revoked cookies and helper/network calls are not reliably classified. No payloads, credentials, fixture usernames or concrete token paths are exported."
HEAD,/api/links/:id/visits,member,api.links.visits,same-network-stranger,boundary-asserted,boundary-asserted; observed-request-only,tests/security-audit-matrix.test.ts; tests/security-audit-matrix.test.ts:89:36,"authentication boundary: HTTP 401; assertion passed | Request observed in completed test suite; assertion and purpose not inferred: HTTP status counts {""401"": 1}","Disposable Fastify injection; missing resource IDs exercise global hooks, not resource ownership or valid payload processing. | May be fixture setup, valid feature/control or malformed request. Preload actor is best-effort at request start; share-bearer paths, revoked cookies and helper/network calls are not reliably classified. No payloads, credentials, fixture usernames or concrete token paths are exported."
HEAD,/api/links/:id/visits,member,api.links.visits,cross-site-browser,not-checked,not-checked,,No attributed endpoint/actor evidence: Not checked,No claim of runtime testing or source review for this cell; may be outside intended authority.
HEAD,/api/links/:id/visits,member,api.links.visits,session-without-csrf,not-checked,not-checked,,No attributed endpoint/actor evidence: Not checked,No claim of runtime testing or source review for this cell; may be outside intended authority.
HEAD,/api/links/:id/visits,member,api.links.visits,rebound-host,boundary-asserted,boundary-asserted,tests/security-audit-matrix.test.ts,Host validation: HTTP 403; assertion passed,"Disposable Fastify injection; missing resource IDs exercise global hooks, not resource ownership or valid payload processing."
HEAD,/api/links/:id/visits,member,api.links.visits,revoked-member,not-checked,not-checked,,No attributed endpoint/actor evidence: Not checked,No claim of runtime testing or source review for this cell; may be outside intended authority.
HEAD,/api/links/:id/visits,member,api.links.visits,authentication-bearer,not-checked,not-checked,,No attributed endpoint/actor evidence: Not checked,No claim of runtime testing or source review for this cell; may be outside intended authority.
HEAD,/api/links/:id/visits,member,api.links.visits,local-helper,not-checked,not-checked,,No attributed endpoint/actor evidence: Not checked,No claim of runtime testing or source review for this cell; may be outside intended authority.
GET,/api/devices,member,api.devices.list,anonymous,boundary-asserted,boundary-asserted; observed-request-only,tests/security-audit-auth-direct.test.ts:36:17; tests/security-audit-matrix.test.ts:116:37; tests/security-audit-matrix.test.ts:89:36; tests/security-audit-matrix.test.ts,"authentication boundary: HTTP 401; assertion passed | Request observed in completed test suite; assertion and purpose not inferred: HTTP status counts {""401"": 3, ""403"": 1}","Disposable Fastify injection; missing resource IDs exercise global hooks, not resource ownership or valid payload processing. | May be fixture setup, valid feature/control or malformed request. Preload actor is best-effort at request start; share-bearer paths, revoked cookies and helper/network calls are not reliably classified. No payloads, credentials, fixture usernames or concrete token paths are exported."
GET,/api/devices,member,api.devices.list,forged-session,boundary-asserted,boundary-asserted,tests/security-audit-matrix.test.ts,authentication boundary: HTTP 401; assertion passed,"Disposable Fastify injection; missing resource IDs exercise global hooks, not resource ownership or valid payload processing."
GET,/api/devices,member,api.devices.list,ordinary-member,allowed-control-asserted,allowed-control-asserted; observed-request-only,tests/auth.test.ts:509:34; tests/auth.test.ts:533:32; tests/auth.test.ts:543:32; tests/auth.test.ts:552:32; tests/auth.test.ts:553,"Own signed-out device remains visible as history with signedIn=false: 200; own history/control fields asserted | Request observed in completed test suite; assertion and purpose not inferred: HTTP status counts {""200"": 4}","Disposable test instance; this assertion covers the named scenario only. | May be fixture setup, valid feature/control or malformed request. Preload actor is best-effort at request start; share-bearer paths, revoked cookies and helper/network calls are not reliably classified. No payloads, credentials, fixture usernames or concrete token paths are exported."
GET,/api/devices,member,api.devices.list,other-member,not-checked,not-checked,,No attributed endpoint/actor evidence: Not checked,No claim of runtime testing or source review for this cell; may be outside intended authority.
GET,/api/devices,member,api.devices.list,administrator,not-checked,not-checked,,No attributed endpoint/actor evidence: Not checked,No claim of runtime testing or source review for this cell; may be outside intended authority.
GET,/api/devices,member,api.devices.list,share-holder,boundary-asserted,boundary-asserted; observed-request-only,tests/security-audit-matrix.test.ts; tests/security-audit-matrix.test.ts:89:36,"authentication boundary: HTTP 401; assertion passed | Request observed in completed test suite; assertion and purpose not inferred: HTTP status counts {""401"": 1}","Disposable Fastify injection; missing resource IDs exercise global hooks, not resource ownership or valid payload processing. | May be fixture setup, valid feature/control or malformed request. Preload actor is best-effort at request start; share-bearer paths, revoked cookies and helper/network calls are not reliably classified. No payloads, credentials, fixture usernames or concrete token paths are exported."
GET,/api/devices,member,api.devices.list,request-guest,boundary-asserted,boundary-asserted; observed-request-only,tests/requests.test.ts:266; tests/requests.test.ts:266:42; tests/security-audit-matrix.test.ts:89:36; tests/security-audit-matrix.test.ts,"authentication boundary: HTTP 401; assertion passed | Upload guests cannot read member collections: 401 | Request observed in completed test suite; assertion and purpose not inferred: HTTP status counts {""401"": 3}","Disposable Fastify injection; missing resource IDs exercise global hooks, not resource ownership or valid payload processing. | Disposable test instance; this assertion covers the named scenario only. | May be fixture setup, valid feature/control or malformed request. Preload actor is best-effort at request start; share-bearer paths, revoked cookies and helper/network calls are not reliably classified. No payloads, credentials, fixture usernames or concrete token paths are exported."
GET,/api/devices,member,api.devices.list,nearby-guest,boundary-asserted,boundary-asserted; observed-request-only,tests/security-audit-matrix.test.ts; tests/security-audit-matrix.test.ts:89:36,"authentication boundary: HTTP 401; assertion passed | Request observed in completed test suite; assertion and purpose not inferred: HTTP status counts {""401"": 1}","Disposable Fastify injection; missing resource IDs exercise global hooks, not resource ownership or valid payload processing. | May be fixture setup, valid feature/control or malformed request. Preload actor is best-effort at request start; share-bearer paths, revoked cookies and helper/network calls are not reliably classified. No payloads, credentials, fixture usernames or concrete token paths are exported."
GET,/api/devices,member,api.devices.list,same-network-stranger,boundary-asserted,boundary-asserted; observed-request-only,tests/security-audit-matrix.test.ts; tests/security-audit-matrix.test.ts:89:36,"authentication boundary: HTTP 401; assertion passed | Request observed in completed test suite; assertion and purpose not inferred: HTTP status counts {""401"": 1}","Disposable Fastify injection; missing resource IDs exercise global hooks, not resource ownership or valid payload processing. | May be fixture setup, valid feature/control or malformed request. Preload actor is best-effort at request start; share-bearer paths, revoked cookies and helper/network calls are not reliably classified. No payloads, credentials, fixture usernames or concrete token paths are exported."
GET,/api/devices,member,api.devices.list,cross-site-browser,not-checked,not-checked,,No attributed endpoint/actor evidence: Not checked,No claim of runtime testing or source review for this cell; may be outside intended authority.
GET,/api/devices,member,api.devices.list,session-without-csrf,not-checked,not-checked,,No attributed endpoint/actor evidence: Not checked,No claim of runtime testing or source review for this cell; may be outside intended authority.
GET,/api/devices,member,api.devices.list,rebound-host,boundary-asserted,boundary-asserted,tests/security-audit-matrix.test.ts,Host validation: HTTP 403; assertion passed,"Disposable Fastify injection; missing resource IDs exercise global hooks, not resource ownership or valid payload processing."
GET,/api/devices,member,api.devices.list,revoked-member,not-checked,not-checked,,No attributed endpoint/actor evidence: Not checked,No claim of runtime testing or source review for this cell; may be outside intended authority.
GET,/api/devices,member,api.devices.list,authentication-bearer,not-checked,not-checked,,No attributed endpoint/actor evidence: Not checked,No claim of runtime testing or source review for this cell; may be outside intended authority.
GET,/api/devices,member,api.devices.list,local-helper,not-checked,not-checked,,No attributed endpoint/actor evidence: Not checked,No claim of runtime testing or source review for this cell; may be outside intended authority.
HEAD,/api/devices,member,api.devices.list,anonymous,boundary-asserted,boundary-asserted; observed-request-only,tests/security-audit-matrix.test.ts; tests/security-audit-matrix.test.ts:116:37; tests/security-audit-matrix.test.ts:89:36,"authentication boundary: HTTP 401; assertion passed | Request observed in completed test suite; assertion and purpose not inferred: HTTP status counts {""401"": 2, ""403"": 1}","Disposable Fastify injection; missing resource IDs exercise global hooks, not resource ownership or valid payload processing. | May be fixture setup, valid feature/control or malformed request. Preload actor is best-effort at request start; share-bearer paths, revoked cookies and helper/network calls are not reliably classified. No payloads, credentials, fixture usernames or concrete token paths are exported."
HEAD,/api/devices,member,api.devices.list,forged-session,boundary-asserted,boundary-asserted,tests/security-audit-matrix.test.ts,authentication boundary: HTTP 401; assertion passed,"Disposable Fastify injection; missing resource IDs exercise global hooks, not resource ownership or valid payload processing."
HEAD,/api/devices,member,api.devices.list,ordinary-member,not-checked,not-checked,,No attributed endpoint/actor evidence: Not checked,No claim of runtime testing or source review for this cell; may be outside intended authority.
HEAD,/api/devices,member,api.devices.list,other-member,not-checked,not-checked,,No attributed endpoint/actor evidence: Not checked,No claim of runtime testing or source review for this cell; may be outside intended authority.
HEAD,/api/devices,member,api.devices.list,administrator,not-checked,not-checked,,No attributed endpoint/actor evidence: Not checked,No claim of runtime testing or source review for this cell; may be outside intended authority.
HEAD,/api/devices,member,api.devices.list,share-holder,boundary-asserted,boundary-asserted; observed-request-only,tests/security-audit-matrix.test.ts; tests/security-audit-matrix.test.ts:89:36,"authentication boundary: HTTP 401; assertion passed | Request observed in completed test suite; assertion and purpose not inferred: HTTP status counts {""401"": 1}","Disposable Fastify injection; missing resource IDs exercise global hooks, not resource ownership or valid payload processing. | May be fixture setup, valid feature/control or malformed request. Preload actor is best-effort at request start; share-bearer paths, revoked cookies and helper/network calls are not reliably classified. No payloads, credentials, fixture usernames or concrete token paths are exported."
HEAD,/api/devices,member,api.devices.list,request-guest,boundary-asserted,boundary-asserted; observed-request-only,tests/security-audit-matrix.test.ts; tests/security-audit-matrix.test.ts:89:36,"authentication boundary: HTTP 401; assertion passed | Request observed in completed test suite; assertion and purpose not inferred: HTTP status counts {""401"": 1}","Disposable Fastify injection; missing resource IDs exercise global hooks, not resource ownership or valid payload processing. | May be fixture setup, valid feature/control or malformed request. Preload actor is best-effort at request start; share-bearer paths, revoked cookies and helper/network calls are not reliably classified. No payloads, credentials, fixture usernames or concrete token paths are exported."
HEAD,/api/devices,member,api.devices.list,nearby-guest,boundary-asserted,boundary-asserted; observed-request-only,tests/security-audit-matrix.test.ts; tests/security-audit-matrix.test.ts:89:36,"authentication boundary: HTTP 401; assertion passed | Request observed in completed test suite; assertion and purpose not inferred: HTTP status counts {""401"": 1}","Disposable Fastify injection; missing resource IDs exercise global hooks, not resource ownership or valid payload processing. | May be fixture setup, valid feature/control or malformed request. Preload actor is best-effort at request start; share-bearer paths, revoked cookies and helper/network calls are not reliably classified. No payloads, credentials, fixture usernames or concrete token paths are exported."
HEAD,/api/devices,member,api.devices.list,same-network-stranger,boundary-asserted,boundary-asserted; observed-request-only,tests/security-audit-matrix.test.ts; tests/security-audit-matrix.test.ts:89:36,"authentication boundary: HTTP 401; assertion passed | Request observed in completed test suite; assertion and purpose not inferred: HTTP status counts {""401"": 1}","Disposable Fastify injection; missing resource IDs exercise global hooks, not resource ownership or valid payload processing. | May be fixture setup, valid feature/control or malformed request. Preload actor is best-effort at request start; share-bearer paths, revoked cookies and helper/network calls are not reliably classified. No payloads, credentials, fixture usernames or concrete token paths are exported."
HEAD,/api/devices,member,api.devices.list,cross-site-browser,not-checked,not-checked,,No attributed endpoint/actor evidence: Not checked,No claim of runtime testing or source review for this cell; may be outside intended authority.
HEAD,/api/devices,member,api.devices.list,session-without-csrf,not-checked,not-checked,,No attributed endpoint/actor evidence: Not checked,No claim of runtime testing or source review for this cell; may be outside intended authority.
HEAD,/api/devices,member,api.devices.list,rebound-host,boundary-asserted,boundary-asserted,tests/security-audit-matrix.test.ts,Host validation: HTTP 403; assertion passed,"Disposable Fastify injection; missing resource IDs exercise global hooks, not resource ownership or valid payload processing."
HEAD,/api/devices,member,api.devices.list,revoked-member,not-checked,not-checked,,No attributed endpoint/actor evidence: Not checked,No claim of runtime testing or source review for this cell; may be outside intended authority.
HEAD,/api/devices,member,api.devices.list,authentication-bearer,not-checked,not-checked,,No attributed endpoint/actor evidence: Not checked,No claim of runtime testing or source review for this cell; may be outside intended authority.
HEAD,/api/devices,member,api.devices.list,local-helper,not-checked,not-checked,,No attributed endpoint/actor evidence: Not checked,No claim of runtime testing or source review for this cell; may be outside intended authority.
POST,/api/devices/sign-out-others,member,api.devices.signOutOthers,anonymous,boundary-asserted,boundary-asserted; observed-request-only,tests/security-audit-auth-direct.test.ts:36:17; tests/security-audit-matrix.test.ts:101:39; tests/security-audit-matrix.test.ts:116:37; tests/security-audit-matrix.test.ts:89:36; tests/security-audit-matrix.test.ts,"authentication boundary: HTTP 401; assertion passed | Request observed in completed test suite; assertion and purpose not inferred: HTTP status counts {""401"": 3, ""403"": 3}","Disposable Fastify injection; missing resource IDs exercise global hooks, not resource ownership or valid payload processing. | May be fixture setup, valid feature/control or malformed request. Preload actor is best-effort at request start; share-bearer paths, revoked cookies and helper/network calls are not reliably classified. No payloads, credentials, fixture usernames or concrete token paths are exported."
POST,/api/devices/sign-out-others,member,api.devices.signOutOthers,forged-session,boundary-asserted,boundary-asserted,tests/security-audit-matrix.test.ts,authentication boundary: HTTP 401; assertion passed,"Disposable Fastify injection; missing resource IDs exercise global hooks, not resource ownership or valid payload processing."
POST,/api/devices/sign-out-others,member,api.devices.signOutOthers,ordinary-member,boundary-asserted,boundary-asserted; security-property-asserted; observed-request-only,tests/admin.test.ts:160:15; tests/auth.test.ts:255:14; tests/auth.test.ts:565:38; tests/auth.test.ts:257; tests/auth.test.ts:572,"Own session cannot perform ambient-credential mutation without correct CSRF: 403 wrong/missing CSRF; same-origin valid-CSRF control 200 | Revoking other devices invalidates their sessions while preserving the current session: Removed=1; other device session 401; current session remains usable | Request observed in completed test suite; assertion and purpose not inferred: HTTP status counts {""200"": 3, ""403"": 4}","Disposable test instance; this assertion covers the named scenario only. | May be fixture setup, valid feature/control or malformed request. Preload actor is best-effort at request start; share-bearer paths, revoked cookies and helper/network calls are not reliably classified. No payloads, credentials, fixture usernames or concrete token paths are exported."
POST,/api/devices/sign-out-others,member,api.devices.signOutOthers,other-member,not-checked,not-checked,,No attributed endpoint/actor evidence: Not checked,No claim of runtime testing or source review for this cell; may be outside intended authority.
POST,/api/devices/sign-out-others,member,api.devices.signOutOthers,administrator,not-checked,not-checked,,No attributed endpoint/actor evidence: Not checked,No claim of runtime testing or source review for this cell; may be outside intended authority.
POST,/api/devices/sign-out-others,member,api.devices.signOutOthers,share-holder,boundary-asserted,boundary-asserted; observed-request-only,tests/security-audit-matrix.test.ts; tests/security-audit-matrix.test.ts:89:36,"authentication boundary: HTTP 401; assertion passed | Request observed in completed test suite; assertion and purpose not inferred: HTTP status counts {""401"": 1}","Disposable Fastify injection; missing resource IDs exercise global hooks, not resource ownership or valid payload processing. | May be fixture setup, valid feature/control or malformed request. Preload actor is best-effort at request start; share-bearer paths, revoked cookies and helper/network calls are not reliably classified. No payloads, credentials, fixture usernames or concrete token paths are exported."
POST,/api/devices/sign-out-others,member,api.devices.signOutOthers,request-guest,boundary-asserted,boundary-asserted; observed-request-only,tests/security-audit-matrix.test.ts; tests/security-audit-matrix.test.ts:89:36,"authentication boundary: HTTP 403; assertion passed | Request observed in completed test suite; assertion and purpose not inferred: HTTP status counts {""403"": 1}","Disposable Fastify injection; missing resource IDs exercise global hooks, not resource ownership or valid payload processing. | May be fixture setup, valid feature/control or malformed request. Preload actor is best-effort at request start; share-bearer paths, revoked cookies and helper/network calls are not reliably classified. No payloads, credentials, fixture usernames or concrete token paths are exported."
POST,/api/devices/sign-out-others,member,api.devices.signOutOthers,nearby-guest,boundary-asserted,boundary-asserted; observed-request-only,tests/security-audit-matrix.test.ts; tests/security-audit-matrix.test.ts:89:36,"authentication boundary: HTTP 401; assertion passed | Request observed in completed test suite; assertion and purpose not inferred: HTTP status counts {""401"": 1}","Disposable Fastify injection; missing resource IDs exercise global hooks, not resource ownership or valid payload processing. | May be fixture setup, valid feature/control or malformed request. Preload actor is best-effort at request start; share-bearer paths, revoked cookies and helper/network calls are not reliably classified. No payloads, credentials, fixture usernames or concrete token paths are exported."
POST,/api/devices/sign-out-others,member,api.devices.signOutOthers,same-network-stranger,boundary-asserted,boundary-asserted; observed-request-only,tests/security-audit-matrix.test.ts; tests/security-audit-matrix.test.ts:89:36,"authentication boundary: HTTP 401; assertion passed | Request observed in completed test suite; assertion and purpose not inferred: HTTP status counts {""401"": 1}","Disposable Fastify injection; missing resource IDs exercise global hooks, not resource ownership or valid payload processing. | May be fixture setup, valid feature/control or malformed request. Preload actor is best-effort at request start; share-bearer paths, revoked cookies and helper/network calls are not reliably classified. No payloads, credentials, fixture usernames or concrete token paths are exported."
POST,/api/devices/sign-out-others,member,api.devices.signOutOthers,cross-site-browser,boundary-asserted,boundary-asserted,tests/auth.test.ts:261; tests/security-audit-matrix.test.ts,origin: HTTP 403; assertion passed | sec-fetch-site: HTTP 403; assertion passed | Cross-origin/Fetch Metadata block authenticated device revocation and sign-in: 403; device mutation uses valid ambient member credentials,"Disposable Fastify injection; missing resource IDs exercise global hooks, not resource ownership or valid payload processing. | Disposable test instance; this assertion covers the named scenario only."
POST,/api/devices/sign-out-others,member,api.devices.signOutOthers,session-without-csrf,boundary-asserted,boundary-asserted,tests/security-audit-matrix.test.ts,CSRF token: HTTP 403; assertion passed,"Disposable Fastify injection; missing resource IDs exercise global hooks, not resource ownership or valid payload processing."
POST,/api/devices/sign-out-others,member,api.devices.signOutOthers,rebound-host,boundary-asserted,boundary-asserted,tests/security-audit-matrix.test.ts,Host validation: HTTP 403; assertion passed,"Disposable Fastify injection; missing resource IDs exercise global hooks, not resource ownership or valid payload processing."
POST,/api/devices/sign-out-others,member,api.devices.signOutOthers,revoked-member,not-checked,not-checked,,No attributed endpoint/actor evidence: Not checked,No claim of runtime testing or source review for this cell; may be outside intended authority.
POST,/api/devices/sign-out-others,member,api.devices.signOutOthers,authentication-bearer,not-checked,not-checked,,No attributed endpoint/actor evidence: Not checked,No claim of runtime testing or source review for this cell; may be outside intended authority.
POST,/api/devices/sign-out-others,member,api.devices.signOutOthers,local-helper,not-checked,not-checked,,No attributed endpoint/actor evidence: Not checked,No claim of runtime testing or source review for this cell; may be outside intended authority.
PATCH,/api/devices/:id,member,api.devices.update,anonymous,boundary-asserted,boundary-asserted; observed-request-only,tests/security-audit-auth-direct.test.ts:36:17; tests/security-audit-matrix.test.ts:101:39; tests/security-audit-matrix.test.ts:116:37; tests/security-audit-matrix.test.ts:89:36; tests/security-audit-matrix.test.ts,"authentication boundary: HTTP 401; assertion passed | Request observed in completed test suite; assertion and purpose not inferred: HTTP status counts {""401"": 3, ""403"": 3}","Disposable Fastify injection; missing resource IDs exercise global hooks, not resource ownership or valid payload processing. | May be fixture setup, valid feature/control or malformed request. Preload actor is best-effort at request start; share-bearer paths, revoked cookies and helper/network calls are not reliably classified. No payloads, credentials, fixture usernames or concrete token paths are exported."
PATCH,/api/devices/:id,member,api.devices.update,forged-session,boundary-asserted,boundary-asserted,tests/security-audit-matrix.test.ts,authentication boundary: HTTP 401; assertion passed,"Disposable Fastify injection; missing resource IDs exercise global hooks, not resource ownership or valid payload processing."
PATCH,/api/devices/:id,member,api.devices.update,ordinary-member,security-property-asserted,security-property-asserted; observed-request-only,tests/auth.test.ts:526:16; tests/auth.test.ts:536:16; tests/auth.test.ts:544:18; tests/auth.test.ts:548:18; tests/auth.test.ts:561:29; tests/security-audit-auth-direct.test.ts:36:17; tests/auth.test.ts:532,"Case-colliding device names and invalid device kinds are rejected without altering existing kind/name: 409 collision; 400 invalid kind; stored view remains unchanged | Request observed in completed test suite; assertion and purpose not inferred: HTTP status counts {""200"": 2, ""400"": 1, ""404"": 2, ""409"": 1}","Disposable test instance; this assertion covers the named scenario only. | May be fixture setup, valid feature/control or malformed request. Preload actor is best-effort at request start; share-bearer paths, revoked cookies and helper/network calls are not reliably classified. No payloads, credentials, fixture usernames or concrete token paths are exported."
PATCH,/api/devices/:id,member,api.devices.update,other-member,boundary-asserted,boundary-asserted,tests/auth.test.ts:563; tests/security-audit-auth-direct.test.ts:177,Foreign login-code/device identifiers do not grant ownership: 404 or 200 state=gone | Foreign device ID does not grant mutation or signout authority: 404,Disposable test instance; this assertion covers the named scenario only.
PATCH,/api/devices/:id,member,api.devices.update,administrator,not-checked,not-checked,,No attributed endpoint/actor evidence: Not checked,No claim of runtime testing or source review for this cell; may be outside intended authority.
PATCH,/api/devices/:id,member,api.devices.update,share-holder,boundary-asserted,boundary-asserted; observed-request-only,tests/security-audit-matrix.test.ts; tests/security-audit-matrix.test.ts:89:36,"authentication boundary: HTTP 401; assertion passed | Request observed in completed test suite; assertion and purpose not inferred: HTTP status counts {""401"": 1}","Disposable Fastify injection; missing resource IDs exercise global hooks, not resource ownership or valid payload processing. | May be fixture setup, valid feature/control or malformed request. Preload actor is best-effort at request start; share-bearer paths, revoked cookies and helper/network calls are not reliably classified. No payloads, credentials, fixture usernames or concrete token paths are exported."
PATCH,/api/devices/:id,member,api.devices.update,request-guest,boundary-asserted,boundary-asserted; observed-request-only,tests/security-audit-matrix.test.ts; tests/security-audit-matrix.test.ts:89:36,"authentication boundary: HTTP 403; assertion passed | Request observed in completed test suite; assertion and purpose not inferred: HTTP status counts {""403"": 1}","Disposable Fastify injection; missing resource IDs exercise global hooks, not resource ownership or valid payload processing. | May be fixture setup, valid feature/control or malformed request. Preload actor is best-effort at request start; share-bearer paths, revoked cookies and helper/network calls are not reliably classified. No payloads, credentials, fixture usernames or concrete token paths are exported."
PATCH,/api/devices/:id,member,api.devices.update,nearby-guest,boundary-asserted,boundary-asserted; observed-request-only,tests/security-audit-matrix.test.ts; tests/security-audit-matrix.test.ts:89:36,"authentication boundary: HTTP 401; assertion passed | Request observed in completed test suite; assertion and purpose not inferred: HTTP status counts {""401"": 1}","Disposable Fastify injection; missing resource IDs exercise global hooks, not resource ownership or valid payload processing. | May be fixture setup, valid feature/control or malformed request. Preload actor is best-effort at request start; share-bearer paths, revoked cookies and helper/network calls are not reliably classified. No payloads, credentials, fixture usernames or concrete token paths are exported."
PATCH,/api/devices/:id,member,api.devices.update,same-network-stranger,boundary-asserted,boundary-asserted; observed-request-only,tests/security-audit-matrix.test.ts; tests/security-audit-matrix.test.ts:89:36,"authentication boundary: HTTP 401; assertion passed | Request observed in completed test suite; assertion and purpose not inferred: HTTP status counts {""401"": 1}","Disposable Fastify injection; missing resource IDs exercise global hooks, not resource ownership or valid payload processing. | May be fixture setup, valid feature/control or malformed request. Preload actor is best-effort at request start; share-bearer paths, revoked cookies and helper/network calls are not reliably classified. No payloads, credentials, fixture usernames or concrete token paths are exported."
PATCH,/api/devices/:id,member,api.devices.update,cross-site-browser,boundary-asserted,boundary-asserted,tests/security-audit-matrix.test.ts,origin: HTTP 403; assertion passed | sec-fetch-site: HTTP 403; assertion passed,"Disposable Fastify injection; missing resource IDs exercise global hooks, not resource ownership or valid payload processing."
PATCH,/api/devices/:id,member,api.devices.update,session-without-csrf,boundary-asserted,boundary-asserted,tests/security-audit-matrix.test.ts,CSRF token: HTTP 403; assertion passed,"Disposable Fastify injection; missing resource IDs exercise global hooks, not resource ownership or valid payload processing."
PATCH,/api/devices/:id,member,api.devices.update,rebound-host,boundary-asserted,boundary-asserted,tests/security-audit-matrix.test.ts,Host validation: HTTP 403; assertion passed,"Disposable Fastify injection; missing resource IDs exercise global hooks, not resource ownership or valid payload processing."
PATCH,/api/devices/:id,member,api.devices.update,revoked-member,not-checked,not-checked,,No attributed endpoint/actor evidence: Not checked,No claim of runtime testing or source review for this cell; may be outside intended authority.
PATCH,/api/devices/:id,member,api.devices.update,authentication-bearer,not-checked,not-checked,,No attributed endpoint/actor evidence: Not checked,No claim of runtime testing or source review for this cell; may be outside intended authority.
PATCH,/api/devices/:id,member,api.devices.update,local-helper,not-checked,not-checked,,No attributed endpoint/actor evidence: Not checked,No claim of runtime testing or source review for this cell; may be outside intended authority.
DELETE,/api/devices/:id,member,api.devices.signOut,anonymous,boundary-asserted,boundary-asserted; observed-request-only,tests/security-audit-auth-direct.test.ts:36:17; tests/security-audit-matrix.test.ts:101:39; tests/security-audit-matrix.test.ts:116:37; tests/security-audit-matrix.test.ts:89:36; tests/security-audit-matrix.test.ts,"authentication boundary: HTTP 401; assertion passed | Request observed in completed test suite; assertion and purpose not inferred: HTTP status counts {""401"": 3, ""403"": 3}","Disposable Fastify injection; missing resource IDs exercise global hooks, not resource ownership or valid payload processing. | May be fixture setup, valid feature/control or malformed request. Preload actor is best-effort at request start; share-bearer paths, revoked cookies and helper/network calls are not reliably classified. No payloads, credentials, fixture usernames or concrete token paths are exported."
DELETE,/api/devices/:id,member,api.devices.signOut,forged-session,boundary-asserted,boundary-asserted,tests/security-audit-matrix.test.ts,authentication boundary: HTTP 401; assertion passed,"Disposable Fastify injection; missing resource IDs exercise global hooks, not resource ownership or valid payload processing."
DELETE,/api/devices/:id,member,api.devices.signOut,ordinary-member,observed-request-only,observed-request-only,tests/auth.test.ts:550:18; tests/auth.test.ts:559:40; tests/nearby.test.ts:89:18; tests/security-audit-auth-direct.test.ts:36:17,"Request observed in completed test suite; assertion and purpose not inferred: HTTP status counts {""200"": 2, ""404"": 2}","May be fixture setup, valid feature/control or malformed request. Preload actor is best-effort at request start; share-bearer paths, revoked cookies and helper/network calls are not reliably classified. No payloads, credentials, fixture usernames or concrete token paths are exported."
DELETE,/api/devices/:id,member,api.devices.signOut,other-member,boundary-asserted,boundary-asserted,tests/auth.test.ts:563; tests/security-audit-auth-direct.test.ts:177,Foreign login-code/device identifiers do not grant ownership: 404 or 200 state=gone | Foreign device ID does not grant mutation or signout authority: 404,Disposable test instance; this assertion covers the named scenario only.
DELETE,/api/devices/:id,member,api.devices.signOut,administrator,not-checked,not-checked,,No attributed endpoint/actor evidence: Not checked,No claim of runtime testing or source review for this cell; may be outside intended authority.
DELETE,/api/devices/:id,member,api.devices.signOut,share-holder,boundary-asserted,boundary-asserted; observed-request-only,tests/security-audit-matrix.test.ts; tests/security-audit-matrix.test.ts:89:36,"authentication boundary: HTTP 401; assertion passed | Request observed in completed test suite; assertion and purpose not inferred: HTTP status counts {""401"": 1}","Disposable Fastify injection; missing resource IDs exercise global hooks, not resource ownership or valid payload processing. | May be fixture setup, valid feature/control or malformed request. Preload actor is best-effort at request start; share-bearer paths, revoked cookies and helper/network calls are not reliably classified. No payloads, credentials, fixture usernames or concrete token paths are exported."
DELETE,/api/devices/:id,member,api.devices.signOut,request-guest,boundary-asserted,boundary-asserted; observed-request-only,tests/security-audit-matrix.test.ts; tests/security-audit-matrix.test.ts:89:36,"authentication boundary: HTTP 403; assertion passed | Request observed in completed test suite; assertion and purpose not inferred: HTTP status counts {""403"": 1}","Disposable Fastify injection; missing resource IDs exercise global hooks, not resource ownership or valid payload processing. | May be fixture setup, valid feature/control or malformed request. Preload actor is best-effort at request start; share-bearer paths, revoked cookies and helper/network calls are not reliably classified. No payloads, credentials, fixture usernames or concrete token paths are exported."
DELETE,/api/devices/:id,member,api.devices.signOut,nearby-guest,boundary-asserted,boundary-asserted; observed-request-only,tests/security-audit-matrix.test.ts; tests/security-audit-matrix.test.ts:89:36,"authentication boundary: HTTP 401; assertion passed | Request observed in completed test suite; assertion and purpose not inferred: HTTP status counts {""401"": 1}","Disposable Fastify injection; missing resource IDs exercise global hooks, not resource ownership or valid payload processing. | May be fixture setup, valid feature/control or malformed request. Preload actor is best-effort at request start; share-bearer paths, revoked cookies and helper/network calls are not reliably classified. No payloads, credentials, fixture usernames or concrete token paths are exported."
DELETE,/api/devices/:id,member,api.devices.signOut,same-network-stranger,boundary-asserted,boundary-asserted; observed-request-only,tests/security-audit-matrix.test.ts; tests/security-audit-matrix.test.ts:89:36,"authentication boundary: HTTP 401; assertion passed | Request observed in completed test suite; assertion and purpose not inferred: HTTP status counts {""401"": 1}","Disposable Fastify injection; missing resource IDs exercise global hooks, not resource ownership or valid payload processing. | May be fixture setup, valid feature/control or malformed request. Preload actor is best-effort at request start; share-bearer paths, revoked cookies and helper/network calls are not reliably classified. No payloads, credentials, fixture usernames or concrete token paths are exported."
DELETE,/api/devices/:id,member,api.devices.signOut,cross-site-browser,boundary-asserted,boundary-asserted,tests/security-audit-matrix.test.ts,origin: HTTP 403; assertion passed | sec-fetch-site: HTTP 403; assertion passed,"Disposable Fastify injection; missing resource IDs exercise global hooks, not resource ownership or valid payload processing."
DELETE,/api/devices/:id,member,api.devices.signOut,session-without-csrf,boundary-asserted,boundary-asserted,tests/security-audit-matrix.test.ts,CSRF token: HTTP 403; assertion passed,"Disposable Fastify injection; missing resource IDs exercise global hooks, not resource ownership or valid payload processing."
DELETE,/api/devices/:id,member,api.devices.signOut,rebound-host,boundary-asserted,boundary-asserted,tests/security-audit-matrix.test.ts,Host validation: HTTP 403; assertion passed,"Disposable Fastify injection; missing resource IDs exercise global hooks, not resource ownership or valid payload processing."
DELETE,/api/devices/:id,member,api.devices.signOut,revoked-member,not-checked,not-checked,,No attributed endpoint/actor evidence: Not checked,No claim of runtime testing or source review for this cell; may be outside intended authority.
DELETE,/api/devices/:id,member,api.devices.signOut,authentication-bearer,not-checked,not-checked,,No attributed endpoint/actor evidence: Not checked,No claim of runtime testing or source review for this cell; may be outside intended authority.
DELETE,/api/devices/:id,member,api.devices.signOut,local-helper,not-checked,not-checked,,No attributed endpoint/actor evidence: Not checked,No claim of runtime testing or source review for this cell; may be outside intended authority.
GET,/api/deliveries,member,api.deliveries.list,anonymous,boundary-asserted,boundary-asserted; observed-request-only,tests/security-audit-matrix.test.ts; tests/security-audit-matrix.test.ts:116:37; tests/security-audit-matrix.test.ts:89:36,"authentication boundary: HTTP 401; assertion passed | Request observed in completed test suite; assertion and purpose not inferred: HTTP status counts {""401"": 2, ""403"": 1}","Disposable Fastify injection; missing resource IDs exercise global hooks, not resource ownership or valid payload processing. | May be fixture setup, valid feature/control or malformed request. Preload actor is best-effort at request start; share-bearer paths, revoked cookies and helper/network calls are not reliably classified. No payloads, credentials, fixture usernames or concrete token paths are exported."
GET,/api/deliveries,member,api.deliveries.list,forged-session,boundary-asserted,boundary-asserted,tests/security-audit-matrix.test.ts,authentication boundary: HTTP 401; assertion passed,"Disposable Fastify injection; missing resource IDs exercise global hooks, not resource ownership or valid payload processing."
GET,/api/deliveries,member,api.deliveries.list,ordinary-member,boundary-asserted,boundary-asserted; observed-request-only,tests/deliveries.test.ts:101:33; tests/deliveries.test.ts:106:20; tests/deliveries.test.ts:125:31; tests/deliveries.test.ts:132:27; tests/deliveries.test.ts:167:34; tests/deliveries.test.ts:206:34; tests/deliveries.test.ts:207:33; tests/deliveries.test.ts:228:34; tests/deliveries.test.ts:306:20; tests/deliveries.test.ts:310:34; tests/deliveries.test.ts:311:33; tests/deliveries.test.ts:315:34; tests/deliveries.test.ts:317:36; tests/deliveries.test.ts:333:34; tests/deliveries.test.ts:334:35; tests/deliveries.test.ts:65:34; tests/deliveries.test.ts:70:35; tests/deliveries.test.ts:72:21; tests/security-audit-content.test.ts:406,"Only intended receiving device may answer or enumerate incoming delivery: Update 404; incoming collection empty | Request observed in completed test suite; assertion and purpose not inferred: HTTP status counts {""200"": 18}","Disposable test instance; this assertion covers the named scenario only. | May be fixture setup, valid feature/control or malformed request. Preload actor is best-effort at request start; share-bearer paths, revoked cookies and helper/network calls are not reliably classified. No payloads, credentials, fixture usernames or concrete token paths are exported."
GET,/api/deliveries,member,api.deliveries.list,other-member,boundary-asserted,boundary-asserted,tests/security-audit-content.test.ts:406,Only intended receiving device may answer or enumerate incoming delivery: Update 404; incoming collection empty,Disposable test instance; this assertion covers the named scenario only.
GET,/api/deliveries,member,api.deliveries.list,administrator,not-checked,not-checked,,No attributed endpoint/actor evidence: Not checked,No claim of runtime testing or source review for this cell; may be outside intended authority.
GET,/api/deliveries,member,api.deliveries.list,share-holder,boundary-asserted,boundary-asserted; observed-request-only,tests/security-audit-matrix.test.ts; tests/security-audit-matrix.test.ts:89:36,"authentication boundary: HTTP 401; assertion passed | Request observed in completed test suite; assertion and purpose not inferred: HTTP status counts {""401"": 1}","Disposable Fastify injection; missing resource IDs exercise global hooks, not resource ownership or valid payload processing. | May be fixture setup, valid feature/control or malformed request. Preload actor is best-effort at request start; share-bearer paths, revoked cookies and helper/network calls are not reliably classified. No payloads, credentials, fixture usernames or concrete token paths are exported."
GET,/api/deliveries,member,api.deliveries.list,request-guest,boundary-asserted,boundary-asserted; observed-request-only,tests/requests.test.ts:266; tests/requests.test.ts:266:42; tests/security-audit-matrix.test.ts:89:36; tests/security-audit-matrix.test.ts,"authentication boundary: HTTP 401; assertion passed | Upload guests cannot read member collections: 401 | Request observed in completed test suite; assertion and purpose not inferred: HTTP status counts {""401"": 3}","Disposable Fastify injection; missing resource IDs exercise global hooks, not resource ownership or valid payload processing. | Disposable test instance; this assertion covers the named scenario only. | May be fixture setup, valid feature/control or malformed request. Preload actor is best-effort at request start; share-bearer paths, revoked cookies and helper/network calls are not reliably classified. No payloads, credentials, fixture usernames or concrete token paths are exported."
GET,/api/deliveries,member,api.deliveries.list,nearby-guest,boundary-asserted,boundary-asserted; observed-request-only,tests/security-audit-matrix.test.ts; tests/security-audit-matrix.test.ts:89:36,"authentication boundary: HTTP 401; assertion passed | Request observed in completed test suite; assertion and purpose not inferred: HTTP status counts {""401"": 1}","Disposable Fastify injection; missing resource IDs exercise global hooks, not resource ownership or valid payload processing. | May be fixture setup, valid feature/control or malformed request. Preload actor is best-effort at request start; share-bearer paths, revoked cookies and helper/network calls are not reliably classified. No payloads, credentials, fixture usernames or concrete token paths are exported."
GET,/api/deliveries,member,api.deliveries.list,same-network-stranger,boundary-asserted,boundary-asserted; observed-request-only,tests/security-audit-matrix.test.ts; tests/security-audit-matrix.test.ts:89:36,"authentication boundary: HTTP 401; assertion passed | Request observed in completed test suite; assertion and purpose not inferred: HTTP status counts {""401"": 1}","Disposable Fastify injection; missing resource IDs exercise global hooks, not resource ownership or valid payload processing. | May be fixture setup, valid feature/control or malformed request. Preload actor is best-effort at request start; share-bearer paths, revoked cookies and helper/network calls are not reliably classified. No payloads, credentials, fixture usernames or concrete token paths are exported."
GET,/api/deliveries,member,api.deliveries.list,cross-site-browser,not-checked,not-checked,,No attributed endpoint/actor evidence: Not checked,No claim of runtime testing or source review for this cell; may be outside intended authority.
GET,/api/deliveries,member,api.deliveries.list,session-without-csrf,not-checked,not-checked,,No attributed endpoint/actor evidence: Not checked,No claim of runtime testing or source review for this cell; may be outside intended authority.
GET,/api/deliveries,member,api.deliveries.list,rebound-host,boundary-asserted,boundary-asserted,tests/security-audit-matrix.test.ts,Host validation: HTTP 403; assertion passed,"Disposable Fastify injection; missing resource IDs exercise global hooks, not resource ownership or valid payload processing."
GET,/api/deliveries,member,api.deliveries.list,revoked-member,not-checked,not-checked,,No attributed endpoint/actor evidence: Not checked,No claim of runtime testing or source review for this cell; may be outside intended authority.
GET,/api/deliveries,member,api.deliveries.list,authentication-bearer,not-checked,not-checked,,No attributed endpoint/actor evidence: Not checked,No claim of runtime testing or source review for this cell; may be outside intended authority.
GET,/api/deliveries,member,api.deliveries.list,local-helper,not-checked,not-checked,,No attributed endpoint/actor evidence: Not checked,No claim of runtime testing or source review for this cell; may be outside intended authority.
HEAD,/api/deliveries,member,api.deliveries.list,anonymous,boundary-asserted,boundary-asserted; observed-request-only,tests/security-audit-matrix.test.ts; tests/security-audit-matrix.test.ts:116:37; tests/security-audit-matrix.test.ts:89:36,"authentication boundary: HTTP 401; assertion passed | Request observed in completed test suite; assertion and purpose not inferred: HTTP status counts {""401"": 2, ""403"": 1}","Disposable Fastify injection; missing resource IDs exercise global hooks, not resource ownership or valid payload processing. | May be fixture setup, valid feature/control or malformed request. Preload actor is best-effort at request start; share-bearer paths, revoked cookies and helper/network calls are not reliably classified. No payloads, credentials, fixture usernames or concrete token paths are exported."
HEAD,/api/deliveries,member,api.deliveries.list,forged-session,boundary-asserted,boundary-asserted,tests/security-audit-matrix.test.ts,authentication boundary: HTTP 401; assertion passed,"Disposable Fastify injection; missing resource IDs exercise global hooks, not resource ownership or valid payload processing."
HEAD,/api/deliveries,member,api.deliveries.list,ordinary-member,not-checked,not-checked,,No attributed endpoint/actor evidence: Not checked,No claim of runtime testing or source review for this cell; may be outside intended authority.
HEAD,/api/deliveries,member,api.deliveries.list,other-member,not-checked,not-checked,,No attributed endpoint/actor evidence: Not checked,No claim of runtime testing or source review for this cell; may be outside intended authority.
HEAD,/api/deliveries,member,api.deliveries.list,administrator,not-checked,not-checked,,No attributed endpoint/actor evidence: Not checked,No claim of runtime testing or source review for this cell; may be outside intended authority.
HEAD,/api/deliveries,member,api.deliveries.list,share-holder,boundary-asserted,boundary-asserted; observed-request-only,tests/security-audit-matrix.test.ts; tests/security-audit-matrix.test.ts:89:36,"authentication boundary: HTTP 401; assertion passed | Request observed in completed test suite; assertion and purpose not inferred: HTTP status counts {""401"": 1}","Disposable Fastify injection; missing resource IDs exercise global hooks, not resource ownership or valid payload processing. | May be fixture setup, valid feature/control or malformed request. Preload actor is best-effort at request start; share-bearer paths, revoked cookies and helper/network calls are not reliably classified. No payloads, credentials, fixture usernames or concrete token paths are exported."
HEAD,/api/deliveries,member,api.deliveries.list,request-guest,boundary-asserted,boundary-asserted; observed-request-only,tests/security-audit-matrix.test.ts; tests/security-audit-matrix.test.ts:89:36,"authentication boundary: HTTP 401; assertion passed | Request observed in completed test suite; assertion and purpose not inferred: HTTP status counts {""401"": 1}","Disposable Fastify injection; missing resource IDs exercise global hooks, not resource ownership or valid payload processing. | May be fixture setup, valid feature/control or malformed request. Preload actor is best-effort at request start; share-bearer paths, revoked cookies and helper/network calls are not reliably classified. No payloads, credentials, fixture usernames or concrete token paths are exported."
HEAD,/api/deliveries,member,api.deliveries.list,nearby-guest,boundary-asserted,boundary-asserted; observed-request-only,tests/security-audit-matrix.test.ts; tests/security-audit-matrix.test.ts:89:36,"authentication boundary: HTTP 401; assertion passed | Request observed in completed test suite; assertion and purpose not inferred: HTTP status counts {""401"": 1}","Disposable Fastify injection; missing resource IDs exercise global hooks, not resource ownership or valid payload processing. | May be fixture setup, valid feature/control or malformed request. Preload actor is best-effort at request start; share-bearer paths, revoked cookies and helper/network calls are not reliably classified. No payloads, credentials, fixture usernames or concrete token paths are exported."
HEAD,/api/deliveries,member,api.deliveries.list,same-network-stranger,boundary-asserted,boundary-asserted; observed-request-only,tests/security-audit-matrix.test.ts; tests/security-audit-matrix.test.ts:89:36,"authentication boundary: HTTP 401; assertion passed | Request observed in completed test suite; assertion and purpose not inferred: HTTP status counts {""401"": 1}","Disposable Fastify injection; missing resource IDs exercise global hooks, not resource ownership or valid payload processing. | May be fixture setup, valid feature/control or malformed request. Preload actor is best-effort at request start; share-bearer paths, revoked cookies and helper/network calls are not reliably classified. No payloads, credentials, fixture usernames or concrete token paths are exported."
HEAD,/api/deliveries,member,api.deliveries.list,cross-site-browser,not-checked,not-checked,,No attributed endpoint/actor evidence: Not checked,No claim of runtime testing or source review for this cell; may be outside intended authority.
HEAD,/api/deliveries,member,api.deliveries.list,session-without-csrf,not-checked,not-checked,,No attributed endpoint/actor evidence: Not checked,No claim of runtime testing or source review for this cell; may be outside intended authority.
HEAD,/api/deliveries,member,api.deliveries.list,rebound-host,boundary-asserted,boundary-asserted,tests/security-audit-matrix.test.ts,Host validation: HTTP 403; assertion passed,"Disposable Fastify injection; missing resource IDs exercise global hooks, not resource ownership or valid payload processing."
HEAD,/api/deliveries,member,api.deliveries.list,revoked-member,not-checked,not-checked,,No attributed endpoint/actor evidence: Not checked,No claim of runtime testing or source review for this cell; may be outside intended authority.
HEAD,/api/deliveries,member,api.deliveries.list,authentication-bearer,not-checked,not-checked,,No attributed endpoint/actor evidence: Not checked,No claim of runtime testing or source review for this cell; may be outside intended authority.
HEAD,/api/deliveries,member,api.deliveries.list,local-helper,not-checked,not-checked,,No attributed endpoint/actor evidence: Not checked,No claim of runtime testing or source review for this cell; may be outside intended authority.
POST,/api/deliveries,member,api.deliveries.create,anonymous,boundary-asserted,boundary-asserted; observed-request-only,tests/security-audit-matrix.test.ts; tests/security-audit-matrix.test.ts:101:39; tests/security-audit-matrix.test.ts:116:37; tests/security-audit-matrix.test.ts:89:36,"authentication boundary: HTTP 401; assertion passed | Request observed in completed test suite; assertion and purpose not inferred: HTTP status counts {""401"": 2, ""403"": 3}","Disposable Fastify injection; missing resource IDs exercise global hooks, not resource ownership or valid payload processing. | May be fixture setup, valid feature/control or malformed request. Preload actor is best-effort at request start; share-bearer paths, revoked cookies and helper/network calls are not reliably classified. No payloads, credentials, fixture usernames or concrete token paths are exported."
POST,/api/deliveries,member,api.deliveries.create,forged-session,boundary-asserted,boundary-asserted,tests/security-audit-matrix.test.ts,authentication boundary: HTTP 401; assertion passed,"Disposable Fastify injection; missing resource IDs exercise global hooks, not resource ownership or valid payload processing."
POST,/api/deliveries,member,api.deliveries.create,ordinary-member,boundary-asserted,boundary-asserted; observed-request-only,tests/deliveries.test.ts:120:18; tests/deliveries.test.ts:154:20; tests/deliveries.test.ts:192:21; tests/deliveries.test.ts:202:18; tests/deliveries.test.ts:244:36; tests/deliveries.test.ts:247:35; tests/deliveries.test.ts:249:14; tests/deliveries.test.ts:303:18; tests/deliveries.test.ts:47:35; tests/deliveries.test.ts:57:32; tests/deliveries.test.ts:61:27; tests/security-audit-content.test.ts:413,"Delivery cannot target a different member's device: 404 | Request observed in completed test suite; assertion and purpose not inferred: HTTP status counts {""200"": 209, ""404"": 3, ""409"": 3, ""410"": 1}","Disposable test instance; this assertion covers the named scenario only. | May be fixture setup, valid feature/control or malformed request. Preload actor is best-effort at request start; share-bearer paths, revoked cookies and helper/network calls are not reliably classified. No payloads, credentials, fixture usernames or concrete token paths are exported."
POST,/api/deliveries,member,api.deliveries.create,other-member,not-checked,not-checked,,No attributed endpoint/actor evidence: Not checked,No claim of runtime testing or source review for this cell; may be outside intended authority.
POST,/api/deliveries,member,api.deliveries.create,administrator,not-checked,not-checked,,No attributed endpoint/actor evidence: Not checked,No claim of runtime testing or source review for this cell; may be outside intended authority.
POST,/api/deliveries,member,api.deliveries.create,share-holder,boundary-asserted,boundary-asserted; observed-request-only,tests/security-audit-matrix.test.ts; tests/security-audit-matrix.test.ts:89:36,"authentication boundary: HTTP 401; assertion passed | Request observed in completed test suite; assertion and purpose not inferred: HTTP status counts {""401"": 1}","Disposable Fastify injection; missing resource IDs exercise global hooks, not resource ownership or valid payload processing. | May be fixture setup, valid feature/control or malformed request. Preload actor is best-effort at request start; share-bearer paths, revoked cookies and helper/network calls are not reliably classified. No payloads, credentials, fixture usernames or concrete token paths are exported."
POST,/api/deliveries,member,api.deliveries.create,request-guest,boundary-asserted,boundary-asserted; observed-request-only,tests/security-audit-matrix.test.ts; tests/security-audit-matrix.test.ts:89:36,"authentication boundary: HTTP 403; assertion passed | Request observed in completed test suite; assertion and purpose not inferred: HTTP status counts {""403"": 1}","Disposable Fastify injection; missing resource IDs exercise global hooks, not resource ownership or valid payload processing. | May be fixture setup, valid feature/control or malformed request. Preload actor is best-effort at request start; share-bearer paths, revoked cookies and helper/network calls are not reliably classified. No payloads, credentials, fixture usernames or concrete token paths are exported."
POST,/api/deliveries,member,api.deliveries.create,nearby-guest,boundary-asserted,boundary-asserted; observed-request-only,tests/security-audit-matrix.test.ts; tests/security-audit-matrix.test.ts:89:36,"authentication boundary: HTTP 401; assertion passed | Request observed in completed test suite; assertion and purpose not inferred: HTTP status counts {""401"": 1}","Disposable Fastify injection; missing resource IDs exercise global hooks, not resource ownership or valid payload processing. | May be fixture setup, valid feature/control or malformed request. Preload actor is best-effort at request start; share-bearer paths, revoked cookies and helper/network calls are not reliably classified. No payloads, credentials, fixture usernames or concrete token paths are exported."
POST,/api/deliveries,member,api.deliveries.create,same-network-stranger,boundary-asserted,boundary-asserted; observed-request-only,tests/security-audit-matrix.test.ts; tests/security-audit-matrix.test.ts:89:36,"authentication boundary: HTTP 401; assertion passed | Request observed in completed test suite; assertion and purpose not inferred: HTTP status counts {""401"": 1}","Disposable Fastify injection; missing resource IDs exercise global hooks, not resource ownership or valid payload processing. | May be fixture setup, valid feature/control or malformed request. Preload actor is best-effort at request start; share-bearer paths, revoked cookies and helper/network calls are not reliably classified. No payloads, credentials, fixture usernames or concrete token paths are exported."
POST,/api/deliveries,member,api.deliveries.create,cross-site-browser,boundary-asserted,boundary-asserted,tests/security-audit-matrix.test.ts,origin: HTTP 403; assertion passed | sec-fetch-site: HTTP 403; assertion passed,"Disposable Fastify injection; missing resource IDs exercise global hooks, not resource ownership or valid payload processing."
POST,/api/deliveries,member,api.deliveries.create,session-without-csrf,boundary-asserted,boundary-asserted,tests/security-audit-matrix.test.ts,CSRF token: HTTP 403; assertion passed,"Disposable Fastify injection; missing resource IDs exercise global hooks, not resource ownership or valid payload processing."
POST,/api/deliveries,member,api.deliveries.create,rebound-host,boundary-asserted,boundary-asserted,tests/security-audit-matrix.test.ts,Host validation: HTTP 403; assertion passed,"Disposable Fastify injection; missing resource IDs exercise global hooks, not resource ownership or valid payload processing."
POST,/api/deliveries,member,api.deliveries.create,revoked-member,not-checked,not-checked,,No attributed endpoint/actor evidence: Not checked,No claim of runtime testing or source review for this cell; may be outside intended authority.
POST,/api/deliveries,member,api.deliveries.create,authentication-bearer,not-checked,not-checked,,No attributed endpoint/actor evidence: Not checked,No claim of runtime testing or source review for this cell; may be outside intended authority.
POST,/api/deliveries,member,api.deliveries.create,local-helper,not-checked,not-checked,,No attributed endpoint/actor evidence: Not checked,No claim of runtime testing or source review for this cell; may be outside intended authority.
PATCH,/api/deliveries/:id,member,api.deliveries.update,anonymous,boundary-asserted,boundary-asserted; observed-request-only,tests/security-audit-matrix.test.ts; tests/security-audit-matrix.test.ts:101:39; tests/security-audit-matrix.test.ts:116:37; tests/security-audit-matrix.test.ts:89:36,"authentication boundary: HTTP 401; assertion passed | Request observed in completed test suite; assertion and purpose not inferred: HTTP status counts {""401"": 2, ""403"": 3}","Disposable Fastify injection; missing resource IDs exercise global hooks, not resource ownership or valid payload processing. | May be fixture setup, valid feature/control or malformed request. Preload actor is best-effort at request start; share-bearer paths, revoked cookies and helper/network calls are not reliably classified. No payloads, credentials, fixture usernames or concrete token paths are exported."
PATCH,/api/deliveries/:id,member,api.deliveries.update,forged-session,boundary-asserted,boundary-asserted,tests/security-audit-matrix.test.ts,authentication boundary: HTTP 401; assertion passed,"Disposable Fastify injection; missing resource IDs exercise global hooks, not resource ownership or valid payload processing."
PATCH,/api/deliveries/:id,member,api.deliveries.update,ordinary-member,boundary-asserted,boundary-asserted; allowed-control-asserted; observed-request-only,tests/deliveries.test.ts:121:34; tests/deliveries.test.ts:128:34; tests/deliveries.test.ts:136:15; tests/deliveries.test.ts:160:21; tests/deliveries.test.ts:313:37; tests/deliveries.test.ts:322:17; tests/deliveries.test.ts:325:19; tests/deliveries.test.ts:83:27; tests/deliveries.test.ts:88:34; tests/deliveries.test.ts:93:34; tests/deliveries.test.ts:97:34; tests/security-audit-content.test.ts:406; tests/security-audit-content.test.ts:420,"Only intended receiving device may answer or enumerate incoming delivery: Update 404; incoming collection empty | Intended receiving device can accept its delivery: 200; accepted/changed | Request observed in completed test suite; assertion and purpose not inferred: HTTP status counts {""200"": 108, ""404"": 2, ""410"": 1}","Disposable test instance; this assertion covers the named scenario only. | May be fixture setup, valid feature/control or malformed request. Preload actor is best-effort at request start; share-bearer paths, revoked cookies and helper/network calls are not reliably classified. No payloads, credentials, fixture usernames or concrete token paths are exported."
PATCH,/api/deliveries/:id,member,api.deliveries.update,other-member,boundary-asserted,boundary-asserted,tests/security-audit-content.test.ts:406,Only intended receiving device may answer or enumerate incoming delivery: Update 404; incoming collection empty,Disposable test instance; this assertion covers the named scenario only.
PATCH,/api/deliveries/:id,member,api.deliveries.update,administrator,not-checked,not-checked,,No attributed endpoint/actor evidence: Not checked,No claim of runtime testing or source review for this cell; may be outside intended authority.
PATCH,/api/deliveries/:id,member,api.deliveries.update,share-holder,boundary-asserted,boundary-asserted; observed-request-only,tests/security-audit-matrix.test.ts; tests/security-audit-matrix.test.ts:89:36,"authentication boundary: HTTP 401; assertion passed | Request observed in completed test suite; assertion and purpose not inferred: HTTP status counts {""401"": 1}","Disposable Fastify injection; missing resource IDs exercise global hooks, not resource ownership or valid payload processing. | May be fixture setup, valid feature/control or malformed request. Preload actor is best-effort at request start; share-bearer paths, revoked cookies and helper/network calls are not reliably classified. No payloads, credentials, fixture usernames or concrete token paths are exported."
PATCH,/api/deliveries/:id,member,api.deliveries.update,request-guest,boundary-asserted,boundary-asserted; observed-request-only,tests/security-audit-matrix.test.ts; tests/security-audit-matrix.test.ts:89:36,"authentication boundary: HTTP 403; assertion passed | Request observed in completed test suite; assertion and purpose not inferred: HTTP status counts {""403"": 1}","Disposable Fastify injection; missing resource IDs exercise global hooks, not resource ownership or valid payload processing. | May be fixture setup, valid feature/control or malformed request. Preload actor is best-effort at request start; share-bearer paths, revoked cookies and helper/network calls are not reliably classified. No payloads, credentials, fixture usernames or concrete token paths are exported."
PATCH,/api/deliveries/:id,member,api.deliveries.update,nearby-guest,boundary-asserted,boundary-asserted; observed-request-only,tests/security-audit-matrix.test.ts; tests/security-audit-matrix.test.ts:89:36,"authentication boundary: HTTP 401; assertion passed | Request observed in completed test suite; assertion and purpose not inferred: HTTP status counts {""401"": 1}","Disposable Fastify injection; missing resource IDs exercise global hooks, not resource ownership or valid payload processing. | May be fixture setup, valid feature/control or malformed request. Preload actor is best-effort at request start; share-bearer paths, revoked cookies and helper/network calls are not reliably classified. No payloads, credentials, fixture usernames or concrete token paths are exported."
PATCH,/api/deliveries/:id,member,api.deliveries.update,same-network-stranger,boundary-asserted,boundary-asserted; observed-request-only,tests/security-audit-matrix.test.ts; tests/security-audit-matrix.test.ts:89:36,"authentication boundary: HTTP 401; assertion passed | Request observed in completed test suite; assertion and purpose not inferred: HTTP status counts {""401"": 1}","Disposable Fastify injection; missing resource IDs exercise global hooks, not resource ownership or valid payload processing. | May be fixture setup, valid feature/control or malformed request. Preload actor is best-effort at request start; share-bearer paths, revoked cookies and helper/network calls are not reliably classified. No payloads, credentials, fixture usernames or concrete token paths are exported."
PATCH,/api/deliveries/:id,member,api.deliveries.update,cross-site-browser,boundary-asserted,boundary-asserted,tests/security-audit-matrix.test.ts,origin: HTTP 403; assertion passed | sec-fetch-site: HTTP 403; assertion passed,"Disposable Fastify injection; missing resource IDs exercise global hooks, not resource ownership or valid payload processing."
PATCH,/api/deliveries/:id,member,api.deliveries.update,session-without-csrf,boundary-asserted,boundary-asserted,tests/security-audit-matrix.test.ts,CSRF token: HTTP 403; assertion passed,"Disposable Fastify injection; missing resource IDs exercise global hooks, not resource ownership or valid payload processing."
PATCH,/api/deliveries/:id,member,api.deliveries.update,rebound-host,boundary-asserted,boundary-asserted,tests/security-audit-matrix.test.ts,Host validation: HTTP 403; assertion passed,"Disposable Fastify injection; missing resource IDs exercise global hooks, not resource ownership or valid payload processing."
PATCH,/api/deliveries/:id,member,api.deliveries.update,revoked-member,not-checked,not-checked,,No attributed endpoint/actor evidence: Not checked,No claim of runtime testing or source review for this cell; may be outside intended authority.
PATCH,/api/deliveries/:id,member,api.deliveries.update,authentication-bearer,not-checked,not-checked,,No attributed endpoint/actor evidence: Not checked,No claim of runtime testing or source review for this cell; may be outside intended authority.
PATCH,/api/deliveries/:id,member,api.deliveries.update,local-helper,not-checked,not-checked,,No attributed endpoint/actor evidence: Not checked,No claim of runtime testing or source review for this cell; may be outside intended authority.
GET,/api/events,member,raw route,anonymous,boundary-asserted,boundary-asserted; observed-request-only,tests/security-audit-auth-direct.test.ts:73:35; tests/security-audit-matrix.test.ts:116:37; tests/security-audit-matrix.test.ts:89:36; tests/security-audit-auth-direct.test.ts:74; tests/security-audit-matrix.test.ts,"authentication boundary: HTTP 401; assertion passed | Missing member credential or invalid bearer cannot open private event stream: 401/404 | Request observed in completed test suite; assertion and purpose not inferred: HTTP status counts {""401"": 3, ""403"": 1}","Disposable Fastify injection; missing resource IDs exercise global hooks, not resource ownership or valid payload processing. | Invalid synthetic bearer only; this assertion does not exercise a valid guest grant or automatic HEAD. | May be fixture setup, valid feature/control or malformed request. Preload actor is best-effort at request start; share-bearer paths, revoked cookies and helper/network calls are not reliably classified. No payloads, credentials, fixture usernames or concrete token paths are exported."
GET,/api/events,member,raw route,forged-session,boundary-asserted,boundary-asserted,tests/security-audit-matrix.test.ts,authentication boundary: HTTP 401; assertion passed,"Disposable Fastify injection; missing resource IDs exercise global hooks, not resource ownership or valid payload processing."
GET,/api/events,member,raw route,ordinary-member,not-checked,not-checked,,No attributed endpoint/actor evidence: Not checked,No claim of runtime testing or source review for this cell; may be outside intended authority.
GET,/api/events,member,raw route,other-member,not-checked,not-checked,,No attributed endpoint/actor evidence: Not checked,No claim of runtime testing or source review for this cell; may be outside intended authority.
GET,/api/events,member,raw route,administrator,not-checked,not-checked,,No attributed endpoint/actor evidence: Not checked,No claim of runtime testing or source review for this cell; may be outside intended authority.
GET,/api/events,member,raw route,share-holder,boundary-asserted,boundary-asserted; observed-request-only,tests/security-audit-matrix.test.ts; tests/security-audit-matrix.test.ts:89:36,"authentication boundary: HTTP 401; assertion passed | Request observed in completed test suite; assertion and purpose not inferred: HTTP status counts {""401"": 1}","Disposable Fastify injection; missing resource IDs exercise global hooks, not resource ownership or valid payload processing. | May be fixture setup, valid feature/control or malformed request. Preload actor is best-effort at request start; share-bearer paths, revoked cookies and helper/network calls are not reliably classified. No payloads, credentials, fixture usernames or concrete token paths are exported."
GET,/api/events,member,raw route,request-guest,boundary-asserted,boundary-asserted; observed-request-only,tests/security-audit-matrix.test.ts; tests/security-audit-matrix.test.ts:89:36,"authentication boundary: HTTP 401; assertion passed | Request observed in completed test suite; assertion and purpose not inferred: HTTP status counts {""401"": 1}","Disposable Fastify injection; missing resource IDs exercise global hooks, not resource ownership or valid payload processing. | May be fixture setup, valid feature/control or malformed request. Preload actor is best-effort at request start; share-bearer paths, revoked cookies and helper/network calls are not reliably classified. No payloads, credentials, fixture usernames or concrete token paths are exported."
GET,/api/events,member,raw route,nearby-guest,boundary-asserted,boundary-asserted; observed-request-only,tests/security-audit-matrix.test.ts; tests/security-audit-matrix.test.ts:89:36,"authentication boundary: HTTP 401; assertion passed | Request observed in completed test suite; assertion and purpose not inferred: HTTP status counts {""401"": 1}","Disposable Fastify injection; missing resource IDs exercise global hooks, not resource ownership or valid payload processing. | May be fixture setup, valid feature/control or malformed request. Preload actor is best-effort at request start; share-bearer paths, revoked cookies and helper/network calls are not reliably classified. No payloads, credentials, fixture usernames or concrete token paths are exported."
GET,/api/events,member,raw route,same-network-stranger,boundary-asserted,boundary-asserted; observed-request-only,tests/security-audit-matrix.test.ts; tests/security-audit-matrix.test.ts:89:36,"authentication boundary: HTTP 401; assertion passed | Request observed in completed test suite; assertion and purpose not inferred: HTTP status counts {""401"": 1}","Disposable Fastify injection; missing resource IDs exercise global hooks, not resource ownership or valid payload processing. | May be fixture setup, valid feature/control or malformed request. Preload actor is best-effort at request start; share-bearer paths, revoked cookies and helper/network calls are not reliably classified. No payloads, credentials, fixture usernames or concrete token paths are exported."
GET,/api/events,member,raw route,cross-site-browser,not-checked,not-checked,,No attributed endpoint/actor evidence: Not checked,No claim of runtime testing or source review for this cell; may be outside intended authority.
GET,/api/events,member,raw route,session-without-csrf,not-checked,not-checked,,No attributed endpoint/actor evidence: Not checked,No claim of runtime testing or source review for this cell; may be outside intended authority.
GET,/api/events,member,raw route,rebound-host,boundary-asserted,boundary-asserted,tests/security-audit-matrix.test.ts,Host validation: HTTP 403; assertion passed,"Disposable Fastify injection; missing resource IDs exercise global hooks, not resource ownership or valid payload processing."
GET,/api/events,member,raw route,revoked-member,security-property-asserted,security-property-asserted,tests/security-audit-auth-direct.test.ts:252,Already-open real HTTP event stream closes after account password changes: SSE ended with password-changed event,Stream established with live credentials and later revoked; not a new GET or HEAD after revocation.
GET,/api/events,member,raw route,authentication-bearer,not-checked,not-checked,,No attributed endpoint/actor evidence: Not checked,No claim of runtime testing or source review for this cell; may be outside intended authority.
GET,/api/events,member,raw route,local-helper,not-checked,not-checked,,No attributed endpoint/actor evidence: Not checked,No claim of runtime testing or source review for this cell; may be outside intended authority.
HEAD,/api/events,member,raw route,anonymous,boundary-asserted,boundary-asserted; observed-request-only,tests/security-audit-matrix.test.ts; tests/security-audit-matrix.test.ts:116:37; tests/security-audit-matrix.test.ts:89:36,"authentication boundary: HTTP 401; assertion passed | Request observed in completed test suite; assertion and purpose not inferred: HTTP status counts {""401"": 2, ""403"": 1}","Disposable Fastify injection; missing resource IDs exercise global hooks, not resource ownership or valid payload processing. | May be fixture setup, valid feature/control or malformed request. Preload actor is best-effort at request start; share-bearer paths, revoked cookies and helper/network calls are not reliably classified. No payloads, credentials, fixture usernames or concrete token paths are exported."
HEAD,/api/events,member,raw route,forged-session,boundary-asserted,boundary-asserted,tests/security-audit-matrix.test.ts,authentication boundary: HTTP 401; assertion passed,"Disposable Fastify injection; missing resource IDs exercise global hooks, not resource ownership or valid payload processing."
HEAD,/api/events,member,raw route,ordinary-member,not-checked,not-checked,,No attributed endpoint/actor evidence: Not checked,No claim of runtime testing or source review for this cell; may be outside intended authority.
HEAD,/api/events,member,raw route,other-member,not-checked,not-checked,,No attributed endpoint/actor evidence: Not checked,No claim of runtime testing or source review for this cell; may be outside intended authority.
HEAD,/api/events,member,raw route,administrator,not-checked,not-checked,,No attributed endpoint/actor evidence: Not checked,No claim of runtime testing or source review for this cell; may be outside intended authority.
HEAD,/api/events,member,raw route,share-holder,boundary-asserted,boundary-asserted; observed-request-only,tests/security-audit-matrix.test.ts; tests/security-audit-matrix.test.ts:89:36,"authentication boundary: HTTP 401; assertion passed | Request observed in completed test suite; assertion and purpose not inferred: HTTP status counts {""401"": 1}","Disposable Fastify injection; missing resource IDs exercise global hooks, not resource ownership or valid payload processing. | May be fixture setup, valid feature/control or malformed request. Preload actor is best-effort at request start; share-bearer paths, revoked cookies and helper/network calls are not reliably classified. No payloads, credentials, fixture usernames or concrete token paths are exported."
HEAD,/api/events,member,raw route,request-guest,boundary-asserted,boundary-asserted; observed-request-only,tests/security-audit-matrix.test.ts; tests/security-audit-matrix.test.ts:89:36,"authentication boundary: HTTP 401; assertion passed | Request observed in completed test suite; assertion and purpose not inferred: HTTP status counts {""401"": 1}","Disposable Fastify injection; missing resource IDs exercise global hooks, not resource ownership or valid payload processing. | May be fixture setup, valid feature/control or malformed request. Preload actor is best-effort at request start; share-bearer paths, revoked cookies and helper/network calls are not reliably classified. No payloads, credentials, fixture usernames or concrete token paths are exported."
HEAD,/api/events,member,raw route,nearby-guest,boundary-asserted,boundary-asserted; observed-request-only,tests/security-audit-matrix.test.ts; tests/security-audit-matrix.test.ts:89:36,"authentication boundary: HTTP 401; assertion passed | Request observed in completed test suite; assertion and purpose not inferred: HTTP status counts {""401"": 1}","Disposable Fastify injection; missing resource IDs exercise global hooks, not resource ownership or valid payload processing. | May be fixture setup, valid feature/control or malformed request. Preload actor is best-effort at request start; share-bearer paths, revoked cookies and helper/network calls are not reliably classified. No payloads, credentials, fixture usernames or concrete token paths are exported."
HEAD,/api/events,member,raw route,same-network-stranger,boundary-asserted,boundary-asserted; observed-request-only,tests/security-audit-matrix.test.ts; tests/security-audit-matrix.test.ts:89:36,"authentication boundary: HTTP 401; assertion passed | Request observed in completed test suite; assertion and purpose not inferred: HTTP status counts {""401"": 1}","Disposable Fastify injection; missing resource IDs exercise global hooks, not resource ownership or valid payload processing. | May be fixture setup, valid feature/control or malformed request. Preload actor is best-effort at request start; share-bearer paths, revoked cookies and helper/network calls are not reliably classified. No payloads, credentials, fixture usernames or concrete token paths are exported."
HEAD,/api/events,member,raw route,cross-site-browser,not-checked,not-checked,,No attributed endpoint/actor evidence: Not checked,No claim of runtime testing or source review for this cell; may be outside intended authority.
HEAD,/api/events,member,raw route,session-without-csrf,not-checked,not-checked,,No attributed endpoint/actor evidence: Not checked,No claim of runtime testing or source review for this cell; may be outside intended authority.
HEAD,/api/events,member,raw route,rebound-host,boundary-asserted,boundary-asserted,tests/security-audit-matrix.test.ts,Host validation: HTTP 403; assertion passed,"Disposable Fastify injection; missing resource IDs exercise global hooks, not resource ownership or valid payload processing."
HEAD,/api/events,member,raw route,revoked-member,not-checked,not-checked,,No attributed endpoint/actor evidence: Not checked,No claim of runtime testing or source review for this cell; may be outside intended authority.
HEAD,/api/events,member,raw route,authentication-bearer,not-checked,not-checked,,No attributed endpoint/actor evidence: Not checked,No claim of runtime testing or source review for this cell; may be outside intended authority.
HEAD,/api/events,member,raw route,local-helper,not-checked,not-checked,,No attributed endpoint/actor evidence: Not checked,No claim of runtime testing or source review for this cell; may be outside intended authority.
GET,/api/r/:token,public,api.requests.open,anonymous,allowed-control-asserted,allowed-control-asserted; observed-request-only,tests/requests.test.ts:128:35; tests/requests.test.ts:151:36; tests/requests.test.ts:175:34; tests/requests.test.ts:303:52; tests/requests.test.ts:307:52; tests/requests.test.ts:323:52; tests/requests.test.ts:608:46; tests/requests.test.ts:703:39; tests/requests.test.ts:705:39; tests/requests.test.ts:740:39; tests/security-audit-matrix.test.ts:116:37; tests/security-audit-public-head.test.ts:249,"Expected authorized/public status control: valid public request metadata: HTTP 200; real HEAD has zero body bytes; GET authorization status matches | Request observed in completed test suite; assertion and purpose not inferred: HTTP status counts {""200"": 6, ""403"": 1, ""404"": 1, ""410"": 3}","May be fixture setup, valid feature/control or malformed request. Preload actor is best-effort at request start; share-bearer paths, revoked cookies and helper/network calls are not reliably classified. No payloads, credentials, fixture usernames or concrete token paths are exported. | Real ephemeral HTTP for every HEAD and SSE GET; other GET counterparts use disposable harness injection. Named bearer/grant lifecycle case only; no deployed authenticated actors."
GET,/api/r/:token,public,api.requests.open,forged-session,not-checked,not-checked,,No attributed endpoint/actor evidence: Not checked,No claim of runtime testing or source review for this cell; may be outside intended authority.
GET,/api/r/:token,public,api.requests.open,ordinary-member,not-checked,not-checked,,No attributed endpoint/actor evidence: Not checked,No claim of runtime testing or source review for this cell; may be outside intended authority.
GET,/api/r/:token,public,api.requests.open,other-member,not-checked,not-checked,,No attributed endpoint/actor evidence: Not checked,No claim of runtime testing or source review for this cell; may be outside intended authority.
GET,/api/r/:token,public,api.requests.open,administrator,not-checked,not-checked,,No attributed endpoint/actor evidence: Not checked,No claim of runtime testing or source review for this cell; may be outside intended authority.
GET,/api/r/:token,public,api.requests.open,share-holder,not-checked,not-checked,,No attributed endpoint/actor evidence: Not checked,No claim of runtime testing or source review for this cell; may be outside intended authority.
GET,/api/r/:token,public,api.requests.open,request-guest,boundary-asserted,boundary-asserted; allowed-control-asserted; observed-request-only,tests/requests.test.ts:108:33; tests/requests.test.ts:785:39; tests/requests.test.ts:91:33; tests/security-audit-public-head.test.ts:249,"Expected authorized/public status control: valid public request metadata: HTTP 200; real HEAD has zero body bytes; GET authorization status matches | Resource/capability boundary: invalid resource token with a valid unrelated grant: HTTP 404; real HEAD has zero body bytes and no sensitive resource/upload headers; GET authorization status matches | Expected authorized/public status control: expired grant does not hide public request metadata: HTTP 200; real HEAD has zero body bytes; GET authorization status matches | Resource/capability boundary: expired request: HTTP 410; real HEAD has zero body bytes and no sensitive resource/upload headers; GET authorization status matches | Resource/capability boundary: closed request: HTTP 410; real HEAD has zero body bytes and no sensitive resource/upload headers; GET authorization status matches | Request observed in completed test suite; assertion and purpose not inferred: HTTP status counts {""200"": 3}","May be fixture setup, valid feature/control or malformed request. Preload actor is best-effort at request start; share-bearer paths, revoked cookies and helper/network calls are not reliably classified. No payloads, credentials, fixture usernames or concrete token paths are exported. | Real ephemeral HTTP for every HEAD and SSE GET; other GET counterparts use disposable harness injection. Named bearer/grant lifecycle case only; no deployed authenticated actors."
GET,/api/r/:token,public,api.requests.open,nearby-guest,not-checked,not-checked,,No attributed endpoint/actor evidence: Not checked,No claim of runtime testing or source review for this cell; may be outside intended authority.
GET,/api/r/:token,public,api.requests.open,same-network-stranger,not-checked,not-checked,,No attributed endpoint/actor evidence: Not checked,No claim of runtime testing or source review for this cell; may be outside intended authority.
GET,/api/r/:token,public,api.requests.open,cross-site-browser,not-checked,not-checked,,No attributed endpoint/actor evidence: Not checked,No claim of runtime testing or source review for this cell; may be outside intended authority.
GET,/api/r/:token,public,api.requests.open,session-without-csrf,not-checked,not-checked,,No attributed endpoint/actor evidence: Not checked,No claim of runtime testing or source review for this cell; may be outside intended authority.
GET,/api/r/:token,public,api.requests.open,rebound-host,boundary-asserted,boundary-asserted,tests/security-audit-matrix.test.ts,Host validation: HTTP 403; assertion passed,"Disposable Fastify injection; missing resource IDs exercise global hooks, not resource ownership or valid payload processing."
GET,/api/r/:token,public,api.requests.open,revoked-member,not-checked,not-checked,,No attributed endpoint/actor evidence: Not checked,No claim of runtime testing or source review for this cell; may be outside intended authority.
GET,/api/r/:token,public,api.requests.open,authentication-bearer,not-checked,not-checked,,No attributed endpoint/actor evidence: Not checked,No claim of runtime testing or source review for this cell; may be outside intended authority.
GET,/api/r/:token,public,api.requests.open,local-helper,not-checked,not-checked,,No attributed endpoint/actor evidence: Not checked,No claim of runtime testing or source review for this cell; may be outside intended authority.
HEAD,/api/r/:token,public,api.requests.open,anonymous,allowed-control-asserted,allowed-control-asserted; observed-request-only,tests/security-audit-matrix.test.ts:116:37; tests/security-audit-public-head.test.ts:249,"Expected authorized/public status control: valid public request metadata: HTTP 200; real HEAD has zero body bytes; GET authorization status matches | Request observed in completed test suite; assertion and purpose not inferred: HTTP status counts {""403"": 1}","May be fixture setup, valid feature/control or malformed request. Preload actor is best-effort at request start; share-bearer paths, revoked cookies and helper/network calls are not reliably classified. No payloads, credentials, fixture usernames or concrete token paths are exported. | Real ephemeral HTTP for every HEAD and SSE GET; other GET counterparts use disposable harness injection. Named bearer/grant lifecycle case only; no deployed authenticated actors."
HEAD,/api/r/:token,public,api.requests.open,forged-session,not-checked,not-checked,,No attributed endpoint/actor evidence: Not checked,No claim of runtime testing or source review for this cell; may be outside intended authority.
HEAD,/api/r/:token,public,api.requests.open,ordinary-member,not-checked,not-checked,,No attributed endpoint/actor evidence: Not checked,No claim of runtime testing or source review for this cell; may be outside intended authority.
HEAD,/api/r/:token,public,api.requests.open,other-member,not-checked,not-checked,,No attributed endpoint/actor evidence: Not checked,No claim of runtime testing or source review for this cell; may be outside intended authority.
HEAD,/api/r/:token,public,api.requests.open,administrator,not-checked,not-checked,,No attributed endpoint/actor evidence: Not checked,No claim of runtime testing or source review for this cell; may be outside intended authority.
HEAD,/api/r/:token,public,api.requests.open,share-holder,not-checked,not-checked,,No attributed endpoint/actor evidence: Not checked,No claim of runtime testing or source review for this cell; may be outside intended authority.
HEAD,/api/r/:token,public,api.requests.open,request-guest,boundary-asserted,boundary-asserted; allowed-control-asserted,tests/security-audit-public-head.test.ts:249,Expected authorized/public status control: valid public request metadata: HTTP 200; real HEAD has zero body bytes; GET authorization status matches | Resource/capability boundary: invalid resource token with a valid unrelated grant: HTTP 404; real HEAD has zero body bytes and no sensitive resource/upload headers; GET authorization status matches | Expected authorized/public status control: expired grant does not hide public request metadata: HTTP 200; real HEAD has zero body bytes; GET authorization status matches | Resource/capability boundary: expired request: HTTP 410; real HEAD has zero body bytes and no sensitive resource/upload headers; GET authorization status matches | Resource/capability boundary: closed request: HTTP 410; real HEAD has zero body bytes and no sensitive resource/upload headers; GET authorization status matches,Real ephemeral HTTP for every HEAD and SSE GET; other GET counterparts use disposable harness injection. Named bearer/grant lifecycle case only; no deployed authenticated actors.
HEAD,/api/r/:token,public,api.requests.open,nearby-guest,not-checked,not-checked,,No attributed endpoint/actor evidence: Not checked,No claim of runtime testing or source review for this cell; may be outside intended authority.
HEAD,/api/r/:token,public,api.requests.open,same-network-stranger,not-checked,not-checked,,No attributed endpoint/actor evidence: Not checked,No claim of runtime testing or source review for this cell; may be outside intended authority.
HEAD,/api/r/:token,public,api.requests.open,cross-site-browser,not-checked,not-checked,,No attributed endpoint/actor evidence: Not checked,No claim of runtime testing or source review for this cell; may be outside intended authority.
HEAD,/api/r/:token,public,api.requests.open,session-without-csrf,not-checked,not-checked,,No attributed endpoint/actor evidence: Not checked,No claim of runtime testing or source review for this cell; may be outside intended authority.
HEAD,/api/r/:token,public,api.requests.open,rebound-host,boundary-asserted,boundary-asserted,tests/security-audit-matrix.test.ts,Host validation: HTTP 403; assertion passed,"Disposable Fastify injection; missing resource IDs exercise global hooks, not resource ownership or valid payload processing."
HEAD,/api/r/:token,public,api.requests.open,revoked-member,not-checked,not-checked,,No attributed endpoint/actor evidence: Not checked,No claim of runtime testing or source review for this cell; may be outside intended authority.
HEAD,/api/r/:token,public,api.requests.open,authentication-bearer,not-checked,not-checked,,No attributed endpoint/actor evidence: Not checked,No claim of runtime testing or source review for this cell; may be outside intended authority.
HEAD,/api/r/:token,public,api.requests.open,local-helper,not-checked,not-checked,,No attributed endpoint/actor evidence: Not checked,No claim of runtime testing or source review for this cell; may be outside intended authority.
GET,/api/r/:token/events,raw,raw route,anonymous,boundary-asserted,boundary-asserted; observed-request-only,tests/security-audit-auth-direct.test.ts:73:35; tests/security-audit-matrix.test.ts:116:37; tests/security-audit-auth-direct.test.ts:74; tests/security-audit-public-head.test.ts:249,"Missing member credential or invalid bearer cannot open private event stream: 401/404 | Resource/capability boundary: valid request bearer without a grant: HTTP 401; real HEAD has zero body bytes and no sensitive resource/upload headers; GET authorization status matches | Request observed in completed test suite; assertion and purpose not inferred: HTTP status counts {""403"": 1, ""404"": 1}","Invalid synthetic bearer only; this assertion does not exercise a valid guest grant or automatic HEAD. | May be fixture setup, valid feature/control or malformed request. Preload actor is best-effort at request start; share-bearer paths, revoked cookies and helper/network calls are not reliably classified. No payloads, credentials, fixture usernames or concrete token paths are exported. | Real ephemeral HTTP for every HEAD and SSE GET; other GET counterparts use disposable harness injection. Named bearer/grant lifecycle case only; no deployed authenticated actors."
GET,/api/r/:token/events,raw,raw route,forged-session,not-checked,not-checked,,No attributed endpoint/actor evidence: Not checked,No claim of runtime testing or source review for this cell; may be outside intended authority.
GET,/api/r/:token/events,raw,raw route,ordinary-member,not-checked,not-checked,,No attributed endpoint/actor evidence: Not checked,No claim of runtime testing or source review for this cell; may be outside intended authority.
GET,/api/r/:token/events,raw,raw route,other-member,not-checked,not-checked,,No attributed endpoint/actor evidence: Not checked,No claim of runtime testing or source review for this cell; may be outside intended authority.
GET,/api/r/:token/events,raw,raw route,administrator,not-checked,not-checked,,No attributed endpoint/actor evidence: Not checked,No claim of runtime testing or source review for this cell; may be outside intended authority.
GET,/api/r/:token/events,raw,raw route,share-holder,not-checked,not-checked,,No attributed endpoint/actor evidence: Not checked,No claim of runtime testing or source review for this cell; may be outside intended authority.
GET,/api/r/:token/events,raw,raw route,request-guest,boundary-asserted,boundary-asserted; allowed-control-asserted,tests/security-audit-public-head.test.ts:249,Expected authorized/public status control: matching request grant: HTTP 200; real HEAD has zero body bytes; GET authorization status matches | Resource/capability boundary: foreign request cookie cannot scope stream: HTTP 401; real HEAD has zero body bytes and no sensitive resource/upload headers; GET authorization status matches | Resource/capability boundary: invalid resource token with a valid unrelated grant: HTTP 404; real HEAD has zero body bytes and no sensitive resource/upload headers; GET authorization status matches | Resource/capability boundary: expired grant cannot open stream: HTTP 401; real HEAD has zero body bytes and no sensitive resource/upload headers; GET authorization status matches | Resource/capability boundary: expired request invalidates grant: HTTP 401; real HEAD has zero body bytes and no sensitive resource/upload headers; GET authorization status matches | Resource/capability boundary: closed request invalidates guest stream: HTTP 401; real HEAD has zero body bytes and no sensitive resource/upload headers; GET authorization status matches,Real ephemeral HTTP for every HEAD and SSE GET; other GET counterparts use disposable harness injection. Named bearer/grant lifecycle case only; no deployed authenticated actors.
GET,/api/r/:token/events,raw,raw route,nearby-guest,not-checked,not-checked,,No attributed endpoint/actor evidence: Not checked,No claim of runtime testing or source review for this cell; may be outside intended authority.
GET,/api/r/:token/events,raw,raw route,same-network-stranger,not-checked,not-checked,,No attributed endpoint/actor evidence: Not checked,No claim of runtime testing or source review for this cell; may be outside intended authority.
GET,/api/r/:token/events,raw,raw route,cross-site-browser,not-checked,not-checked,,No attributed endpoint/actor evidence: Not checked,No claim of runtime testing or source review for this cell; may be outside intended authority.
GET,/api/r/:token/events,raw,raw route,session-without-csrf,not-checked,not-checked,,No attributed endpoint/actor evidence: Not checked,No claim of runtime testing or source review for this cell; may be outside intended authority.
GET,/api/r/:token/events,raw,raw route,rebound-host,boundary-asserted,boundary-asserted,tests/security-audit-matrix.test.ts,Host validation: HTTP 403; assertion passed,"Disposable Fastify injection; missing resource IDs exercise global hooks, not resource ownership or valid payload processing."
GET,/api/r/:token/events,raw,raw route,revoked-member,not-checked,not-checked,,No attributed endpoint/actor evidence: Not checked,No claim of runtime testing or source review for this cell; may be outside intended authority.
GET,/api/r/:token/events,raw,raw route,authentication-bearer,not-checked,not-checked,,No attributed endpoint/actor evidence: Not checked,No claim of runtime testing or source review for this cell; may be outside intended authority.
GET,/api/r/:token/events,raw,raw route,local-helper,not-checked,not-checked,,No attributed endpoint/actor evidence: Not checked,No claim of runtime testing or source review for this cell; may be outside intended authority.
HEAD,/api/r/:token/events,raw,raw route,anonymous,boundary-asserted,boundary-asserted; observed-request-only,tests/security-audit-matrix.test.ts:116:37; tests/security-audit-public-head.test.ts:249,"Resource/capability boundary: valid request bearer without a grant: HTTP 401; real HEAD has zero body bytes and no sensitive resource/upload headers; GET authorization status matches | Request observed in completed test suite; assertion and purpose not inferred: HTTP status counts {""403"": 1}","May be fixture setup, valid feature/control or malformed request. Preload actor is best-effort at request start; share-bearer paths, revoked cookies and helper/network calls are not reliably classified. No payloads, credentials, fixture usernames or concrete token paths are exported. | Real ephemeral HTTP for every HEAD and SSE GET; other GET counterparts use disposable harness injection. Named bearer/grant lifecycle case only; no deployed authenticated actors."
HEAD,/api/r/:token/events,raw,raw route,forged-session,not-checked,not-checked,,No attributed endpoint/actor evidence: Not checked,No claim of runtime testing or source review for this cell; may be outside intended authority.
HEAD,/api/r/:token/events,raw,raw route,ordinary-member,not-checked,not-checked,,No attributed endpoint/actor evidence: Not checked,No claim of runtime testing or source review for this cell; may be outside intended authority.
HEAD,/api/r/:token/events,raw,raw route,other-member,not-checked,not-checked,,No attributed endpoint/actor evidence: Not checked,No claim of runtime testing or source review for this cell; may be outside intended authority.
HEAD,/api/r/:token/events,raw,raw route,administrator,not-checked,not-checked,,No attributed endpoint/actor evidence: Not checked,No claim of runtime testing or source review for this cell; may be outside intended authority.
HEAD,/api/r/:token/events,raw,raw route,share-holder,not-checked,not-checked,,No attributed endpoint/actor evidence: Not checked,No claim of runtime testing or source review for this cell; may be outside intended authority.
HEAD,/api/r/:token/events,raw,raw route,request-guest,boundary-asserted,boundary-asserted; allowed-control-asserted,tests/security-audit-public-head.test.ts:249,Expected authorized/public status control: matching request grant: HTTP 200; real HEAD has zero body bytes; GET authorization status matches | Resource/capability boundary: foreign request cookie cannot scope stream: HTTP 401; real HEAD has zero body bytes and no sensitive resource/upload headers; GET authorization status matches | Resource/capability boundary: invalid resource token with a valid unrelated grant: HTTP 404; real HEAD has zero body bytes and no sensitive resource/upload headers; GET authorization status matches | Resource/capability boundary: expired grant cannot open stream: HTTP 401; real HEAD has zero body bytes and no sensitive resource/upload headers; GET authorization status matches | Resource/capability boundary: expired request invalidates grant: HTTP 401; real HEAD has zero body bytes and no sensitive resource/upload headers; GET authorization status matches | Resource/capability boundary: closed request invalidates guest stream: HTTP 401; real HEAD has zero body bytes and no sensitive resource/upload headers; GET authorization status matches,Real ephemeral HTTP for every HEAD and SSE GET; other GET counterparts use disposable harness injection. Named bearer/grant lifecycle case only; no deployed authenticated actors.
HEAD,/api/r/:token/events,raw,raw route,nearby-guest,not-checked,not-checked,,No attributed endpoint/actor evidence: Not checked,No claim of runtime testing or source review for this cell; may be outside intended authority.
HEAD,/api/r/:token/events,raw,raw route,same-network-stranger,not-checked,not-checked,,No attributed endpoint/actor evidence: Not checked,No claim of runtime testing or source review for this cell; may be outside intended authority.
HEAD,/api/r/:token/events,raw,raw route,cross-site-browser,not-checked,not-checked,,No attributed endpoint/actor evidence: Not checked,No claim of runtime testing or source review for this cell; may be outside intended authority.
HEAD,/api/r/:token/events,raw,raw route,session-without-csrf,not-checked,not-checked,,No attributed endpoint/actor evidence: Not checked,No claim of runtime testing or source review for this cell; may be outside intended authority.
HEAD,/api/r/:token/events,raw,raw route,rebound-host,boundary-asserted,boundary-asserted,tests/security-audit-matrix.test.ts,Host validation: HTTP 403; assertion passed,"Disposable Fastify injection; missing resource IDs exercise global hooks, not resource ownership or valid payload processing."
HEAD,/api/r/:token/events,raw,raw route,revoked-member,not-checked,not-checked,,No attributed endpoint/actor evidence: Not checked,No claim of runtime testing or source review for this cell; may be outside intended authority.
HEAD,/api/r/:token/events,raw,raw route,authentication-bearer,not-checked,not-checked,,No attributed endpoint/actor evidence: Not checked,No claim of runtime testing or source review for this cell; may be outside intended authority.
HEAD,/api/r/:token/events,raw,raw route,local-helper,not-checked,not-checked,,No attributed endpoint/actor evidence: Not checked,No claim of runtime testing or source review for this cell; may be outside intended authority.
POST,/api/r/:token/start,public,api.requests.start,anonymous,observed-request-only,observed-request-only,tests/requests.test.ts:543:35; tests/requests.test.ts:54:30; tests/security-audit-matrix.test.ts:101:39; tests/security-audit-matrix.test.ts:116:37; tests/security-audit-matrix.test.ts:42:31; tests/transfers.test.ts:411:17; tests/transfers.test.ts:458:17; tests/transfers.test.ts:501:17,"Request observed in completed test suite; assertion and purpose not inferred: HTTP status counts {""200"": 27, ""403"": 3}","May be fixture setup, valid feature/control or malformed request. Preload actor is best-effort at request start; share-bearer paths, revoked cookies and helper/network calls are not reliably classified. No payloads, credentials, fixture usernames or concrete token paths are exported."
POST,/api/r/:token/start,public,api.requests.start,forged-session,not-checked,not-checked,,No attributed endpoint/actor evidence: Not checked,No claim of runtime testing or source review for this cell; may be outside intended authority.
POST,/api/r/:token/start,public,api.requests.start,ordinary-member,not-checked,not-checked,,No attributed endpoint/actor evidence: Not checked,No claim of runtime testing or source review for this cell; may be outside intended authority.
POST,/api/r/:token/start,public,api.requests.start,other-member,not-checked,not-checked,,No attributed endpoint/actor evidence: Not checked,No claim of runtime testing or source review for this cell; may be outside intended authority.
POST,/api/r/:token/start,public,api.requests.start,administrator,not-checked,not-checked,,No attributed endpoint/actor evidence: Not checked,No claim of runtime testing or source review for this cell; may be outside intended authority.
POST,/api/r/:token/start,public,api.requests.start,share-holder,not-checked,not-checked,,No attributed endpoint/actor evidence: Not checked,No claim of runtime testing or source review for this cell; may be outside intended authority.
POST,/api/r/:token/start,public,api.requests.start,request-guest,boundary-asserted,boundary-asserted; observed-request-only,tests/requests.test.ts:181:36; tests/requests.test.ts:304:39; tests/requests.test.ts:324:39; tests/requests.test.ts:340:39; tests/requests.test.ts:343:39; tests/requests.test.ts:565:36; tests/security-audit-content.test.ts:330,"Closing request denies outstanding guest work and new grants: PATCH 401; start/transfer 410 | Request observed in completed test suite; assertion and purpose not inferred: HTTP status counts {""200"": 3, ""410"": 3}","Disposable test instance; this assertion covers the named scenario only. | May be fixture setup, valid feature/control or malformed request. Preload actor is best-effort at request start; share-bearer paths, revoked cookies and helper/network calls are not reliably classified. No payloads, credentials, fixture usernames or concrete token paths are exported."
POST,/api/r/:token/start,public,api.requests.start,nearby-guest,not-checked,not-checked,,No attributed endpoint/actor evidence: Not checked,No claim of runtime testing or source review for this cell; may be outside intended authority.
POST,/api/r/:token/start,public,api.requests.start,same-network-stranger,not-checked,not-checked,,No attributed endpoint/actor evidence: Not checked,No claim of runtime testing or source review for this cell; may be outside intended authority.
POST,/api/r/:token/start,public,api.requests.start,cross-site-browser,boundary-asserted,boundary-asserted,tests/security-audit-matrix.test.ts,origin: HTTP 403; assertion passed | sec-fetch-site: HTTP 403; assertion passed,"Disposable Fastify injection; missing resource IDs exercise global hooks, not resource ownership or valid payload processing."
POST,/api/r/:token/start,public,api.requests.start,session-without-csrf,not-checked,not-checked,,No attributed endpoint/actor evidence: Not checked,No claim of runtime testing or source review for this cell; may be outside intended authority.
POST,/api/r/:token/start,public,api.requests.start,rebound-host,boundary-asserted,boundary-asserted,tests/security-audit-matrix.test.ts,Host validation: HTTP 403; assertion passed,"Disposable Fastify injection; missing resource IDs exercise global hooks, not resource ownership or valid payload processing."
POST,/api/r/:token/start,public,api.requests.start,revoked-member,not-checked,not-checked,,No attributed endpoint/actor evidence: Not checked,No claim of runtime testing or source review for this cell; may be outside intended authority.
POST,/api/r/:token/start,public,api.requests.start,authentication-bearer,not-checked,not-checked,,No attributed endpoint/actor evidence: Not checked,No claim of runtime testing or source review for this cell; may be outside intended authority.
POST,/api/r/:token/start,public,api.requests.start,local-helper,not-checked,not-checked,,No attributed endpoint/actor evidence: Not checked,No claim of runtime testing or source review for this cell; may be outside intended authority.
POST,/api/r/:token/transfers,any,api.requests.transfer,anonymous,observed-request-only,observed-request-only,tests/requests.test.ts:67:10; tests/security-audit-matrix.test.ts:101:39; tests/security-audit-matrix.test.ts:116:37,"Request observed in completed test suite; assertion and purpose not inferred: HTTP status counts {""401"": 1, ""403"": 3}","May be fixture setup, valid feature/control or malformed request. Preload actor is best-effort at request start; share-bearer paths, revoked cookies and helper/network calls are not reliably classified. No payloads, credentials, fixture usernames or concrete token paths are exported."
POST,/api/r/:token/transfers,any,api.requests.transfer,forged-session,not-checked,not-checked,,No attributed endpoint/actor evidence: Not checked,No claim of runtime testing or source review for this cell; may be outside intended authority.
POST,/api/r/:token/transfers,any,api.requests.transfer,ordinary-member,not-checked,not-checked,,No attributed endpoint/actor evidence: Not checked,No claim of runtime testing or source review for this cell; may be outside intended authority.
POST,/api/r/:token/transfers,any,api.requests.transfer,other-member,not-checked,not-checked,,No attributed endpoint/actor evidence: Not checked,No claim of runtime testing or source review for this cell; may be outside intended authority.
POST,/api/r/:token/transfers,any,api.requests.transfer,administrator,not-checked,not-checked,,No attributed endpoint/actor evidence: Not checked,No claim of runtime testing or source review for this cell; may be outside intended authority.
POST,/api/r/:token/transfers,any,api.requests.transfer,share-holder,not-checked,not-checked,,No attributed endpoint/actor evidence: Not checked,No claim of runtime testing or source review for this cell; may be outside intended authority.
POST,/api/r/:token/transfers,any,api.requests.transfer,request-guest,boundary-asserted,boundary-asserted; security-property-asserted; observed-request-only,tests/requests.test.ts:67:10; tests/transfers.test.ts:416:33; tests/transfers.test.ts:465:31; tests/transfers.test.ts:466:31; tests/transfers.test.ts:469:32; tests/transfers.test.ts:474:31; tests/transfers.test.ts:505:34; tests/transfers.test.ts:507:19; tests/transfers.test.ts:513:15; tests/security-audit-content.test.ts:270; tests/security-audit-content.test.ts:285; tests/security-audit-content.test.ts:330; tests/security-audit-content.test.ts:357; tests/security-audit-content.test.ts:477,"Foreign-request cookie and renamed cookie cannot grant another intake: 401 | Unknown owner/item/text/retention fields cannot override server-selected request target: 200; separate request-owned item and no injected text | Closing request denies outstanding guest work and new grants: PATCH 401; start/transfer 410 | Concurrent guest reservations cannot exceed request bytes: One accepted; rival 413; cancellation releases reservation | Member reservations and guest intake share owner's storage quota: 413 overflow; accepted bytes counted | Request observed in completed test suite; assertion and purpose not inferred: HTTP status counts {""200"": 48, ""400"": 1, ""401"": 1, ""409"": 1, ""410"": 4, ""413"": 4, ""429"": 1}","Disposable test instance; this assertion covers the named scenario only. | May be fixture setup, valid feature/control or malformed request. Preload actor is best-effort at request start; share-bearer paths, revoked cookies and helper/network calls are not reliably classified. No payloads, credentials, fixture usernames or concrete token paths are exported."
POST,/api/r/:token/transfers,any,api.requests.transfer,nearby-guest,not-checked,not-checked,,No attributed endpoint/actor evidence: Not checked,No claim of runtime testing or source review for this cell; may be outside intended authority.
POST,/api/r/:token/transfers,any,api.requests.transfer,same-network-stranger,not-checked,not-checked,,No attributed endpoint/actor evidence: Not checked,No claim of runtime testing or source review for this cell; may be outside intended authority.
POST,/api/r/:token/transfers,any,api.requests.transfer,cross-site-browser,boundary-asserted,boundary-asserted,tests/security-audit-matrix.test.ts,origin: HTTP 403; assertion passed | sec-fetch-site: HTTP 403; assertion passed,"Disposable Fastify injection; missing resource IDs exercise global hooks, not resource ownership or valid payload processing."
POST,/api/r/:token/transfers,any,api.requests.transfer,session-without-csrf,not-checked,not-checked,,No attributed endpoint/actor evidence: Not checked,No claim of runtime testing or source review for this cell; may be outside intended authority.
POST,/api/r/:token/transfers,any,api.requests.transfer,rebound-host,boundary-asserted,boundary-asserted,tests/security-audit-matrix.test.ts,Host validation: HTTP 403; assertion passed,"Disposable Fastify injection; missing resource IDs exercise global hooks, not resource ownership or valid payload processing."
POST,/api/r/:token/transfers,any,api.requests.transfer,revoked-member,not-checked,not-checked,,No attributed endpoint/actor evidence: Not checked,No claim of runtime testing or source review for this cell; may be outside intended authority.
POST,/api/r/:token/transfers,any,api.requests.transfer,authentication-bearer,not-checked,not-checked,,No attributed endpoint/actor evidence: Not checked,No claim of runtime testing or source review for this cell; may be outside intended authority.
POST,/api/r/:token/transfers,any,api.requests.transfer,local-helper,not-checked,not-checked,,No attributed endpoint/actor evidence: Not checked,No claim of runtime testing or source review for this cell; may be outside intended authority.
GET,/api/requests,member,api.requests.list,anonymous,boundary-asserted,boundary-asserted; observed-request-only,tests/security-audit-matrix.test.ts; tests/security-audit-matrix.test.ts:116:37; tests/security-audit-matrix.test.ts:89:36,"authentication boundary: HTTP 401; assertion passed | Request observed in completed test suite; assertion and purpose not inferred: HTTP status counts {""401"": 2, ""403"": 1}","Disposable Fastify injection; missing resource IDs exercise global hooks, not resource ownership or valid payload processing. | May be fixture setup, valid feature/control or malformed request. Preload actor is best-effort at request start; share-bearer paths, revoked cookies and helper/network calls are not reliably classified. No payloads, credentials, fixture usernames or concrete token paths are exported."
GET,/api/requests,member,api.requests.list,forged-session,boundary-asserted,boundary-asserted,tests/security-audit-matrix.test.ts,authentication boundary: HTTP 401; assertion passed,"Disposable Fastify injection; missing resource IDs exercise global hooks, not resource ownership or valid payload processing."
GET,/api/requests,member,api.requests.list,ordinary-member,observed-request-only,observed-request-only,tests/requests.test.ts:109:31; tests/requests.test.ts:153:32; tests/requests.test.ts:164:33; tests/requests.test.ts:297:34; tests/requests.test.ts:428:32; tests/requests.test.ts:505:45; tests/requests.test.ts:606:35; tests/requests.test.ts:692:31; tests/requests.test.ts:717:31; tests/requests.test.ts:719:31; tests/requests.test.ts:808:32; tests/requests.test.ts:813:33,"Request observed in completed test suite; assertion and purpose not inferred: HTTP status counts {""200"": 17}","May be fixture setup, valid feature/control or malformed request. Preload actor is best-effort at request start; share-bearer paths, revoked cookies and helper/network calls are not reliably classified. No payloads, credentials, fixture usernames or concrete token paths are exported."
GET,/api/requests,member,api.requests.list,other-member,security-property-asserted,security-property-asserted,tests/security-audit-content.test.ts:149,Collection views exclude another member's items and related activity: 200; foreign resources absent,Disposable test instance; this assertion covers the named scenario only.
GET,/api/requests,member,api.requests.list,administrator,not-checked,not-checked,,No attributed endpoint/actor evidence: Not checked,No claim of runtime testing or source review for this cell; may be outside intended authority.
GET,/api/requests,member,api.requests.list,share-holder,boundary-asserted,boundary-asserted; observed-request-only,tests/security-audit-matrix.test.ts; tests/security-audit-matrix.test.ts:89:36,"authentication boundary: HTTP 401; assertion passed | Request observed in completed test suite; assertion and purpose not inferred: HTTP status counts {""401"": 1}","Disposable Fastify injection; missing resource IDs exercise global hooks, not resource ownership or valid payload processing. | May be fixture setup, valid feature/control or malformed request. Preload actor is best-effort at request start; share-bearer paths, revoked cookies and helper/network calls are not reliably classified. No payloads, credentials, fixture usernames or concrete token paths are exported."
GET,/api/requests,member,api.requests.list,request-guest,boundary-asserted,boundary-asserted; observed-request-only,tests/requests.test.ts:266; tests/requests.test.ts:266:42; tests/security-audit-matrix.test.ts:89:36; tests/security-audit-matrix.test.ts,"authentication boundary: HTTP 401; assertion passed | Upload guests cannot read member collections: 401 | Request observed in completed test suite; assertion and purpose not inferred: HTTP status counts {""401"": 3}","Disposable Fastify injection; missing resource IDs exercise global hooks, not resource ownership or valid payload processing. | Disposable test instance; this assertion covers the named scenario only. | May be fixture setup, valid feature/control or malformed request. Preload actor is best-effort at request start; share-bearer paths, revoked cookies and helper/network calls are not reliably classified. No payloads, credentials, fixture usernames or concrete token paths are exported."
GET,/api/requests,member,api.requests.list,nearby-guest,boundary-asserted,boundary-asserted; observed-request-only,tests/security-audit-matrix.test.ts; tests/security-audit-matrix.test.ts:89:36,"authentication boundary: HTTP 401; assertion passed | Request observed in completed test suite; assertion and purpose not inferred: HTTP status counts {""401"": 1}","Disposable Fastify injection; missing resource IDs exercise global hooks, not resource ownership or valid payload processing. | May be fixture setup, valid feature/control or malformed request. Preload actor is best-effort at request start; share-bearer paths, revoked cookies and helper/network calls are not reliably classified. No payloads, credentials, fixture usernames or concrete token paths are exported."
GET,/api/requests,member,api.requests.list,same-network-stranger,boundary-asserted,boundary-asserted; observed-request-only,tests/security-audit-matrix.test.ts; tests/security-audit-matrix.test.ts:89:36,"authentication boundary: HTTP 401; assertion passed | Request observed in completed test suite; assertion and purpose not inferred: HTTP status counts {""401"": 1}","Disposable Fastify injection; missing resource IDs exercise global hooks, not resource ownership or valid payload processing. | May be fixture setup, valid feature/control or malformed request. Preload actor is best-effort at request start; share-bearer paths, revoked cookies and helper/network calls are not reliably classified. No payloads, credentials, fixture usernames or concrete token paths are exported."
GET,/api/requests,member,api.requests.list,cross-site-browser,not-checked,not-checked,,No attributed endpoint/actor evidence: Not checked,No claim of runtime testing or source review for this cell; may be outside intended authority.
GET,/api/requests,member,api.requests.list,session-without-csrf,not-checked,not-checked,,No attributed endpoint/actor evidence: Not checked,No claim of runtime testing or source review for this cell; may be outside intended authority.
GET,/api/requests,member,api.requests.list,rebound-host,boundary-asserted,boundary-asserted,tests/security-audit-matrix.test.ts,Host validation: HTTP 403; assertion passed,"Disposable Fastify injection; missing resource IDs exercise global hooks, not resource ownership or valid payload processing."
GET,/api/requests,member,api.requests.list,revoked-member,not-checked,not-checked,,No attributed endpoint/actor evidence: Not checked,No claim of runtime testing or source review for this cell; may be outside intended authority.
GET,/api/requests,member,api.requests.list,authentication-bearer,not-checked,not-checked,,No attributed endpoint/actor evidence: Not checked,No claim of runtime testing or source review for this cell; may be outside intended authority.
GET,/api/requests,member,api.requests.list,local-helper,not-checked,not-checked,,No attributed endpoint/actor evidence: Not checked,No claim of runtime testing or source review for this cell; may be outside intended authority.
HEAD,/api/requests,member,api.requests.list,anonymous,boundary-asserted,boundary-asserted; observed-request-only,tests/security-audit-matrix.test.ts; tests/security-audit-matrix.test.ts:116:37; tests/security-audit-matrix.test.ts:89:36,"authentication boundary: HTTP 401; assertion passed | Request observed in completed test suite; assertion and purpose not inferred: HTTP status counts {""401"": 2, ""403"": 1}","Disposable Fastify injection; missing resource IDs exercise global hooks, not resource ownership or valid payload processing. | May be fixture setup, valid feature/control or malformed request. Preload actor is best-effort at request start; share-bearer paths, revoked cookies and helper/network calls are not reliably classified. No payloads, credentials, fixture usernames or concrete token paths are exported."
HEAD,/api/requests,member,api.requests.list,forged-session,boundary-asserted,boundary-asserted,tests/security-audit-matrix.test.ts,authentication boundary: HTTP 401; assertion passed,"Disposable Fastify injection; missing resource IDs exercise global hooks, not resource ownership or valid payload processing."
HEAD,/api/requests,member,api.requests.list,ordinary-member,not-checked,not-checked,,No attributed endpoint/actor evidence: Not checked,No claim of runtime testing or source review for this cell; may be outside intended authority.
HEAD,/api/requests,member,api.requests.list,other-member,not-checked,not-checked,,No attributed endpoint/actor evidence: Not checked,No claim of runtime testing or source review for this cell; may be outside intended authority.
HEAD,/api/requests,member,api.requests.list,administrator,not-checked,not-checked,,No attributed endpoint/actor evidence: Not checked,No claim of runtime testing or source review for this cell; may be outside intended authority.
HEAD,/api/requests,member,api.requests.list,share-holder,boundary-asserted,boundary-asserted; observed-request-only,tests/security-audit-matrix.test.ts; tests/security-audit-matrix.test.ts:89:36,"authentication boundary: HTTP 401; assertion passed | Request observed in completed test suite; assertion and purpose not inferred: HTTP status counts {""401"": 1}","Disposable Fastify injection; missing resource IDs exercise global hooks, not resource ownership or valid payload processing. | May be fixture setup, valid feature/control or malformed request. Preload actor is best-effort at request start; share-bearer paths, revoked cookies and helper/network calls are not reliably classified. No payloads, credentials, fixture usernames or concrete token paths are exported."
HEAD,/api/requests,member,api.requests.list,request-guest,boundary-asserted,boundary-asserted; observed-request-only,tests/security-audit-matrix.test.ts; tests/security-audit-matrix.test.ts:89:36,"authentication boundary: HTTP 401; assertion passed | Request observed in completed test suite; assertion and purpose not inferred: HTTP status counts {""401"": 1}","Disposable Fastify injection; missing resource IDs exercise global hooks, not resource ownership or valid payload processing. | May be fixture setup, valid feature/control or malformed request. Preload actor is best-effort at request start; share-bearer paths, revoked cookies and helper/network calls are not reliably classified. No payloads, credentials, fixture usernames or concrete token paths are exported."
HEAD,/api/requests,member,api.requests.list,nearby-guest,boundary-asserted,boundary-asserted; observed-request-only,tests/security-audit-matrix.test.ts; tests/security-audit-matrix.test.ts:89:36,"authentication boundary: HTTP 401; assertion passed | Request observed in completed test suite; assertion and purpose not inferred: HTTP status counts {""401"": 1}","Disposable Fastify injection; missing resource IDs exercise global hooks, not resource ownership or valid payload processing. | May be fixture setup, valid feature/control or malformed request. Preload actor is best-effort at request start; share-bearer paths, revoked cookies and helper/network calls are not reliably classified. No payloads, credentials, fixture usernames or concrete token paths are exported."
HEAD,/api/requests,member,api.requests.list,same-network-stranger,boundary-asserted,boundary-asserted; observed-request-only,tests/security-audit-matrix.test.ts; tests/security-audit-matrix.test.ts:89:36,"authentication boundary: HTTP 401; assertion passed | Request observed in completed test suite; assertion and purpose not inferred: HTTP status counts {""401"": 1}","Disposable Fastify injection; missing resource IDs exercise global hooks, not resource ownership or valid payload processing. | May be fixture setup, valid feature/control or malformed request. Preload actor is best-effort at request start; share-bearer paths, revoked cookies and helper/network calls are not reliably classified. No payloads, credentials, fixture usernames or concrete token paths are exported."
HEAD,/api/requests,member,api.requests.list,cross-site-browser,not-checked,not-checked,,No attributed endpoint/actor evidence: Not checked,No claim of runtime testing or source review for this cell; may be outside intended authority.
HEAD,/api/requests,member,api.requests.list,session-without-csrf,not-checked,not-checked,,No attributed endpoint/actor evidence: Not checked,No claim of runtime testing or source review for this cell; may be outside intended authority.
HEAD,/api/requests,member,api.requests.list,rebound-host,boundary-asserted,boundary-asserted,tests/security-audit-matrix.test.ts,Host validation: HTTP 403; assertion passed,"Disposable Fastify injection; missing resource IDs exercise global hooks, not resource ownership or valid payload processing."
HEAD,/api/requests,member,api.requests.list,revoked-member,not-checked,not-checked,,No attributed endpoint/actor evidence: Not checked,No claim of runtime testing or source review for this cell; may be outside intended authority.
HEAD,/api/requests,member,api.requests.list,authentication-bearer,not-checked,not-checked,,No attributed endpoint/actor evidence: Not checked,No claim of runtime testing or source review for this cell; may be outside intended authority.
HEAD,/api/requests,member,api.requests.list,local-helper,not-checked,not-checked,,No attributed endpoint/actor evidence: Not checked,No claim of runtime testing or source review for this cell; may be outside intended authority.
POST,/api/requests,member,api.requests.create,anonymous,boundary-asserted,boundary-asserted; observed-request-only,tests/security-audit-matrix.test.ts; tests/security-audit-matrix.test.ts:101:39; tests/security-audit-matrix.test.ts:116:37; tests/security-audit-matrix.test.ts:89:36,"authentication boundary: HTTP 401; assertion passed | Request observed in completed test suite; assertion and purpose not inferred: HTTP status counts {""401"": 2, ""403"": 3}","Disposable Fastify injection; missing resource IDs exercise global hooks, not resource ownership or valid payload processing. | May be fixture setup, valid feature/control or malformed request. Preload actor is best-effort at request start; share-bearer paths, revoked cookies and helper/network calls are not reliably classified. No payloads, credentials, fixture usernames or concrete token paths are exported."
POST,/api/requests,member,api.requests.create,forged-session,boundary-asserted,boundary-asserted,tests/security-audit-matrix.test.ts,authentication boundary: HTTP 401; assertion passed,"Disposable Fastify injection; missing resource IDs exercise global hooks, not resource ownership or valid payload processing."
POST,/api/requests,member,api.requests.create,ordinary-member,security-property-asserted,security-property-asserted; observed-request-only,tests/requests.test.ts:122:31; tests/requests.test.ts:139:35; tests/requests.test.ts:21:31; tests/requests.test.ts:360:34; tests/requests.test.ts:362:39; tests/requests.test.ts:382:33; tests/requests.test.ts:386:37; tests/requests.test.ts:488:33; tests/requests.test.ts:730:31; tests/requests.test.ts:760:33; tests/requests.test.ts:763:19; tests/requests.test.ts:780:19; tests/requests.test.ts:784:37; tests/requests.test.ts:788:20; tests/security-audit-admin-content.test.ts:15:33; tests/security-audit-matrix.test.ts:39:36; tests/transfers.test.ts:407:33; tests/transfers.test.ts:454:33; tests/transfers.test.ts:497:33; tests/requests.test.ts:769,"Request creation cannot exceed owner link age cap; retried original creation cannot reopen a closed request: Expiry clamped; conflicting retry 409; closed state retained | Request observed in completed test suite; assertion and purpose not inferred: HTTP status counts {""200"": 35, ""409"": 6}","Disposable test instance; this assertion covers the named scenario only. | May be fixture setup, valid feature/control or malformed request. Preload actor is best-effort at request start; share-bearer paths, revoked cookies and helper/network calls are not reliably classified. No payloads, credentials, fixture usernames or concrete token paths are exported."
POST,/api/requests,member,api.requests.create,other-member,not-checked,not-checked,,No attributed endpoint/actor evidence: Not checked,No claim of runtime testing or source review for this cell; may be outside intended authority.
POST,/api/requests,member,api.requests.create,administrator,not-checked,not-checked,,No attributed endpoint/actor evidence: Not checked,No claim of runtime testing or source review for this cell; may be outside intended authority.
POST,/api/requests,member,api.requests.create,share-holder,boundary-asserted,boundary-asserted; observed-request-only,tests/security-audit-matrix.test.ts; tests/security-audit-matrix.test.ts:89:36,"authentication boundary: HTTP 401; assertion passed | Request observed in completed test suite; assertion and purpose not inferred: HTTP status counts {""401"": 1}","Disposable Fastify injection; missing resource IDs exercise global hooks, not resource ownership or valid payload processing. | May be fixture setup, valid feature/control or malformed request. Preload actor is best-effort at request start; share-bearer paths, revoked cookies and helper/network calls are not reliably classified. No payloads, credentials, fixture usernames or concrete token paths are exported."
POST,/api/requests,member,api.requests.create,request-guest,boundary-asserted,boundary-asserted; observed-request-only,tests/security-audit-matrix.test.ts; tests/security-audit-matrix.test.ts:89:36,"authentication boundary: HTTP 403; assertion passed | Request observed in completed test suite; assertion and purpose not inferred: HTTP status counts {""403"": 1}","Disposable Fastify injection; missing resource IDs exercise global hooks, not resource ownership or valid payload processing. | May be fixture setup, valid feature/control or malformed request. Preload actor is best-effort at request start; share-bearer paths, revoked cookies and helper/network calls are not reliably classified. No payloads, credentials, fixture usernames or concrete token paths are exported."
POST,/api/requests,member,api.requests.create,nearby-guest,boundary-asserted,boundary-asserted; observed-request-only,tests/security-audit-matrix.test.ts; tests/security-audit-matrix.test.ts:89:36,"authentication boundary: HTTP 401; assertion passed | Request observed in completed test suite; assertion and purpose not inferred: HTTP status counts {""401"": 1}","Disposable Fastify injection; missing resource IDs exercise global hooks, not resource ownership or valid payload processing. | May be fixture setup, valid feature/control or malformed request. Preload actor is best-effort at request start; share-bearer paths, revoked cookies and helper/network calls are not reliably classified. No payloads, credentials, fixture usernames or concrete token paths are exported."
POST,/api/requests,member,api.requests.create,same-network-stranger,boundary-asserted,boundary-asserted; observed-request-only,tests/security-audit-matrix.test.ts; tests/security-audit-matrix.test.ts:89:36,"authentication boundary: HTTP 401; assertion passed | Request observed in completed test suite; assertion and purpose not inferred: HTTP status counts {""401"": 1}","Disposable Fastify injection; missing resource IDs exercise global hooks, not resource ownership or valid payload processing. | May be fixture setup, valid feature/control or malformed request. Preload actor is best-effort at request start; share-bearer paths, revoked cookies and helper/network calls are not reliably classified. No payloads, credentials, fixture usernames or concrete token paths are exported."
POST,/api/requests,member,api.requests.create,cross-site-browser,boundary-asserted,boundary-asserted,tests/security-audit-matrix.test.ts,origin: HTTP 403; assertion passed | sec-fetch-site: HTTP 403; assertion passed,"Disposable Fastify injection; missing resource IDs exercise global hooks, not resource ownership or valid payload processing."
POST,/api/requests,member,api.requests.create,session-without-csrf,boundary-asserted,boundary-asserted,tests/security-audit-matrix.test.ts,CSRF token: HTTP 403; assertion passed,"Disposable Fastify injection; missing resource IDs exercise global hooks, not resource ownership or valid payload processing."
POST,/api/requests,member,api.requests.create,rebound-host,boundary-asserted,boundary-asserted,tests/security-audit-matrix.test.ts,Host validation: HTTP 403; assertion passed,"Disposable Fastify injection; missing resource IDs exercise global hooks, not resource ownership or valid payload processing."
POST,/api/requests,member,api.requests.create,revoked-member,not-checked,not-checked,,No attributed endpoint/actor evidence: Not checked,No claim of runtime testing or source review for this cell; may be outside intended authority.
POST,/api/requests,member,api.requests.create,authentication-bearer,not-checked,not-checked,,No attributed endpoint/actor evidence: Not checked,No claim of runtime testing or source review for this cell; may be outside intended authority.
POST,/api/requests,member,api.requests.create,local-helper,not-checked,not-checked,,No attributed endpoint/actor evidence: Not checked,No claim of runtime testing or source review for this cell; may be outside intended authority.
PATCH,/api/requests/:id,member,api.requests.update,anonymous,boundary-asserted,boundary-asserted; observed-request-only,tests/requests.test.ts:679:41; tests/security-audit-matrix.test.ts:101:39; tests/security-audit-matrix.test.ts:116:37; tests/security-audit-matrix.test.ts:89:36; tests/security-audit-matrix.test.ts,"authentication boundary: HTTP 401; assertion passed | Request observed in completed test suite; assertion and purpose not inferred: HTTP status counts {""401"": 3, ""403"": 3}","Disposable Fastify injection; missing resource IDs exercise global hooks, not resource ownership or valid payload processing. | May be fixture setup, valid feature/control or malformed request. Preload actor is best-effort at request start; share-bearer paths, revoked cookies and helper/network calls are not reliably classified. No payloads, credentials, fixture usernames or concrete token paths are exported."
PATCH,/api/requests/:id,member,api.requests.update,forged-session,boundary-asserted,boundary-asserted,tests/security-audit-matrix.test.ts,authentication boundary: HTTP 401; assertion passed,"Disposable Fastify injection; missing resource IDs exercise global hooks, not resource ownership or valid payload processing."
PATCH,/api/requests/:id,member,api.requests.update,ordinary-member,security-property-asserted,security-property-asserted; observed-request-only,tests/requests.test.ts:556:17; tests/requests.test.ts:591:32; tests/requests.test.ts:622:33; tests/requests.test.ts:627:35; tests/requests.test.ts:648:8; tests/requests.test.ts:654:30; tests/requests.test.ts:661:32; tests/requests.test.ts:684:28; tests/requests.test.ts:689:8; tests/requests.test.ts:709:17; tests/requests.test.ts:722:15; tests/requests.test.ts:770:32; tests/requests.test.ts:778,"Request renewal cannot exceed owner's configured link age cap: Renewed expiry and grant expiry clamp to the configured maximum | Request observed in completed test suite; assertion and purpose not inferred: HTTP status counts {""200"": 7, ""400"": 4, ""409"": 1, ""410"": 4}","Disposable test instance; this assertion covers the named scenario only. | May be fixture setup, valid feature/control or malformed request. Preload actor is best-effort at request start; share-bearer paths, revoked cookies and helper/network calls are not reliably classified. No payloads, credentials, fixture usernames or concrete token paths are exported."
PATCH,/api/requests/:id,member,api.requests.update,other-member,boundary-asserted,boundary-asserted; observed-request-only,tests/requests.test.ts:677:40; tests/security-audit-content.test.ts:129,"Foreign concrete resource IDs cannot read, mutate, bulk-operate, reuse uploads or close another tab: 404; no secret/hash/filename disclosure; mixed bulk operation leaves own item unchanged | Request observed in completed test suite; assertion and purpose not inferred: HTTP status counts {""404"": 1}","Disposable test instance; this assertion covers the named scenario only. | May be fixture setup, valid feature/control or malformed request. Preload actor is best-effort at request start; share-bearer paths, revoked cookies and helper/network calls are not reliably classified. No payloads, credentials, fixture usernames or concrete token paths are exported."
PATCH,/api/requests/:id,member,api.requests.update,administrator,not-checked,not-checked,,No attributed endpoint/actor evidence: Not checked,No claim of runtime testing or source review for this cell; may be outside intended authority.
PATCH,/api/requests/:id,member,api.requests.update,share-holder,boundary-asserted,boundary-asserted; observed-request-only,tests/security-audit-matrix.test.ts; tests/security-audit-matrix.test.ts:89:36,"authentication boundary: HTTP 401; assertion passed | Request observed in completed test suite; assertion and purpose not inferred: HTTP status counts {""401"": 1}","Disposable Fastify injection; missing resource IDs exercise global hooks, not resource ownership or valid payload processing. | May be fixture setup, valid feature/control or malformed request. Preload actor is best-effort at request start; share-bearer paths, revoked cookies and helper/network calls are not reliably classified. No payloads, credentials, fixture usernames or concrete token paths are exported."
PATCH,/api/requests/:id,member,api.requests.update,request-guest,boundary-asserted,boundary-asserted; observed-request-only,tests/security-audit-matrix.test.ts; tests/security-audit-matrix.test.ts:89:36,"authentication boundary: HTTP 403; assertion passed | Request observed in completed test suite; assertion and purpose not inferred: HTTP status counts {""403"": 1}","Disposable Fastify injection; missing resource IDs exercise global hooks, not resource ownership or valid payload processing. | May be fixture setup, valid feature/control or malformed request. Preload actor is best-effort at request start; share-bearer paths, revoked cookies and helper/network calls are not reliably classified. No payloads, credentials, fixture usernames or concrete token paths are exported."
PATCH,/api/requests/:id,member,api.requests.update,nearby-guest,boundary-asserted,boundary-asserted; observed-request-only,tests/security-audit-matrix.test.ts; tests/security-audit-matrix.test.ts:89:36,"authentication boundary: HTTP 401; assertion passed | Request observed in completed test suite; assertion and purpose not inferred: HTTP status counts {""401"": 1}","Disposable Fastify injection; missing resource IDs exercise global hooks, not resource ownership or valid payload processing. | May be fixture setup, valid feature/control or malformed request. Preload actor is best-effort at request start; share-bearer paths, revoked cookies and helper/network calls are not reliably classified. No payloads, credentials, fixture usernames or concrete token paths are exported."
PATCH,/api/requests/:id,member,api.requests.update,same-network-stranger,boundary-asserted,boundary-asserted; observed-request-only,tests/security-audit-matrix.test.ts; tests/security-audit-matrix.test.ts:89:36,"authentication boundary: HTTP 401; assertion passed | Request observed in completed test suite; assertion and purpose not inferred: HTTP status counts {""401"": 1}","Disposable Fastify injection; missing resource IDs exercise global hooks, not resource ownership or valid payload processing. | May be fixture setup, valid feature/control or malformed request. Preload actor is best-effort at request start; share-bearer paths, revoked cookies and helper/network calls are not reliably classified. No payloads, credentials, fixture usernames or concrete token paths are exported."
PATCH,/api/requests/:id,member,api.requests.update,cross-site-browser,boundary-asserted,boundary-asserted,tests/security-audit-matrix.test.ts,origin: HTTP 403; assertion passed | sec-fetch-site: HTTP 403; assertion passed,"Disposable Fastify injection; missing resource IDs exercise global hooks, not resource ownership or valid payload processing."
PATCH,/api/requests/:id,member,api.requests.update,session-without-csrf,boundary-asserted,boundary-asserted,tests/security-audit-matrix.test.ts,CSRF token: HTTP 403; assertion passed,"Disposable Fastify injection; missing resource IDs exercise global hooks, not resource ownership or valid payload processing."
PATCH,/api/requests/:id,member,api.requests.update,rebound-host,boundary-asserted,boundary-asserted,tests/security-audit-matrix.test.ts,Host validation: HTTP 403; assertion passed,"Disposable Fastify injection; missing resource IDs exercise global hooks, not resource ownership or valid payload processing."
PATCH,/api/requests/:id,member,api.requests.update,revoked-member,not-checked,not-checked,,No attributed endpoint/actor evidence: Not checked,No claim of runtime testing or source review for this cell; may be outside intended authority.
PATCH,/api/requests/:id,member,api.requests.update,authentication-bearer,not-checked,not-checked,,No attributed endpoint/actor evidence: Not checked,No claim of runtime testing or source review for this cell; may be outside intended authority.
PATCH,/api/requests/:id,member,api.requests.update,local-helper,not-checked,not-checked,,No attributed endpoint/actor evidence: Not checked,No claim of runtime testing or source review for this cell; may be outside intended authority.
DELETE,/api/requests/:id,member,api.requests.close,anonymous,boundary-asserted,boundary-asserted; observed-request-only,tests/security-audit-matrix.test.ts; tests/security-audit-matrix.test.ts:101:39; tests/security-audit-matrix.test.ts:116:37; tests/security-audit-matrix.test.ts:89:36,"authentication boundary: HTTP 401; assertion passed | Request observed in completed test suite; assertion and purpose not inferred: HTTP status counts {""401"": 2, ""403"": 3}","Disposable Fastify injection; missing resource IDs exercise global hooks, not resource ownership or valid payload processing. | May be fixture setup, valid feature/control or malformed request. Preload actor is best-effort at request start; share-bearer paths, revoked cookies and helper/network calls are not reliably classified. No payloads, credentials, fixture usernames or concrete token paths are exported."
DELETE,/api/requests/:id,member,api.requests.close,forged-session,boundary-asserted,boundary-asserted,tests/security-audit-matrix.test.ts,authentication boundary: HTTP 401; assertion passed,"Disposable Fastify injection; missing resource IDs exercise global hooks, not resource ownership or valid payload processing."
DELETE,/api/requests/:id,member,api.requests.close,ordinary-member,observed-request-only,observed-request-only,tests/requests.test.ts:294:17; tests/requests.test.ts:41:17; tests/requests.test.ts:687:17; tests/requests.test.ts:786:17,"Request observed in completed test suite; assertion and purpose not inferred: HTTP status counts {""200"": 4}","May be fixture setup, valid feature/control or malformed request. Preload actor is best-effort at request start; share-bearer paths, revoked cookies and helper/network calls are not reliably classified. No payloads, credentials, fixture usernames or concrete token paths are exported."
DELETE,/api/requests/:id,member,api.requests.close,other-member,boundary-asserted,boundary-asserted; observed-request-only,tests/requests.test.ts:309:37; tests/security-audit-content.test.ts:129,"Foreign concrete resource IDs cannot read, mutate, bulk-operate, reuse uploads or close another tab: 404; no secret/hash/filename disclosure; mixed bulk operation leaves own item unchanged | Request observed in completed test suite; assertion and purpose not inferred: HTTP status counts {""404"": 1}","Disposable test instance; this assertion covers the named scenario only. | May be fixture setup, valid feature/control or malformed request. Preload actor is best-effort at request start; share-bearer paths, revoked cookies and helper/network calls are not reliably classified. No payloads, credentials, fixture usernames or concrete token paths are exported."
DELETE,/api/requests/:id,member,api.requests.close,administrator,not-checked,not-checked,,No attributed endpoint/actor evidence: Not checked,No claim of runtime testing or source review for this cell; may be outside intended authority.
DELETE,/api/requests/:id,member,api.requests.close,share-holder,boundary-asserted,boundary-asserted; observed-request-only,tests/security-audit-matrix.test.ts; tests/security-audit-matrix.test.ts:89:36,"authentication boundary: HTTP 401; assertion passed | Request observed in completed test suite; assertion and purpose not inferred: HTTP status counts {""401"": 1}","Disposable Fastify injection; missing resource IDs exercise global hooks, not resource ownership or valid payload processing. | May be fixture setup, valid feature/control or malformed request. Preload actor is best-effort at request start; share-bearer paths, revoked cookies and helper/network calls are not reliably classified. No payloads, credentials, fixture usernames or concrete token paths are exported."
DELETE,/api/requests/:id,member,api.requests.close,request-guest,boundary-asserted,boundary-asserted; observed-request-only,tests/security-audit-matrix.test.ts; tests/security-audit-matrix.test.ts:89:36,"authentication boundary: HTTP 403; assertion passed | Request observed in completed test suite; assertion and purpose not inferred: HTTP status counts {""403"": 1}","Disposable Fastify injection; missing resource IDs exercise global hooks, not resource ownership or valid payload processing. | May be fixture setup, valid feature/control or malformed request. Preload actor is best-effort at request start; share-bearer paths, revoked cookies and helper/network calls are not reliably classified. No payloads, credentials, fixture usernames or concrete token paths are exported."
DELETE,/api/requests/:id,member,api.requests.close,nearby-guest,boundary-asserted,boundary-asserted; observed-request-only,tests/security-audit-matrix.test.ts; tests/security-audit-matrix.test.ts:89:36,"authentication boundary: HTTP 401; assertion passed | Request observed in completed test suite; assertion and purpose not inferred: HTTP status counts {""401"": 1}","Disposable Fastify injection; missing resource IDs exercise global hooks, not resource ownership or valid payload processing. | May be fixture setup, valid feature/control or malformed request. Preload actor is best-effort at request start; share-bearer paths, revoked cookies and helper/network calls are not reliably classified. No payloads, credentials, fixture usernames or concrete token paths are exported."
DELETE,/api/requests/:id,member,api.requests.close,same-network-stranger,boundary-asserted,boundary-asserted; observed-request-only,tests/security-audit-matrix.test.ts; tests/security-audit-matrix.test.ts:89:36,"authentication boundary: HTTP 401; assertion passed | Request observed in completed test suite; assertion and purpose not inferred: HTTP status counts {""401"": 1}","Disposable Fastify injection; missing resource IDs exercise global hooks, not resource ownership or valid payload processing. | May be fixture setup, valid feature/control or malformed request. Preload actor is best-effort at request start; share-bearer paths, revoked cookies and helper/network calls are not reliably classified. No payloads, credentials, fixture usernames or concrete token paths are exported."
DELETE,/api/requests/:id,member,api.requests.close,cross-site-browser,boundary-asserted,boundary-asserted,tests/security-audit-matrix.test.ts,origin: HTTP 403; assertion passed | sec-fetch-site: HTTP 403; assertion passed,"Disposable Fastify injection; missing resource IDs exercise global hooks, not resource ownership or valid payload processing."
DELETE,/api/requests/:id,member,api.requests.close,session-without-csrf,boundary-asserted,boundary-asserted,tests/security-audit-matrix.test.ts,CSRF token: HTTP 403; assertion passed,"Disposable Fastify injection; missing resource IDs exercise global hooks, not resource ownership or valid payload processing."
DELETE,/api/requests/:id,member,api.requests.close,rebound-host,boundary-asserted,boundary-asserted,tests/security-audit-matrix.test.ts,Host validation: HTTP 403; assertion passed,"Disposable Fastify injection; missing resource IDs exercise global hooks, not resource ownership or valid payload processing."
DELETE,/api/requests/:id,member,api.requests.close,revoked-member,not-checked,not-checked,,No attributed endpoint/actor evidence: Not checked,No claim of runtime testing or source review for this cell; may be outside intended authority.
DELETE,/api/requests/:id,member,api.requests.close,authentication-bearer,not-checked,not-checked,,No attributed endpoint/actor evidence: Not checked,No claim of runtime testing or source review for this cell; may be outside intended authority.
DELETE,/api/requests/:id,member,api.requests.close,local-helper,not-checked,not-checked,,No attributed endpoint/actor evidence: Not checked,No claim of runtime testing or source review for this cell; may be outside intended authority.
GET,/api/requests/:id/submissions,member,api.requests.submissions,anonymous,boundary-asserted,boundary-asserted; observed-request-only,tests/security-audit-matrix.test.ts; tests/security-audit-matrix.test.ts:116:37; tests/security-audit-matrix.test.ts:89:36,"authentication boundary: HTTP 401; assertion passed | Request observed in completed test suite; assertion and purpose not inferred: HTTP status counts {""401"": 2, ""403"": 1}","Disposable Fastify injection; missing resource IDs exercise global hooks, not resource ownership or valid payload processing. | May be fixture setup, valid feature/control or malformed request. Preload actor is best-effort at request start; share-bearer paths, revoked cookies and helper/network calls are not reliably classified. No payloads, credentials, fixture usernames or concrete token paths are exported."
GET,/api/requests/:id/submissions,member,api.requests.submissions,forged-session,boundary-asserted,boundary-asserted,tests/security-audit-matrix.test.ts,authentication boundary: HTTP 401; assertion passed,"Disposable Fastify injection; missing resource IDs exercise global hooks, not resource ownership or valid payload processing."
GET,/api/requests/:id/submissions,member,api.requests.submissions,ordinary-member,observed-request-only,observed-request-only,tests/requests.test.ts:167:37; tests/requests.test.ts:226:20; tests/requests.test.ts:257:39; tests/requests.test.ts:409:22; tests/requests.test.ts:459:37; tests/requests.test.ts:494:38; tests/requests.test.ts:632:37,"Request observed in completed test suite; assertion and purpose not inferred: HTTP status counts {""200"": 8}","May be fixture setup, valid feature/control or malformed request. Preload actor is best-effort at request start; share-bearer paths, revoked cookies and helper/network calls are not reliably classified. No payloads, credentials, fixture usernames or concrete token paths are exported."
GET,/api/requests/:id/submissions,member,api.requests.submissions,other-member,boundary-asserted,boundary-asserted; observed-request-only,tests/requests.test.ts:310:37; tests/security-audit-content.test.ts:129,"Foreign concrete resource IDs cannot read, mutate, bulk-operate, reuse uploads or close another tab: 404; no secret/hash/filename disclosure; mixed bulk operation leaves own item unchanged | Request observed in completed test suite; assertion and purpose not inferred: HTTP status counts {""404"": 1}","Disposable test instance; this assertion covers the named scenario only. | May be fixture setup, valid feature/control or malformed request. Preload actor is best-effort at request start; share-bearer paths, revoked cookies and helper/network calls are not reliably classified. No payloads, credentials, fixture usernames or concrete token paths are exported."
GET,/api/requests/:id/submissions,member,api.requests.submissions,administrator,boundary-asserted,boundary-asserted; observed-request-only,tests/security-audit-admin-content.test.ts:33:46; tests/security-audit-admin-content.test.ts:34,"Administrator identity cannot directly browse another member's private content: 404; private payload absent | Request observed in completed test suite; assertion and purpose not inferred: HTTP status counts {""404"": 1}","Disposable test instance; this assertion covers the named scenario only. | May be fixture setup, valid feature/control or malformed request. Preload actor is best-effort at request start; share-bearer paths, revoked cookies and helper/network calls are not reliably classified. No payloads, credentials, fixture usernames or concrete token paths are exported."
GET,/api/requests/:id/submissions,member,api.requests.submissions,share-holder,boundary-asserted,boundary-asserted; observed-request-only,tests/security-audit-matrix.test.ts; tests/security-audit-matrix.test.ts:89:36,"authentication boundary: HTTP 401; assertion passed | Request observed in completed test suite; assertion and purpose not inferred: HTTP status counts {""401"": 1}","Disposable Fastify injection; missing resource IDs exercise global hooks, not resource ownership or valid payload processing. | May be fixture setup, valid feature/control or malformed request. Preload actor is best-effort at request start; share-bearer paths, revoked cookies and helper/network calls are not reliably classified. No payloads, credentials, fixture usernames or concrete token paths are exported."
GET,/api/requests/:id/submissions,member,api.requests.submissions,request-guest,boundary-asserted,boundary-asserted; observed-request-only,tests/requests.test.ts:278:40; tests/security-audit-matrix.test.ts:89:36; tests/security-audit-matrix.test.ts,"authentication boundary: HTTP 401; assertion passed | Request observed in completed test suite; assertion and purpose not inferred: HTTP status counts {""401"": 3}","Disposable Fastify injection; missing resource IDs exercise global hooks, not resource ownership or valid payload processing. | May be fixture setup, valid feature/control or malformed request. Preload actor is best-effort at request start; share-bearer paths, revoked cookies and helper/network calls are not reliably classified. No payloads, credentials, fixture usernames or concrete token paths are exported."
GET,/api/requests/:id/submissions,member,api.requests.submissions,nearby-guest,boundary-asserted,boundary-asserted; observed-request-only,tests/security-audit-matrix.test.ts; tests/security-audit-matrix.test.ts:89:36,"authentication boundary: HTTP 401; assertion passed | Request observed in completed test suite; assertion and purpose not inferred: HTTP status counts {""401"": 1}","Disposable Fastify injection; missing resource IDs exercise global hooks, not resource ownership or valid payload processing. | May be fixture setup, valid feature/control or malformed request. Preload actor is best-effort at request start; share-bearer paths, revoked cookies and helper/network calls are not reliably classified. No payloads, credentials, fixture usernames or concrete token paths are exported."
GET,/api/requests/:id/submissions,member,api.requests.submissions,same-network-stranger,boundary-asserted,boundary-asserted; observed-request-only,tests/security-audit-matrix.test.ts; tests/security-audit-matrix.test.ts:89:36,"authentication boundary: HTTP 401; assertion passed | Request observed in completed test suite; assertion and purpose not inferred: HTTP status counts {""401"": 1}","Disposable Fastify injection; missing resource IDs exercise global hooks, not resource ownership or valid payload processing. | May be fixture setup, valid feature/control or malformed request. Preload actor is best-effort at request start; share-bearer paths, revoked cookies and helper/network calls are not reliably classified. No payloads, credentials, fixture usernames or concrete token paths are exported."
GET,/api/requests/:id/submissions,member,api.requests.submissions,cross-site-browser,not-checked,not-checked,,No attributed endpoint/actor evidence: Not checked,No claim of runtime testing or source review for this cell; may be outside intended authority.
GET,/api/requests/:id/submissions,member,api.requests.submissions,session-without-csrf,not-checked,not-checked,,No attributed endpoint/actor evidence: Not checked,No claim of runtime testing or source review for this cell; may be outside intended authority.
GET,/api/requests/:id/submissions,member,api.requests.submissions,rebound-host,boundary-asserted,boundary-asserted,tests/security-audit-matrix.test.ts,Host validation: HTTP 403; assertion passed,"Disposable Fastify injection; missing resource IDs exercise global hooks, not resource ownership or valid payload processing."
GET,/api/requests/:id/submissions,member,api.requests.submissions,revoked-member,not-checked,not-checked,,No attributed endpoint/actor evidence: Not checked,No claim of runtime testing or source review for this cell; may be outside intended authority.
GET,/api/requests/:id/submissions,member,api.requests.submissions,authentication-bearer,not-checked,not-checked,,No attributed endpoint/actor evidence: Not checked,No claim of runtime testing or source review for this cell; may be outside intended authority.
GET,/api/requests/:id/submissions,member,api.requests.submissions,local-helper,not-checked,not-checked,,No attributed endpoint/actor evidence: Not checked,No claim of runtime testing or source review for this cell; may be outside intended authority.
HEAD,/api/requests/:id/submissions,member,api.requests.submissions,anonymous,boundary-asserted,boundary-asserted; observed-request-only,tests/security-audit-matrix.test.ts; tests/security-audit-matrix.test.ts:116:37; tests/security-audit-matrix.test.ts:89:36,"authentication boundary: HTTP 401; assertion passed | Request observed in completed test suite; assertion and purpose not inferred: HTTP status counts {""401"": 2, ""403"": 1}","Disposable Fastify injection; missing resource IDs exercise global hooks, not resource ownership or valid payload processing. | May be fixture setup, valid feature/control or malformed request. Preload actor is best-effort at request start; share-bearer paths, revoked cookies and helper/network calls are not reliably classified. No payloads, credentials, fixture usernames or concrete token paths are exported."
HEAD,/api/requests/:id/submissions,member,api.requests.submissions,forged-session,boundary-asserted,boundary-asserted,tests/security-audit-matrix.test.ts,authentication boundary: HTTP 401; assertion passed,"Disposable Fastify injection; missing resource IDs exercise global hooks, not resource ownership or valid payload processing."
HEAD,/api/requests/:id/submissions,member,api.requests.submissions,ordinary-member,not-checked,not-checked,,No attributed endpoint/actor evidence: Not checked,No claim of runtime testing or source review for this cell; may be outside intended authority.
HEAD,/api/requests/:id/submissions,member,api.requests.submissions,other-member,not-checked,not-checked,,No attributed endpoint/actor evidence: Not checked,No claim of runtime testing or source review for this cell; may be outside intended authority.
HEAD,/api/requests/:id/submissions,member,api.requests.submissions,administrator,boundary-asserted,boundary-asserted; observed-request-only,tests/security-audit-admin-content.test.ts:33:46; tests/security-audit-admin-content.test.ts:34,"Administrator identity cannot directly browse another member's private content: 404; private payload absent | Request observed in completed test suite; assertion and purpose not inferred: HTTP status counts {""404"": 1}","Disposable test instance; this assertion covers the named scenario only. | May be fixture setup, valid feature/control or malformed request. Preload actor is best-effort at request start; share-bearer paths, revoked cookies and helper/network calls are not reliably classified. No payloads, credentials, fixture usernames or concrete token paths are exported."
HEAD,/api/requests/:id/submissions,member,api.requests.submissions,share-holder,boundary-asserted,boundary-asserted; observed-request-only,tests/security-audit-matrix.test.ts; tests/security-audit-matrix.test.ts:89:36,"authentication boundary: HTTP 401; assertion passed | Request observed in completed test suite; assertion and purpose not inferred: HTTP status counts {""401"": 1}","Disposable Fastify injection; missing resource IDs exercise global hooks, not resource ownership or valid payload processing. | May be fixture setup, valid feature/control or malformed request. Preload actor is best-effort at request start; share-bearer paths, revoked cookies and helper/network calls are not reliably classified. No payloads, credentials, fixture usernames or concrete token paths are exported."
HEAD,/api/requests/:id/submissions,member,api.requests.submissions,request-guest,boundary-asserted,boundary-asserted; observed-request-only,tests/security-audit-matrix.test.ts; tests/security-audit-matrix.test.ts:89:36,"authentication boundary: HTTP 401; assertion passed | Request observed in completed test suite; assertion and purpose not inferred: HTTP status counts {""401"": 1}","Disposable Fastify injection; missing resource IDs exercise global hooks, not resource ownership or valid payload processing. | May be fixture setup, valid feature/control or malformed request. Preload actor is best-effort at request start; share-bearer paths, revoked cookies and helper/network calls are not reliably classified. No payloads, credentials, fixture usernames or concrete token paths are exported."
HEAD,/api/requests/:id/submissions,member,api.requests.submissions,nearby-guest,boundary-asserted,boundary-asserted; observed-request-only,tests/security-audit-matrix.test.ts; tests/security-audit-matrix.test.ts:89:36,"authentication boundary: HTTP 401; assertion passed | Request observed in completed test suite; assertion and purpose not inferred: HTTP status counts {""401"": 1}","Disposable Fastify injection; missing resource IDs exercise global hooks, not resource ownership or valid payload processing. | May be fixture setup, valid feature/control or malformed request. Preload actor is best-effort at request start; share-bearer paths, revoked cookies and helper/network calls are not reliably classified. No payloads, credentials, fixture usernames or concrete token paths are exported."
HEAD,/api/requests/:id/submissions,member,api.requests.submissions,same-network-stranger,boundary-asserted,boundary-asserted; observed-request-only,tests/security-audit-matrix.test.ts; tests/security-audit-matrix.test.ts:89:36,"authentication boundary: HTTP 401; assertion passed | Request observed in completed test suite; assertion and purpose not inferred: HTTP status counts {""401"": 1}","Disposable Fastify injection; missing resource IDs exercise global hooks, not resource ownership or valid payload processing. | May be fixture setup, valid feature/control or malformed request. Preload actor is best-effort at request start; share-bearer paths, revoked cookies and helper/network calls are not reliably classified. No payloads, credentials, fixture usernames or concrete token paths are exported."
HEAD,/api/requests/:id/submissions,member,api.requests.submissions,cross-site-browser,not-checked,not-checked,,No attributed endpoint/actor evidence: Not checked,No claim of runtime testing or source review for this cell; may be outside intended authority.
HEAD,/api/requests/:id/submissions,member,api.requests.submissions,session-without-csrf,not-checked,not-checked,,No attributed endpoint/actor evidence: Not checked,No claim of runtime testing or source review for this cell; may be outside intended authority.
HEAD,/api/requests/:id/submissions,member,api.requests.submissions,rebound-host,boundary-asserted,boundary-asserted,tests/security-audit-matrix.test.ts,Host validation: HTTP 403; assertion passed,"Disposable Fastify injection; missing resource IDs exercise global hooks, not resource ownership or valid payload processing."
HEAD,/api/requests/:id/submissions,member,api.requests.submissions,revoked-member,not-checked,not-checked,,No attributed endpoint/actor evidence: Not checked,No claim of runtime testing or source review for this cell; may be outside intended authority.
HEAD,/api/requests/:id/submissions,member,api.requests.submissions,authentication-bearer,not-checked,not-checked,,No attributed endpoint/actor evidence: Not checked,No claim of runtime testing or source review for this cell; may be outside intended authority.
HEAD,/api/requests/:id/submissions,member,api.requests.submissions,local-helper,not-checked,not-checked,,No attributed endpoint/actor evidence: Not checked,No claim of runtime testing or source review for this cell; may be outside intended authority.
POST,/api/trash/empty,member,api.items.emptyTrash,anonymous,boundary-asserted,boundary-asserted; observed-request-only,tests/security-audit-matrix.test.ts; tests/security-audit-matrix.test.ts:101:39; tests/security-audit-matrix.test.ts:116:37; tests/security-audit-matrix.test.ts:89:36,"authentication boundary: HTTP 401; assertion passed | Request observed in completed test suite; assertion and purpose not inferred: HTTP status counts {""401"": 2, ""403"": 3}","Disposable Fastify injection; missing resource IDs exercise global hooks, not resource ownership or valid payload processing. | May be fixture setup, valid feature/control or malformed request. Preload actor is best-effort at request start; share-bearer paths, revoked cookies and helper/network calls are not reliably classified. No payloads, credentials, fixture usernames or concrete token paths are exported."
POST,/api/trash/empty,member,api.items.emptyTrash,forged-session,boundary-asserted,boundary-asserted,tests/security-audit-matrix.test.ts,authentication boundary: HTTP 401; assertion passed,"Disposable Fastify injection; missing resource IDs exercise global hooks, not resource ownership or valid payload processing."
POST,/api/trash/empty,member,api.items.emptyTrash,ordinary-member,security-property-asserted,security-property-asserted; observed-request-only,tests/library.test.ts:461:35; tests/library.test.ts:468:35; tests/library.test.ts:464,"Emptying own Trash cannot delete another member's trashed items or own live items: Own two trash items removed; own live item and foreign Trash remain | Request observed in completed test suite; assertion and purpose not inferred: HTTP status counts {""200"": 2}","Disposable test instance; this assertion covers the named scenario only. | May be fixture setup, valid feature/control or malformed request. Preload actor is best-effort at request start; share-bearer paths, revoked cookies and helper/network calls are not reliably classified. No payloads, credentials, fixture usernames or concrete token paths are exported."
POST,/api/trash/empty,member,api.items.emptyTrash,other-member,not-checked,not-checked,,No attributed endpoint/actor evidence: Not checked,No claim of runtime testing or source review for this cell; may be outside intended authority.
POST,/api/trash/empty,member,api.items.emptyTrash,administrator,not-checked,not-checked,,No attributed endpoint/actor evidence: Not checked,No claim of runtime testing or source review for this cell; may be outside intended authority.
POST,/api/trash/empty,member,api.items.emptyTrash,share-holder,boundary-asserted,boundary-asserted; observed-request-only,tests/security-audit-matrix.test.ts; tests/security-audit-matrix.test.ts:89:36,"authentication boundary: HTTP 401; assertion passed | Request observed in completed test suite; assertion and purpose not inferred: HTTP status counts {""401"": 1}","Disposable Fastify injection; missing resource IDs exercise global hooks, not resource ownership or valid payload processing. | May be fixture setup, valid feature/control or malformed request. Preload actor is best-effort at request start; share-bearer paths, revoked cookies and helper/network calls are not reliably classified. No payloads, credentials, fixture usernames or concrete token paths are exported."
POST,/api/trash/empty,member,api.items.emptyTrash,request-guest,boundary-asserted,boundary-asserted; observed-request-only,tests/security-audit-matrix.test.ts; tests/security-audit-matrix.test.ts:89:36,"authentication boundary: HTTP 403; assertion passed | Request observed in completed test suite; assertion and purpose not inferred: HTTP status counts {""403"": 1}","Disposable Fastify injection; missing resource IDs exercise global hooks, not resource ownership or valid payload processing. | May be fixture setup, valid feature/control or malformed request. Preload actor is best-effort at request start; share-bearer paths, revoked cookies and helper/network calls are not reliably classified. No payloads, credentials, fixture usernames or concrete token paths are exported."
POST,/api/trash/empty,member,api.items.emptyTrash,nearby-guest,boundary-asserted,boundary-asserted; observed-request-only,tests/security-audit-matrix.test.ts; tests/security-audit-matrix.test.ts:89:36,"authentication boundary: HTTP 401; assertion passed | Request observed in completed test suite; assertion and purpose not inferred: HTTP status counts {""401"": 1}","Disposable Fastify injection; missing resource IDs exercise global hooks, not resource ownership or valid payload processing. | May be fixture setup, valid feature/control or malformed request. Preload actor is best-effort at request start; share-bearer paths, revoked cookies and helper/network calls are not reliably classified. No payloads, credentials, fixture usernames or concrete token paths are exported."
POST,/api/trash/empty,member,api.items.emptyTrash,same-network-stranger,boundary-asserted,boundary-asserted; observed-request-only,tests/security-audit-matrix.test.ts; tests/security-audit-matrix.test.ts:89:36,"authentication boundary: HTTP 401; assertion passed | Request observed in completed test suite; assertion and purpose not inferred: HTTP status counts {""401"": 1}","Disposable Fastify injection; missing resource IDs exercise global hooks, not resource ownership or valid payload processing. | May be fixture setup, valid feature/control or malformed request. Preload actor is best-effort at request start; share-bearer paths, revoked cookies and helper/network calls are not reliably classified. No payloads, credentials, fixture usernames or concrete token paths are exported."
POST,/api/trash/empty,member,api.items.emptyTrash,cross-site-browser,boundary-asserted,boundary-asserted,tests/security-audit-matrix.test.ts,origin: HTTP 403; assertion passed | sec-fetch-site: HTTP 403; assertion passed,"Disposable Fastify injection; missing resource IDs exercise global hooks, not resource ownership or valid payload processing."
POST,/api/trash/empty,member,api.items.emptyTrash,session-without-csrf,boundary-asserted,boundary-asserted,tests/security-audit-matrix.test.ts,CSRF token: HTTP 403; assertion passed,"Disposable Fastify injection; missing resource IDs exercise global hooks, not resource ownership or valid payload processing."
POST,/api/trash/empty,member,api.items.emptyTrash,rebound-host,boundary-asserted,boundary-asserted,tests/security-audit-matrix.test.ts,Host validation: HTTP 403; assertion passed,"Disposable Fastify injection; missing resource IDs exercise global hooks, not resource ownership or valid payload processing."
POST,/api/trash/empty,member,api.items.emptyTrash,revoked-member,not-checked,not-checked,,No attributed endpoint/actor evidence: Not checked,No claim of runtime testing or source review for this cell; may be outside intended authority.
POST,/api/trash/empty,member,api.items.emptyTrash,authentication-bearer,not-checked,not-checked,,No attributed endpoint/actor evidence: Not checked,No claim of runtime testing or source review for this cell; may be outside intended authority.
POST,/api/trash/empty,member,api.items.emptyTrash,local-helper,not-checked,not-checked,,No attributed endpoint/actor evidence: Not checked,No claim of runtime testing or source review for this cell; may be outside intended authority.
POST,/api/transfers,member,api.transfers.create,anonymous,boundary-asserted,boundary-asserted; observed-request-only,tests/security-audit-matrix.test.ts; tests/security-audit-matrix.test.ts:101:39; tests/security-audit-matrix.test.ts:116:37; tests/security-audit-matrix.test.ts:89:36,"authentication boundary: HTTP 401; assertion passed | Request observed in completed test suite; assertion and purpose not inferred: HTTP status counts {""401"": 2, ""403"": 3}","Disposable Fastify injection; missing resource IDs exercise global hooks, not resource ownership or valid payload processing. | May be fixture setup, valid feature/control or malformed request. Preload actor is best-effort at request start; share-bearer paths, revoked cookies and helper/network calls are not reliably classified. No payloads, credentials, fixture usernames or concrete token paths are exported."
POST,/api/transfers,member,api.transfers.create,forged-session,boundary-asserted,boundary-asserted,tests/security-audit-matrix.test.ts,authentication boundary: HTTP 401; assertion passed,"Disposable Fastify injection; missing resource IDs exercise global hooks, not resource ownership or valid payload processing."
POST,/api/transfers,member,api.transfers.create,ordinary-member,security-property-asserted,security-property-asserted; observed-request-only,tests/admin.test.ts:23:11; tests/admin.test.ts:24:15; tests/deliveries.test.ts:118:30; tests/deliveries.test.ts:148:30; tests/deliveries.test.ts:190:30; tests/deliveries.test.ts:198:38; tests/deliveries.test.ts:211:37; tests/deliveries.test.ts:222:30; tests/deliveries.test.ts:242:30; tests/deliveries.test.ts:263:35; tests/deliveries.test.ts:298:30; tests/deliveries.test.ts:45:30; tests/library.test.ts:109:25; tests/library.test.ts:110:23; tests/library.test.ts:111:27; tests/library.test.ts:180:25; tests/library.test.ts:183:26; tests/library.test.ts:210:27; tests/library.test.ts:255:24; tests/library.test.ts:281:31; tests/library.test.ts:307:28; tests/library.test.ts:313:23; tests/library.test.ts:343:24; tests/library.test.ts:355:25; tests/library.test.ts:35:25; tests/library.test.ts:415:24; tests/library.test.ts:420:11; tests/library.test.ts:442:31; tests/library.test.ts:452:24; tests/library.test.ts:454:26; tests/library.test.ts:458:26; tests/library.test.ts:58:24; tests/library.test.ts:67:26; tests/library.test.ts:76:26; tests/library.test.ts:81:25; tests/library.test.ts:86:34; tests/link-options.test.ts:186:30; tests/link-options.test.ts:23:28; tests/links.test.ts:110:30; tests/links.test.ts:21:28; tests/links.test.ts:271:30; tests/links.test.ts:68:37; tests/local.test.ts:80:32; tests/requests.test.ts:237:37; tests/requests.test.ts:516:11; tests/security-audit-admin-content.test.ts:11:25; tests/security-audit-matrix.test.ts:46:26; tests/setup.test.ts:286:26; tests/transfers.test.ts:115:57; tests/transfers.test.ts:117:27; tests/transfers.test.ts:121:34; tests/transfers.test.ts:152:18; tests/transfers.test.ts:153:38; tests/transfers.test.ts:154:18; tests/transfers.test.ts:163:38; tests/transfers.test.ts:168:27; tests/transfers.test.ts:198:34; tests/transfers.test.ts:238:34; tests/transfers.test.ts:260:32; tests/transfers.test.ts:269:28; tests/transfers.test.ts:280:34; tests/transfers.test.ts:314:34; tests/transfers.test.ts:344:38; tests/transfers.test.ts:357:38; tests/transfers.test.ts:368:31; tests/transfers.test.ts:391:34; tests/transfers.test.ts:42:32; tests/transfers.test.ts:43:32; tests/transfers.test.ts:49:38; tests/transfers.test.ts:51:37; tests/transfers.test.ts:520:40; tests/transfers.test.ts:64:14; tests/transfers.test.ts:86:34; tests/security-audit-content.test.ts:493; tests/security-audit-content.test.ts:523,"Owner quota includes guest bytes and pending reservations: 413 overflow; cancellation releases capacity | Traversal, malformed/oversized values and case-colliding paths cannot alter storage: 400/409; item count unchanged | Request observed in completed test suite; assertion and purpose not inferred: HTTP status counts {""200"": 80, ""400"": 4, ""404"": 1, ""409"": 7, ""413"": 1, ""507"": 2}","Disposable test instance; this assertion covers the named scenario only. | May be fixture setup, valid feature/control or malformed request. Preload actor is best-effort at request start; share-bearer paths, revoked cookies and helper/network calls are not reliably classified. No payloads, credentials, fixture usernames or concrete token paths are exported."
POST,/api/transfers,member,api.transfers.create,other-member,boundary-asserted,boundary-asserted,tests/security-audit-content.test.ts:129,"Foreign concrete resource IDs cannot read, mutate, bulk-operate, reuse uploads or close another tab: 404; no secret/hash/filename disclosure; mixed bulk operation leaves own item unchanged",Disposable test instance; this assertion covers the named scenario only.
POST,/api/transfers,member,api.transfers.create,administrator,observed-request-only,observed-request-only,tests/admin.test.ts:232:12,"Request observed in completed test suite; assertion and purpose not inferred: HTTP status counts {""200"": 2, ""507"": 1}","May be fixture setup, valid feature/control or malformed request. Preload actor is best-effort at request start; share-bearer paths, revoked cookies and helper/network calls are not reliably classified. No payloads, credentials, fixture usernames or concrete token paths are exported."
POST,/api/transfers,member,api.transfers.create,share-holder,boundary-asserted,boundary-asserted; observed-request-only,tests/security-audit-matrix.test.ts; tests/security-audit-matrix.test.ts:89:36,"authentication boundary: HTTP 401; assertion passed | Request observed in completed test suite; assertion and purpose not inferred: HTTP status counts {""401"": 1}","Disposable Fastify injection; missing resource IDs exercise global hooks, not resource ownership or valid payload processing. | May be fixture setup, valid feature/control or malformed request. Preload actor is best-effort at request start; share-bearer paths, revoked cookies and helper/network calls are not reliably classified. No payloads, credentials, fixture usernames or concrete token paths are exported."
POST,/api/transfers,member,api.transfers.create,request-guest,boundary-asserted,boundary-asserted; observed-request-only,tests/security-audit-matrix.test.ts; tests/security-audit-matrix.test.ts:89:36,"authentication boundary: HTTP 403; assertion passed | Request observed in completed test suite; assertion and purpose not inferred: HTTP status counts {""403"": 1}","Disposable Fastify injection; missing resource IDs exercise global hooks, not resource ownership or valid payload processing. | May be fixture setup, valid feature/control or malformed request. Preload actor is best-effort at request start; share-bearer paths, revoked cookies and helper/network calls are not reliably classified. No payloads, credentials, fixture usernames or concrete token paths are exported."
POST,/api/transfers,member,api.transfers.create,nearby-guest,boundary-asserted,boundary-asserted; observed-request-only,tests/security-audit-matrix.test.ts; tests/security-audit-matrix.test.ts:89:36,"authentication boundary: HTTP 401; assertion passed | Request observed in completed test suite; assertion and purpose not inferred: HTTP status counts {""401"": 1}","Disposable Fastify injection; missing resource IDs exercise global hooks, not resource ownership or valid payload processing. | May be fixture setup, valid feature/control or malformed request. Preload actor is best-effort at request start; share-bearer paths, revoked cookies and helper/network calls are not reliably classified. No payloads, credentials, fixture usernames or concrete token paths are exported."
POST,/api/transfers,member,api.transfers.create,same-network-stranger,boundary-asserted,boundary-asserted; observed-request-only,tests/security-audit-matrix.test.ts; tests/security-audit-matrix.test.ts:89:36,"authentication boundary: HTTP 401; assertion passed | Request observed in completed test suite; assertion and purpose not inferred: HTTP status counts {""401"": 1}","Disposable Fastify injection; missing resource IDs exercise global hooks, not resource ownership or valid payload processing. | May be fixture setup, valid feature/control or malformed request. Preload actor is best-effort at request start; share-bearer paths, revoked cookies and helper/network calls are not reliably classified. No payloads, credentials, fixture usernames or concrete token paths are exported."
POST,/api/transfers,member,api.transfers.create,cross-site-browser,boundary-asserted,boundary-asserted,tests/security-audit-matrix.test.ts,origin: HTTP 403; assertion passed | sec-fetch-site: HTTP 403; assertion passed,"Disposable Fastify injection; missing resource IDs exercise global hooks, not resource ownership or valid payload processing."
POST,/api/transfers,member,api.transfers.create,session-without-csrf,boundary-asserted,boundary-asserted,tests/security-audit-matrix.test.ts,CSRF token: HTTP 403; assertion passed,"Disposable Fastify injection; missing resource IDs exercise global hooks, not resource ownership or valid payload processing."
POST,/api/transfers,member,api.transfers.create,rebound-host,boundary-asserted,boundary-asserted,tests/security-audit-matrix.test.ts,Host validation: HTTP 403; assertion passed,"Disposable Fastify injection; missing resource IDs exercise global hooks, not resource ownership or valid payload processing."
POST,/api/transfers,member,api.transfers.create,revoked-member,not-checked,not-checked,,No attributed endpoint/actor evidence: Not checked,No claim of runtime testing or source review for this cell; may be outside intended authority.
POST,/api/transfers,member,api.transfers.create,authentication-bearer,not-checked,not-checked,,No attributed endpoint/actor evidence: Not checked,No claim of runtime testing or source review for this cell; may be outside intended authority.
POST,/api/transfers,member,api.transfers.create,local-helper,not-checked,not-checked,,No attributed endpoint/actor evidence: Not checked,No claim of runtime testing or source review for this cell; may be outside intended authority.
POST,/api/transfers/:id/complete,any,api.transfers.complete,anonymous,observed-request-only,observed-request-only,tests/security-audit-matrix.test.ts:101:39; tests/security-audit-matrix.test.ts:116:37,"Request observed in completed test suite; assertion and purpose not inferred: HTTP status counts {""403"": 3}","May be fixture setup, valid feature/control or malformed request. Preload actor is best-effort at request start; share-bearer paths, revoked cookies and helper/network calls are not reliably classified. No payloads, credentials, fixture usernames or concrete token paths are exported."
POST,/api/transfers/:id/complete,any,api.transfers.complete,forged-session,not-checked,not-checked,,No attributed endpoint/actor evidence: Not checked,No claim of runtime testing or source review for this cell; may be outside intended authority.
POST,/api/transfers/:id/complete,any,api.transfers.complete,ordinary-member,observed-request-only,observed-request-only,tests/admin.test.ts:23:5; tests/deliveries.test.ts:118:24; tests/deliveries.test.ts:148:24; tests/deliveries.test.ts:190:24; tests/deliveries.test.ts:198:32; tests/deliveries.test.ts:211:31; tests/deliveries.test.ts:222:24; tests/deliveries.test.ts:242:24; tests/deliveries.test.ts:276:16; tests/deliveries.test.ts:287:18; tests/deliveries.test.ts:298:24; tests/deliveries.test.ts:45:24; tests/library.test.ts:109:19; tests/library.test.ts:110:17; tests/library.test.ts:111:21; tests/library.test.ts:180:19; tests/library.test.ts:183:20; tests/library.test.ts:210:21; tests/library.test.ts:255:18; tests/library.test.ts:307:22; tests/library.test.ts:313:17; tests/library.test.ts:343:18; tests/library.test.ts:355:19; tests/library.test.ts:35:19; tests/library.test.ts:415:18; tests/library.test.ts:420:5; tests/library.test.ts:452:18; tests/library.test.ts:454:20; tests/library.test.ts:458:20; tests/library.test.ts:58:18; tests/library.test.ts:67:20; tests/library.test.ts:76:20; tests/library.test.ts:81:19; tests/link-options.test.ts:186:24; tests/link-options.test.ts:23:22; tests/links.test.ts:110:24; tests/links.test.ts:21:22; tests/links.test.ts:271:24; tests/links.test.ts:68:31; tests/local.test.ts:158:20; tests/local.test.ts:201:20; tests/local.test.ts:243:20; tests/requests.test.ts:237:31; tests/requests.test.ts:516:5; tests/security-audit-admin-content.test.ts:11:19; tests/security-audit-matrix.test.ts:46:20; tests/setup.test.ts:286:20; tests/transfers.test.ts:258:38; tests/transfers.test.ts:269:22; tests/transfers.test.ts:298:18; tests/transfers.test.ts:88:32; tests/transfers.test.ts:89:33; tests/transfers.test.ts:94:38,"Request observed in completed test suite; assertion and purpose not inferred: HTTP status counts {""200"": 64, ""409"": 2, ""410"": 1}","May be fixture setup, valid feature/control or malformed request. Preload actor is best-effort at request start; share-bearer paths, revoked cookies and helper/network calls are not reliably classified. No payloads, credentials, fixture usernames or concrete token paths are exported."
POST,/api/transfers/:id/complete,any,api.transfers.complete,other-member,boundary-asserted,boundary-asserted; observed-request-only,tests/security-audit-content.test.ts:129; tests/transfers.test.ts:97:26,"Foreign concrete resource IDs cannot read, mutate, bulk-operate, reuse uploads or close another tab: 404; no secret/hash/filename disclosure; mixed bulk operation leaves own item unchanged | Request observed in completed test suite; assertion and purpose not inferred: HTTP status counts {""404"": 1}","Disposable test instance; this assertion covers the named scenario only. | May be fixture setup, valid feature/control or malformed request. Preload actor is best-effort at request start; share-bearer paths, revoked cookies and helper/network calls are not reliably classified. No payloads, credentials, fixture usernames or concrete token paths are exported."
POST,/api/transfers/:id/complete,any,api.transfers.complete,administrator,not-checked,not-checked,,No attributed endpoint/actor evidence: Not checked,No claim of runtime testing or source review for this cell; may be outside intended authority.
POST,/api/transfers/:id/complete,any,api.transfers.complete,share-holder,not-checked,not-checked,,No attributed endpoint/actor evidence: Not checked,No claim of runtime testing or source review for this cell; may be outside intended authority.
POST,/api/transfers/:id/complete,any,api.transfers.complete,request-guest,boundary-asserted,boundary-asserted; observed-request-only,tests/requests.test.ts:250:13; tests/requests.test.ts:448:21; tests/requests.test.ts:559:37; tests/requests.test.ts:77:17; tests/transfers.test.ts:430:15; tests/transfers.test.ts:437:17; tests/requests.test.ts:251; tests/security-audit-account-lifecycle.test.ts:429; tests/security-audit-content.test.ts:307,"Upload guest cannot publish a link or deliver to a member device: 403; request-owned save succeeds | Grant expiry, request expiry/close and owner disable deny guest completion: 404; transfer not complete | Same-request guest credentials cannot act on another guest's transfer/upload: 404 for each cross-grant operation | Request observed in completed test suite; assertion and purpose not inferred: HTTP status counts {""200"": 30, ""403"": 1, ""404"": 1}","Disposable test instance; this assertion covers the named scenario only. | May be fixture setup, valid feature/control or malformed request. Preload actor is best-effort at request start; share-bearer paths, revoked cookies and helper/network calls are not reliably classified. No payloads, credentials, fixture usernames or concrete token paths are exported."
POST,/api/transfers/:id/complete,any,api.transfers.complete,nearby-guest,not-checked,not-checked,,No attributed endpoint/actor evidence: Not checked,No claim of runtime testing or source review for this cell; may be outside intended authority.
POST,/api/transfers/:id/complete,any,api.transfers.complete,same-network-stranger,not-checked,not-checked,,No attributed endpoint/actor evidence: Not checked,No claim of runtime testing or source review for this cell; may be outside intended authority.
POST,/api/transfers/:id/complete,any,api.transfers.complete,cross-site-browser,boundary-asserted,boundary-asserted,tests/security-audit-matrix.test.ts,origin: HTTP 403; assertion passed | sec-fetch-site: HTTP 403; assertion passed,"Disposable Fastify injection; missing resource IDs exercise global hooks, not resource ownership or valid payload processing."
POST,/api/transfers/:id/complete,any,api.transfers.complete,session-without-csrf,not-checked,not-checked,,No attributed endpoint/actor evidence: Not checked,No claim of runtime testing or source review for this cell; may be outside intended authority.
POST,/api/transfers/:id/complete,any,api.transfers.complete,rebound-host,boundary-asserted,boundary-asserted,tests/security-audit-matrix.test.ts,Host validation: HTTP 403; assertion passed,"Disposable Fastify injection; missing resource IDs exercise global hooks, not resource ownership or valid payload processing."
POST,/api/transfers/:id/complete,any,api.transfers.complete,revoked-member,boundary-asserted,boundary-asserted,tests/security-audit-account-lifecycle.test.ts:280; tests/security-audit-content.test.ts:704,Signout while share password hashing is pending prevents publication: 401; no link; transfer remains open | Pending transfer cannot borrow a same-user second session after initiating-session signout: 401; no share; valid second session may independently finish,Disposable test instance; this assertion covers the named scenario only.
POST,/api/transfers/:id/complete,any,api.transfers.complete,authentication-bearer,not-checked,not-checked,,No attributed endpoint/actor evidence: Not checked,No claim of runtime testing or source review for this cell; may be outside intended authority.
POST,/api/transfers/:id/complete,any,api.transfers.complete,local-helper,not-checked,not-checked,,No attributed endpoint/actor evidence: Not checked,No claim of runtime testing or source review for this cell; may be outside intended authority.
POST,/api/transfers/:id/cancel,any,api.transfers.cancel,anonymous,observed-request-only,observed-request-only,tests/security-audit-matrix.test.ts:101:39; tests/security-audit-matrix.test.ts:116:37,"Request observed in completed test suite; assertion and purpose not inferred: HTTP status counts {""403"": 3}","May be fixture setup, valid feature/control or malformed request. Preload actor is best-effort at request start; share-bearer paths, revoked cookies and helper/network calls are not reliably classified. No payloads, credentials, fixture usernames or concrete token paths are exported."
POST,/api/transfers/:id/cancel,any,api.transfers.cancel,forged-session,not-checked,not-checked,,No attributed endpoint/actor evidence: Not checked,No claim of runtime testing or source review for this cell; may be outside intended authority.
POST,/api/transfers/:id/cancel,any,api.transfers.cancel,ordinary-member,observed-request-only,observed-request-only,tests/transfers.test.ts:246:35; tests/transfers.test.ts:262:35; tests/transfers.test.ts:270:38; tests/transfers.test.ts:440:26,"Request observed in completed test suite; assertion and purpose not inferred: HTTP status counts {""200"": 2, ""404"": 1, ""409"": 1}","May be fixture setup, valid feature/control or malformed request. Preload actor is best-effort at request start; share-bearer paths, revoked cookies and helper/network calls are not reliably classified. No payloads, credentials, fixture usernames or concrete token paths are exported."
POST,/api/transfers/:id/cancel,any,api.transfers.cancel,other-member,boundary-asserted,boundary-asserted,tests/security-audit-content.test.ts:129,"Foreign concrete resource IDs cannot read, mutate, bulk-operate, reuse uploads or close another tab: 404; no secret/hash/filename disclosure; mixed bulk operation leaves own item unchanged",Disposable test instance; this assertion covers the named scenario only.
POST,/api/transfers/:id/cancel,any,api.transfers.cancel,administrator,not-checked,not-checked,,No attributed endpoint/actor evidence: Not checked,No claim of runtime testing or source review for this cell; may be outside intended authority.
POST,/api/transfers/:id/cancel,any,api.transfers.cancel,share-holder,not-checked,not-checked,,No attributed endpoint/actor evidence: Not checked,No claim of runtime testing or source review for this cell; may be outside intended authority.
POST,/api/transfers/:id/cancel,any,api.transfers.cancel,request-guest,boundary-asserted,boundary-asserted; observed-request-only,tests/requests.test.ts:214:19; tests/requests.test.ts:254:35; tests/requests.test.ts:251; tests/security-audit-content.test.ts:303,"One request guest cannot access another guest's uploads or cancel transfer: 404 | Same-request guest credentials cannot act on another guest's transfer/upload: 404 for each cross-grant operation | Request observed in completed test suite; assertion and purpose not inferred: HTTP status counts {""200"": 1, ""404"": 1}","Disposable test instance; this assertion covers the named scenario only. | May be fixture setup, valid feature/control or malformed request. Preload actor is best-effort at request start; share-bearer paths, revoked cookies and helper/network calls are not reliably classified. No payloads, credentials, fixture usernames or concrete token paths are exported."
POST,/api/transfers/:id/cancel,any,api.transfers.cancel,nearby-guest,not-checked,not-checked,,No attributed endpoint/actor evidence: Not checked,No claim of runtime testing or source review for this cell; may be outside intended authority.
POST,/api/transfers/:id/cancel,any,api.transfers.cancel,same-network-stranger,not-checked,not-checked,,No attributed endpoint/actor evidence: Not checked,No claim of runtime testing or source review for this cell; may be outside intended authority.
POST,/api/transfers/:id/cancel,any,api.transfers.cancel,cross-site-browser,boundary-asserted,boundary-asserted,tests/security-audit-matrix.test.ts,origin: HTTP 403; assertion passed | sec-fetch-site: HTTP 403; assertion passed,"Disposable Fastify injection; missing resource IDs exercise global hooks, not resource ownership or valid payload processing."
POST,/api/transfers/:id/cancel,any,api.transfers.cancel,session-without-csrf,not-checked,not-checked,,No attributed endpoint/actor evidence: Not checked,No claim of runtime testing or source review for this cell; may be outside intended authority.
POST,/api/transfers/:id/cancel,any,api.transfers.cancel,rebound-host,boundary-asserted,boundary-asserted,tests/security-audit-matrix.test.ts,Host validation: HTTP 403; assertion passed,"Disposable Fastify injection; missing resource IDs exercise global hooks, not resource ownership or valid payload processing."
POST,/api/transfers/:id/cancel,any,api.transfers.cancel,revoked-member,not-checked,not-checked,,No attributed endpoint/actor evidence: Not checked,No claim of runtime testing or source review for this cell; may be outside intended authority.
POST,/api/transfers/:id/cancel,any,api.transfers.cancel,authentication-bearer,not-checked,not-checked,,No attributed endpoint/actor evidence: Not checked,No claim of runtime testing or source review for this cell; may be outside intended authority.
POST,/api/transfers/:id/cancel,any,api.transfers.cancel,local-helper,not-checked,not-checked,,No attributed endpoint/actor evidence: Not checked,No claim of runtime testing or source review for this cell; may be outside intended authority.
POST,/api/tabs/:id/close,any,api.transfers.closeTab,anonymous,observed-request-only,observed-request-only,tests/security-audit-matrix.test.ts:101:39; tests/security-audit-matrix.test.ts:116:37,"Request observed in completed test suite; assertion and purpose not inferred: HTTP status counts {""403"": 3}","May be fixture setup, valid feature/control or malformed request. Preload actor is best-effort at request start; share-bearer paths, revoked cookies and helper/network calls are not reliably classified. No payloads, credentials, fixture usernames or concrete token paths are exported."
POST,/api/tabs/:id/close,any,api.transfers.closeTab,forged-session,not-checked,not-checked,,No attributed endpoint/actor evidence: Not checked,No claim of runtime testing or source review for this cell; may be outside intended authority.
POST,/api/tabs/:id/close,any,api.transfers.closeTab,ordinary-member,observed-request-only,observed-request-only,tests/transfers.test.ts:317:37; tests/transfers.test.ts:318:18; tests/transfers.test.ts:356:18,"Request observed in completed test suite; assertion and purpose not inferred: HTTP status counts {""200"": 2, ""404"": 1}","May be fixture setup, valid feature/control or malformed request. Preload actor is best-effort at request start; share-bearer paths, revoked cookies and helper/network calls are not reliably classified. No payloads, credentials, fixture usernames or concrete token paths are exported."
POST,/api/tabs/:id/close,any,api.transfers.closeTab,other-member,boundary-asserted,boundary-asserted,tests/security-audit-content.test.ts:129,"Foreign concrete resource IDs cannot read, mutate, bulk-operate, reuse uploads or close another tab: 404; no secret/hash/filename disclosure; mixed bulk operation leaves own item unchanged",Disposable test instance; this assertion covers the named scenario only.
POST,/api/tabs/:id/close,any,api.transfers.closeTab,administrator,not-checked,not-checked,,No attributed endpoint/actor evidence: Not checked,No claim of runtime testing or source review for this cell; may be outside intended authority.
POST,/api/tabs/:id/close,any,api.transfers.closeTab,share-holder,not-checked,not-checked,,No attributed endpoint/actor evidence: Not checked,No claim of runtime testing or source review for this cell; may be outside intended authority.
POST,/api/tabs/:id/close,any,api.transfers.closeTab,request-guest,not-checked,not-checked,,No attributed endpoint/actor evidence: Not checked,No claim of runtime testing or source review for this cell; may be outside intended authority.
POST,/api/tabs/:id/close,any,api.transfers.closeTab,nearby-guest,not-checked,not-checked,,No attributed endpoint/actor evidence: Not checked,No claim of runtime testing or source review for this cell; may be outside intended authority.
POST,/api/tabs/:id/close,any,api.transfers.closeTab,same-network-stranger,not-checked,not-checked,,No attributed endpoint/actor evidence: Not checked,No claim of runtime testing or source review for this cell; may be outside intended authority.
POST,/api/tabs/:id/close,any,api.transfers.closeTab,cross-site-browser,boundary-asserted,boundary-asserted,tests/security-audit-matrix.test.ts,origin: HTTP 403; assertion passed | sec-fetch-site: HTTP 403; assertion passed,"Disposable Fastify injection; missing resource IDs exercise global hooks, not resource ownership or valid payload processing."
POST,/api/tabs/:id/close,any,api.transfers.closeTab,session-without-csrf,not-checked,not-checked,,No attributed endpoint/actor evidence: Not checked,No claim of runtime testing or source review for this cell; may be outside intended authority.
POST,/api/tabs/:id/close,any,api.transfers.closeTab,rebound-host,boundary-asserted,boundary-asserted,tests/security-audit-matrix.test.ts,Host validation: HTTP 403; assertion passed,"Disposable Fastify injection; missing resource IDs exercise global hooks, not resource ownership or valid payload processing."
POST,/api/tabs/:id/close,any,api.transfers.closeTab,revoked-member,not-checked,not-checked,,No attributed endpoint/actor evidence: Not checked,No claim of runtime testing or source review for this cell; may be outside intended authority.
POST,/api/tabs/:id/close,any,api.transfers.closeTab,authentication-bearer,not-checked,not-checked,,No attributed endpoint/actor evidence: Not checked,No claim of runtime testing or source review for this cell; may be outside intended authority.
POST,/api/tabs/:id/close,any,api.transfers.closeTab,local-helper,not-checked,not-checked,,No attributed endpoint/actor evidence: Not checked,No claim of runtime testing or source review for this cell; may be outside intended authority.
DELETE,/api/uploads/:id,any,api.transfers.removeUpload,anonymous,observed-request-only,observed-request-only,tests/security-audit-matrix.test.ts:101:39; tests/security-audit-matrix.test.ts:116:37,"Request observed in completed test suite; assertion and purpose not inferred: HTTP status counts {""403"": 3}","May be fixture setup, valid feature/control or malformed request. Preload actor is best-effort at request start; share-bearer paths, revoked cookies and helper/network calls are not reliably classified. No payloads, credentials, fixture usernames or concrete token paths are exported."
DELETE,/api/uploads/:id,any,api.transfers.removeUpload,forged-session,not-checked,not-checked,,No attributed endpoint/actor evidence: Not checked,No claim of runtime testing or source review for this cell; may be outside intended authority.
DELETE,/api/uploads/:id,any,api.transfers.removeUpload,ordinary-member,observed-request-only,observed-request-only,tests/transfers.test.ts:288:38; tests/transfers.test.ts:290:37; tests/transfers.test.ts:291:18,"Request observed in completed test suite; assertion and purpose not inferred: HTTP status counts {""200"": 1, ""404"": 1, ""409"": 1}","May be fixture setup, valid feature/control or malformed request. Preload actor is best-effort at request start; share-bearer paths, revoked cookies and helper/network calls are not reliably classified. No payloads, credentials, fixture usernames or concrete token paths are exported."
DELETE,/api/uploads/:id,any,api.transfers.removeUpload,other-member,boundary-asserted,boundary-asserted,tests/security-audit-content.test.ts:129,"Foreign concrete resource IDs cannot read, mutate, bulk-operate, reuse uploads or close another tab: 404; no secret/hash/filename disclosure; mixed bulk operation leaves own item unchanged",Disposable test instance; this assertion covers the named scenario only.
DELETE,/api/uploads/:id,any,api.transfers.removeUpload,administrator,not-checked,not-checked,,No attributed endpoint/actor evidence: Not checked,No claim of runtime testing or source review for this cell; may be outside intended authority.
DELETE,/api/uploads/:id,any,api.transfers.removeUpload,share-holder,not-checked,not-checked,,No attributed endpoint/actor evidence: Not checked,No claim of runtime testing or source review for this cell; may be outside intended authority.
DELETE,/api/uploads/:id,any,api.transfers.removeUpload,request-guest,boundary-asserted,boundary-asserted; observed-request-only,tests/requests.test.ts:251; tests/requests.test.ts:255:35,"Same-request guest credentials cannot act on another guest's transfer/upload: 404 for each cross-grant operation | Request observed in completed test suite; assertion and purpose not inferred: HTTP status counts {""404"": 1}","Disposable test instance; this assertion covers the named scenario only. | May be fixture setup, valid feature/control or malformed request. Preload actor is best-effort at request start; share-bearer paths, revoked cookies and helper/network calls are not reliably classified. No payloads, credentials, fixture usernames or concrete token paths are exported."
DELETE,/api/uploads/:id,any,api.transfers.removeUpload,nearby-guest,not-checked,not-checked,,No attributed endpoint/actor evidence: Not checked,No claim of runtime testing or source review for this cell; may be outside intended authority.
DELETE,/api/uploads/:id,any,api.transfers.removeUpload,same-network-stranger,not-checked,not-checked,,No attributed endpoint/actor evidence: Not checked,No claim of runtime testing or source review for this cell; may be outside intended authority.
DELETE,/api/uploads/:id,any,api.transfers.removeUpload,cross-site-browser,boundary-asserted,boundary-asserted,tests/security-audit-matrix.test.ts,origin: HTTP 403; assertion passed | sec-fetch-site: HTTP 403; assertion passed,"Disposable Fastify injection; missing resource IDs exercise global hooks, not resource ownership or valid payload processing."
DELETE,/api/uploads/:id,any,api.transfers.removeUpload,session-without-csrf,not-checked,not-checked,,No attributed endpoint/actor evidence: Not checked,No claim of runtime testing or source review for this cell; may be outside intended authority.
DELETE,/api/uploads/:id,any,api.transfers.removeUpload,rebound-host,boundary-asserted,boundary-asserted,tests/security-audit-matrix.test.ts,Host validation: HTTP 403; assertion passed,"Disposable Fastify injection; missing resource IDs exercise global hooks, not resource ownership or valid payload processing."
DELETE,/api/uploads/:id,any,api.transfers.removeUpload,revoked-member,not-checked,not-checked,,No attributed endpoint/actor evidence: Not checked,No claim of runtime testing or source review for this cell; may be outside intended authority.
DELETE,/api/uploads/:id,any,api.transfers.removeUpload,authentication-bearer,not-checked,not-checked,,No attributed endpoint/actor evidence: Not checked,No claim of runtime testing or source review for this cell; may be outside intended authority.
DELETE,/api/uploads/:id,any,api.transfers.removeUpload,local-helper,not-checked,not-checked,,No attributed endpoint/actor evidence: Not checked,No claim of runtime testing or source review for this cell; may be outside intended authority.
GET,/api/usage,member,api.usage,anonymous,boundary-asserted,boundary-asserted; observed-request-only,tests/security-audit-matrix.test.ts; tests/security-audit-matrix.test.ts:116:37; tests/security-audit-matrix.test.ts:89:36,"authentication boundary: HTTP 401; assertion passed | Request observed in completed test suite; assertion and purpose not inferred: HTTP status counts {""401"": 2, ""403"": 1}","Disposable Fastify injection; missing resource IDs exercise global hooks, not resource ownership or valid payload processing. | May be fixture setup, valid feature/control or malformed request. Preload actor is best-effort at request start; share-bearer paths, revoked cookies and helper/network calls are not reliably classified. No payloads, credentials, fixture usernames or concrete token paths are exported."
GET,/api/usage,member,api.usage,forged-session,boundary-asserted,boundary-asserted,tests/security-audit-matrix.test.ts,authentication boundary: HTTP 401; assertion passed,"Disposable Fastify injection; missing resource IDs exercise global hooks, not resource ownership or valid payload processing."
GET,/api/usage,member,api.usage,ordinary-member,allowed-control-asserted,allowed-control-asserted,tests/usage.test.ts:182,Own usage can report upload/guest/shared counters and own largest item: Expected own totals and resource/count controls pass,Disposable test instance; this assertion covers the named scenario only.
GET,/api/usage,member,api.usage,other-member,not-checked,not-checked,,No attributed endpoint/actor evidence: Not checked,No claim of runtime testing or source review for this cell; may be outside intended authority.
GET,/api/usage,member,api.usage,administrator,security-property-asserted,security-property-asserted,tests/usage.test.ts:226,Member-facing usage remains scoped to own account even for an administrator: Own totals uploaded=0 while another member's report uploaded=605,Disposable test instance; this assertion covers the named scenario only.
GET,/api/usage,member,api.usage,share-holder,boundary-asserted,boundary-asserted; observed-request-only,tests/security-audit-matrix.test.ts; tests/security-audit-matrix.test.ts:89:36,"authentication boundary: HTTP 401; assertion passed | Request observed in completed test suite; assertion and purpose not inferred: HTTP status counts {""401"": 1}","Disposable Fastify injection; missing resource IDs exercise global hooks, not resource ownership or valid payload processing. | May be fixture setup, valid feature/control or malformed request. Preload actor is best-effort at request start; share-bearer paths, revoked cookies and helper/network calls are not reliably classified. No payloads, credentials, fixture usernames or concrete token paths are exported."
GET,/api/usage,member,api.usage,request-guest,boundary-asserted,boundary-asserted; observed-request-only,tests/security-audit-matrix.test.ts; tests/security-audit-matrix.test.ts:89:36,"authentication boundary: HTTP 401; assertion passed | Request observed in completed test suite; assertion and purpose not inferred: HTTP status counts {""401"": 1}","Disposable Fastify injection; missing resource IDs exercise global hooks, not resource ownership or valid payload processing. | May be fixture setup, valid feature/control or malformed request. Preload actor is best-effort at request start; share-bearer paths, revoked cookies and helper/network calls are not reliably classified. No payloads, credentials, fixture usernames or concrete token paths are exported."
GET,/api/usage,member,api.usage,nearby-guest,boundary-asserted,boundary-asserted; observed-request-only,tests/security-audit-matrix.test.ts; tests/security-audit-matrix.test.ts:89:36,"authentication boundary: HTTP 401; assertion passed | Request observed in completed test suite; assertion and purpose not inferred: HTTP status counts {""401"": 1}","Disposable Fastify injection; missing resource IDs exercise global hooks, not resource ownership or valid payload processing. | May be fixture setup, valid feature/control or malformed request. Preload actor is best-effort at request start; share-bearer paths, revoked cookies and helper/network calls are not reliably classified. No payloads, credentials, fixture usernames or concrete token paths are exported."
GET,/api/usage,member,api.usage,same-network-stranger,boundary-asserted,boundary-asserted; observed-request-only,tests/security-audit-matrix.test.ts; tests/security-audit-matrix.test.ts:89:36,"authentication boundary: HTTP 401; assertion passed | Request observed in completed test suite; assertion and purpose not inferred: HTTP status counts {""401"": 1}","Disposable Fastify injection; missing resource IDs exercise global hooks, not resource ownership or valid payload processing. | May be fixture setup, valid feature/control or malformed request. Preload actor is best-effort at request start; share-bearer paths, revoked cookies and helper/network calls are not reliably classified. No payloads, credentials, fixture usernames or concrete token paths are exported."
GET,/api/usage,member,api.usage,cross-site-browser,not-checked,not-checked,,No attributed endpoint/actor evidence: Not checked,No claim of runtime testing or source review for this cell; may be outside intended authority.
GET,/api/usage,member,api.usage,session-without-csrf,not-checked,not-checked,,No attributed endpoint/actor evidence: Not checked,No claim of runtime testing or source review for this cell; may be outside intended authority.
GET,/api/usage,member,api.usage,rebound-host,boundary-asserted,boundary-asserted,tests/security-audit-matrix.test.ts,Host validation: HTTP 403; assertion passed,"Disposable Fastify injection; missing resource IDs exercise global hooks, not resource ownership or valid payload processing."
GET,/api/usage,member,api.usage,revoked-member,not-checked,not-checked,,No attributed endpoint/actor evidence: Not checked,No claim of runtime testing or source review for this cell; may be outside intended authority.
GET,/api/usage,member,api.usage,authentication-bearer,not-checked,not-checked,,No attributed endpoint/actor evidence: Not checked,No claim of runtime testing or source review for this cell; may be outside intended authority.
GET,/api/usage,member,api.usage,local-helper,not-checked,not-checked,,No attributed endpoint/actor evidence: Not checked,No claim of runtime testing or source review for this cell; may be outside intended authority.
HEAD,/api/usage,member,api.usage,anonymous,boundary-asserted,boundary-asserted; observed-request-only,tests/security-audit-matrix.test.ts; tests/security-audit-matrix.test.ts:116:37; tests/security-audit-matrix.test.ts:89:36,"authentication boundary: HTTP 401; assertion passed | Request observed in completed test suite; assertion and purpose not inferred: HTTP status counts {""401"": 2, ""403"": 1}","Disposable Fastify injection; missing resource IDs exercise global hooks, not resource ownership or valid payload processing. | May be fixture setup, valid feature/control or malformed request. Preload actor is best-effort at request start; share-bearer paths, revoked cookies and helper/network calls are not reliably classified. No payloads, credentials, fixture usernames or concrete token paths are exported."
HEAD,/api/usage,member,api.usage,forged-session,boundary-asserted,boundary-asserted,tests/security-audit-matrix.test.ts,authentication boundary: HTTP 401; assertion passed,"Disposable Fastify injection; missing resource IDs exercise global hooks, not resource ownership or valid payload processing."
HEAD,/api/usage,member,api.usage,ordinary-member,not-checked,not-checked,,No attributed endpoint/actor evidence: Not checked,No claim of runtime testing or source review for this cell; may be outside intended authority.
HEAD,/api/usage,member,api.usage,other-member,not-checked,not-checked,,No attributed endpoint/actor evidence: Not checked,No claim of runtime testing or source review for this cell; may be outside intended authority.
HEAD,/api/usage,member,api.usage,administrator,not-checked,not-checked,,No attributed endpoint/actor evidence: Not checked,No claim of runtime testing or source review for this cell; may be outside intended authority.
HEAD,/api/usage,member,api.usage,share-holder,boundary-asserted,boundary-asserted; observed-request-only,tests/security-audit-matrix.test.ts; tests/security-audit-matrix.test.ts:89:36,"authentication boundary: HTTP 401; assertion passed | Request observed in completed test suite; assertion and purpose not inferred: HTTP status counts {""401"": 1}","Disposable Fastify injection; missing resource IDs exercise global hooks, not resource ownership or valid payload processing. | May be fixture setup, valid feature/control or malformed request. Preload actor is best-effort at request start; share-bearer paths, revoked cookies and helper/network calls are not reliably classified. No payloads, credentials, fixture usernames or concrete token paths are exported."
HEAD,/api/usage,member,api.usage,request-guest,boundary-asserted,boundary-asserted; observed-request-only,tests/security-audit-matrix.test.ts; tests/security-audit-matrix.test.ts:89:36,"authentication boundary: HTTP 401; assertion passed | Request observed in completed test suite; assertion and purpose not inferred: HTTP status counts {""401"": 1}","Disposable Fastify injection; missing resource IDs exercise global hooks, not resource ownership or valid payload processing. | May be fixture setup, valid feature/control or malformed request. Preload actor is best-effort at request start; share-bearer paths, revoked cookies and helper/network calls are not reliably classified. No payloads, credentials, fixture usernames or concrete token paths are exported."
HEAD,/api/usage,member,api.usage,nearby-guest,boundary-asserted,boundary-asserted; observed-request-only,tests/security-audit-matrix.test.ts; tests/security-audit-matrix.test.ts:89:36,"authentication boundary: HTTP 401; assertion passed | Request observed in completed test suite; assertion and purpose not inferred: HTTP status counts {""401"": 1}","Disposable Fastify injection; missing resource IDs exercise global hooks, not resource ownership or valid payload processing. | May be fixture setup, valid feature/control or malformed request. Preload actor is best-effort at request start; share-bearer paths, revoked cookies and helper/network calls are not reliably classified. No payloads, credentials, fixture usernames or concrete token paths are exported."
HEAD,/api/usage,member,api.usage,same-network-stranger,boundary-asserted,boundary-asserted; observed-request-only,tests/security-audit-matrix.test.ts; tests/security-audit-matrix.test.ts:89:36,"authentication boundary: HTTP 401; assertion passed | Request observed in completed test suite; assertion and purpose not inferred: HTTP status counts {""401"": 1}","Disposable Fastify injection; missing resource IDs exercise global hooks, not resource ownership or valid payload processing. | May be fixture setup, valid feature/control or malformed request. Preload actor is best-effort at request start; share-bearer paths, revoked cookies and helper/network calls are not reliably classified. No payloads, credentials, fixture usernames or concrete token paths are exported."
HEAD,/api/usage,member,api.usage,cross-site-browser,not-checked,not-checked,,No attributed endpoint/actor evidence: Not checked,No claim of runtime testing or source review for this cell; may be outside intended authority.
HEAD,/api/usage,member,api.usage,session-without-csrf,not-checked,not-checked,,No attributed endpoint/actor evidence: Not checked,No claim of runtime testing or source review for this cell; may be outside intended authority.
HEAD,/api/usage,member,api.usage,rebound-host,boundary-asserted,boundary-asserted,tests/security-audit-matrix.test.ts,Host validation: HTTP 403; assertion passed,"Disposable Fastify injection; missing resource IDs exercise global hooks, not resource ownership or valid payload processing."
HEAD,/api/usage,member,api.usage,revoked-member,not-checked,not-checked,,No attributed endpoint/actor evidence: Not checked,No claim of runtime testing or source review for this cell; may be outside intended authority.
HEAD,/api/usage,member,api.usage,authentication-bearer,not-checked,not-checked,,No attributed endpoint/actor evidence: Not checked,No claim of runtime testing or source review for this cell; may be outside intended authority.
HEAD,/api/usage,member,api.usage,local-helper,not-checked,not-checked,,No attributed endpoint/actor evidence: Not checked,No claim of runtime testing or source review for this cell; may be outside intended authority.
GET,/api/nodes/:id/content,member,raw route,anonymous,boundary-asserted,boundary-asserted; observed-request-only,tests/security-audit-matrix.test.ts; tests/security-audit-matrix.test.ts:116:37; tests/security-audit-matrix.test.ts:89:36,"authentication boundary: HTTP 401; assertion passed | Request observed in completed test suite; assertion and purpose not inferred: HTTP status counts {""401"": 2, ""403"": 1}","Disposable Fastify injection; missing resource IDs exercise global hooks, not resource ownership or valid payload processing. | May be fixture setup, valid feature/control or malformed request. Preload actor is best-effort at request start; share-bearer paths, revoked cookies and helper/network calls are not reliably classified. No payloads, credentials, fixture usernames or concrete token paths are exported."
GET,/api/nodes/:id/content,member,raw route,forged-session,boundary-asserted,boundary-asserted,tests/security-audit-matrix.test.ts,authentication boundary: HTTP 401; assertion passed,"Disposable Fastify injection; missing resource IDs exercise global hooks, not resource ownership or valid payload processing."
GET,/api/nodes/:id/content,member,raw route,ordinary-member,security-property-asserted,security-property-asserted; observed-request-only,tests/deliveries.test.ts:285:30; tests/deliveries.test.ts:78:33; tests/security-audit-content.test.ts:640,"Malformed multi-range and unsafe integer ranges fail: 416; valid range returns cde | Request observed in completed test suite; assertion and purpose not inferred: HTTP status counts {""200"": 2}","Disposable test instance; this assertion covers the named scenario only. | May be fixture setup, valid feature/control or malformed request. Preload actor is best-effort at request start; share-bearer paths, revoked cookies and helper/network calls are not reliably classified. No payloads, credentials, fixture usernames or concrete token paths are exported."
GET,/api/nodes/:id/content,member,raw route,other-member,boundary-asserted,boundary-asserted,tests/security-audit-content.test.ts:129; tests/security-audit-content.test.ts:176,"Foreign concrete resource IDs cannot read, mutate, bulk-operate, reuse uploads or close another tab: 404; no secret/hash/filename disclosure; mixed bulk operation leaves own item unchanged | Physical deduplication does not merge authorization: 404 for foreign node; own bytes survive foreign purge",Disposable test instance; this assertion covers the named scenario only.
GET,/api/nodes/:id/content,member,raw route,administrator,boundary-asserted,boundary-asserted; observed-request-only,tests/security-audit-admin-content.test.ts:33:46; tests/security-audit-admin-content.test.ts:34,"Administrator identity cannot directly browse another member's private content: 404; private payload absent | Request observed in completed test suite; assertion and purpose not inferred: HTTP status counts {""404"": 1}","Disposable test instance; this assertion covers the named scenario only. | May be fixture setup, valid feature/control or malformed request. Preload actor is best-effort at request start; share-bearer paths, revoked cookies and helper/network calls are not reliably classified. No payloads, credentials, fixture usernames or concrete token paths are exported."
GET,/api/nodes/:id/content,member,raw route,share-holder,boundary-asserted,boundary-asserted; observed-request-only,tests/security-audit-matrix.test.ts; tests/security-audit-matrix.test.ts:89:36,"authentication boundary: HTTP 401; assertion passed | Request observed in completed test suite; assertion and purpose not inferred: HTTP status counts {""401"": 1}","Disposable Fastify injection; missing resource IDs exercise global hooks, not resource ownership or valid payload processing. | May be fixture setup, valid feature/control or malformed request. Preload actor is best-effort at request start; share-bearer paths, revoked cookies and helper/network calls are not reliably classified. No payloads, credentials, fixture usernames or concrete token paths are exported."
GET,/api/nodes/:id/content,member,raw route,request-guest,boundary-asserted,boundary-asserted; observed-request-only,tests/requests.test.ts:274:36; tests/security-audit-matrix.test.ts:89:36; tests/security-audit-content.test.ts:322; tests/security-audit-matrix.test.ts,"authentication boundary: HTTP 401; assertion passed | Submitted identifiers do not give a write-only guest read authority: 401 | Request observed in completed test suite; assertion and purpose not inferred: HTTP status counts {""401"": 5}","Disposable Fastify injection; missing resource IDs exercise global hooks, not resource ownership or valid payload processing. | Disposable test instance; this assertion covers the named scenario only. | May be fixture setup, valid feature/control or malformed request. Preload actor is best-effort at request start; share-bearer paths, revoked cookies and helper/network calls are not reliably classified. No payloads, credentials, fixture usernames or concrete token paths are exported."
GET,/api/nodes/:id/content,member,raw route,nearby-guest,boundary-asserted,boundary-asserted; observed-request-only,tests/security-audit-matrix.test.ts; tests/security-audit-matrix.test.ts:89:36,"authentication boundary: HTTP 401; assertion passed | Request observed in completed test suite; assertion and purpose not inferred: HTTP status counts {""401"": 1}","Disposable Fastify injection; missing resource IDs exercise global hooks, not resource ownership or valid payload processing. | May be fixture setup, valid feature/control or malformed request. Preload actor is best-effort at request start; share-bearer paths, revoked cookies and helper/network calls are not reliably classified. No payloads, credentials, fixture usernames or concrete token paths are exported."
GET,/api/nodes/:id/content,member,raw route,same-network-stranger,boundary-asserted,boundary-asserted; observed-request-only,tests/security-audit-matrix.test.ts; tests/security-audit-matrix.test.ts:89:36,"authentication boundary: HTTP 401; assertion passed | Request observed in completed test suite; assertion and purpose not inferred: HTTP status counts {""401"": 1}","Disposable Fastify injection; missing resource IDs exercise global hooks, not resource ownership or valid payload processing. | May be fixture setup, valid feature/control or malformed request. Preload actor is best-effort at request start; share-bearer paths, revoked cookies and helper/network calls are not reliably classified. No payloads, credentials, fixture usernames or concrete token paths are exported."
GET,/api/nodes/:id/content,member,raw route,cross-site-browser,not-checked,not-checked,,No attributed endpoint/actor evidence: Not checked,No claim of runtime testing or source review for this cell; may be outside intended authority.
GET,/api/nodes/:id/content,member,raw route,session-without-csrf,not-checked,not-checked,,No attributed endpoint/actor evidence: Not checked,No claim of runtime testing or source review for this cell; may be outside intended authority.
GET,/api/nodes/:id/content,member,raw route,rebound-host,boundary-asserted,boundary-asserted,tests/security-audit-matrix.test.ts,Host validation: HTTP 403; assertion passed,"Disposable Fastify injection; missing resource IDs exercise global hooks, not resource ownership or valid payload processing."
GET,/api/nodes/:id/content,member,raw route,revoked-member,not-checked,not-checked,,No attributed endpoint/actor evidence: Not checked,No claim of runtime testing or source review for this cell; may be outside intended authority.
GET,/api/nodes/:id/content,member,raw route,authentication-bearer,not-checked,not-checked,,No attributed endpoint/actor evidence: Not checked,No claim of runtime testing or source review for this cell; may be outside intended authority.
GET,/api/nodes/:id/content,member,raw route,local-helper,not-checked,not-checked,,No attributed endpoint/actor evidence: Not checked,No claim of runtime testing or source review for this cell; may be outside intended authority.
HEAD,/api/nodes/:id/content,member,raw route,anonymous,boundary-asserted,boundary-asserted; observed-request-only,tests/security-audit-matrix.test.ts; tests/security-audit-matrix.test.ts:116:37; tests/security-audit-matrix.test.ts:89:36,"authentication boundary: HTTP 401; assertion passed | Request observed in completed test suite; assertion and purpose not inferred: HTTP status counts {""401"": 2, ""403"": 1}","Disposable Fastify injection; missing resource IDs exercise global hooks, not resource ownership or valid payload processing. | May be fixture setup, valid feature/control or malformed request. Preload actor is best-effort at request start; share-bearer paths, revoked cookies and helper/network calls are not reliably classified. No payloads, credentials, fixture usernames or concrete token paths are exported."
HEAD,/api/nodes/:id/content,member,raw route,forged-session,boundary-asserted,boundary-asserted,tests/security-audit-matrix.test.ts,authentication boundary: HTTP 401; assertion passed,"Disposable Fastify injection; missing resource IDs exercise global hooks, not resource ownership or valid payload processing."
HEAD,/api/nodes/:id/content,member,raw route,ordinary-member,not-checked,not-checked,,No attributed endpoint/actor evidence: Not checked,No claim of runtime testing or source review for this cell; may be outside intended authority.
HEAD,/api/nodes/:id/content,member,raw route,other-member,boundary-asserted,boundary-asserted,tests/security-audit-content.test.ts:129,"Foreign concrete resource IDs cannot read, mutate, bulk-operate, reuse uploads or close another tab: 404; no secret/hash/filename disclosure; mixed bulk operation leaves own item unchanged",Disposable test instance; this assertion covers the named scenario only.
HEAD,/api/nodes/:id/content,member,raw route,administrator,boundary-asserted,boundary-asserted; observed-request-only,tests/security-audit-admin-content.test.ts:33:46; tests/security-audit-admin-content.test.ts:34,"Administrator identity cannot directly browse another member's private content: 404; private payload absent | Request observed in completed test suite; assertion and purpose not inferred: HTTP status counts {""404"": 1}","Disposable test instance; this assertion covers the named scenario only. | May be fixture setup, valid feature/control or malformed request. Preload actor is best-effort at request start; share-bearer paths, revoked cookies and helper/network calls are not reliably classified. No payloads, credentials, fixture usernames or concrete token paths are exported."
HEAD,/api/nodes/:id/content,member,raw route,share-holder,boundary-asserted,boundary-asserted; observed-request-only,tests/security-audit-matrix.test.ts; tests/security-audit-matrix.test.ts:89:36,"authentication boundary: HTTP 401; assertion passed | Request observed in completed test suite; assertion and purpose not inferred: HTTP status counts {""401"": 1}","Disposable Fastify injection; missing resource IDs exercise global hooks, not resource ownership or valid payload processing. | May be fixture setup, valid feature/control or malformed request. Preload actor is best-effort at request start; share-bearer paths, revoked cookies and helper/network calls are not reliably classified. No payloads, credentials, fixture usernames or concrete token paths are exported."
HEAD,/api/nodes/:id/content,member,raw route,request-guest,boundary-asserted,boundary-asserted; observed-request-only,tests/security-audit-matrix.test.ts; tests/security-audit-matrix.test.ts:89:36,"authentication boundary: HTTP 401; assertion passed | Request observed in completed test suite; assertion and purpose not inferred: HTTP status counts {""401"": 1}","Disposable Fastify injection; missing resource IDs exercise global hooks, not resource ownership or valid payload processing. | May be fixture setup, valid feature/control or malformed request. Preload actor is best-effort at request start; share-bearer paths, revoked cookies and helper/network calls are not reliably classified. No payloads, credentials, fixture usernames or concrete token paths are exported."
HEAD,/api/nodes/:id/content,member,raw route,nearby-guest,boundary-asserted,boundary-asserted; observed-request-only,tests/security-audit-matrix.test.ts; tests/security-audit-matrix.test.ts:89:36,"authentication boundary: HTTP 401; assertion passed | Request observed in completed test suite; assertion and purpose not inferred: HTTP status counts {""401"": 1}","Disposable Fastify injection; missing resource IDs exercise global hooks, not resource ownership or valid payload processing. | May be fixture setup, valid feature/control or malformed request. Preload actor is best-effort at request start; share-bearer paths, revoked cookies and helper/network calls are not reliably classified. No payloads, credentials, fixture usernames or concrete token paths are exported."
HEAD,/api/nodes/:id/content,member,raw route,same-network-stranger,boundary-asserted,boundary-asserted; observed-request-only,tests/security-audit-matrix.test.ts; tests/security-audit-matrix.test.ts:89:36,"authentication boundary: HTTP 401; assertion passed | Request observed in completed test suite; assertion and purpose not inferred: HTTP status counts {""401"": 1}","Disposable Fastify injection; missing resource IDs exercise global hooks, not resource ownership or valid payload processing. | May be fixture setup, valid feature/control or malformed request. Preload actor is best-effort at request start; share-bearer paths, revoked cookies and helper/network calls are not reliably classified. No payloads, credentials, fixture usernames or concrete token paths are exported."
HEAD,/api/nodes/:id/content,member,raw route,cross-site-browser,not-checked,not-checked,,No attributed endpoint/actor evidence: Not checked,No claim of runtime testing or source review for this cell; may be outside intended authority.
HEAD,/api/nodes/:id/content,member,raw route,session-without-csrf,not-checked,not-checked,,No attributed endpoint/actor evidence: Not checked,No claim of runtime testing or source review for this cell; may be outside intended authority.
HEAD,/api/nodes/:id/content,member,raw route,rebound-host,boundary-asserted,boundary-asserted,tests/security-audit-matrix.test.ts,Host validation: HTTP 403; assertion passed,"Disposable Fastify injection; missing resource IDs exercise global hooks, not resource ownership or valid payload processing."
HEAD,/api/nodes/:id/content,member,raw route,revoked-member,not-checked,not-checked,,No attributed endpoint/actor evidence: Not checked,No claim of runtime testing or source review for this cell; may be outside intended authority.
HEAD,/api/nodes/:id/content,member,raw route,authentication-bearer,not-checked,not-checked,,No attributed endpoint/actor evidence: Not checked,No claim of runtime testing or source review for this cell; may be outside intended authority.
HEAD,/api/nodes/:id/content,member,raw route,local-helper,not-checked,not-checked,,No attributed endpoint/actor evidence: Not checked,No claim of runtime testing or source review for this cell; may be outside intended authority.
GET,/api/nodes/:id/thumbnail,member,raw route,anonymous,boundary-asserted,boundary-asserted; observed-request-only,tests/security-audit-matrix.test.ts; tests/security-audit-matrix.test.ts:116:37; tests/security-audit-matrix.test.ts:89:36,"authentication boundary: HTTP 401; assertion passed | Request observed in completed test suite; assertion and purpose not inferred: HTTP status counts {""401"": 2, ""403"": 1}","Disposable Fastify injection; missing resource IDs exercise global hooks, not resource ownership or valid payload processing. | May be fixture setup, valid feature/control or malformed request. Preload actor is best-effort at request start; share-bearer paths, revoked cookies and helper/network calls are not reliably classified. No payloads, credentials, fixture usernames or concrete token paths are exported."
GET,/api/nodes/:id/thumbnail,member,raw route,forged-session,boundary-asserted,boundary-asserted,tests/security-audit-matrix.test.ts,authentication boundary: HTTP 401; assertion passed,"Disposable Fastify injection; missing resource IDs exercise global hooks, not resource ownership or valid payload processing."
GET,/api/nodes/:id/thumbnail,member,raw route,ordinary-member,not-checked,not-checked,,No attributed endpoint/actor evidence: Not checked,No claim of runtime testing or source review for this cell; may be outside intended authority.
GET,/api/nodes/:id/thumbnail,member,raw route,other-member,boundary-asserted,boundary-asserted,tests/security-audit-content.test.ts:129,"Foreign concrete resource IDs cannot read, mutate, bulk-operate, reuse uploads or close another tab: 404; no secret/hash/filename disclosure; mixed bulk operation leaves own item unchanged",Disposable test instance; this assertion covers the named scenario only.
GET,/api/nodes/:id/thumbnail,member,raw route,administrator,boundary-asserted,boundary-asserted; observed-request-only,tests/security-audit-admin-content.test.ts:33:46; tests/security-audit-admin-content.test.ts:34,"Administrator identity cannot directly browse another member's private content: 404; private payload absent | Request observed in completed test suite; assertion and purpose not inferred: HTTP status counts {""404"": 1}","Disposable test instance; this assertion covers the named scenario only. | May be fixture setup, valid feature/control or malformed request. Preload actor is best-effort at request start; share-bearer paths, revoked cookies and helper/network calls are not reliably classified. No payloads, credentials, fixture usernames or concrete token paths are exported."
GET,/api/nodes/:id/thumbnail,member,raw route,share-holder,boundary-asserted,boundary-asserted; observed-request-only,tests/security-audit-matrix.test.ts; tests/security-audit-matrix.test.ts:89:36,"authentication boundary: HTTP 401; assertion passed | Request observed in completed test suite; assertion and purpose not inferred: HTTP status counts {""401"": 1}","Disposable Fastify injection; missing resource IDs exercise global hooks, not resource ownership or valid payload processing. | May be fixture setup, valid feature/control or malformed request. Preload actor is best-effort at request start; share-bearer paths, revoked cookies and helper/network calls are not reliably classified. No payloads, credentials, fixture usernames or concrete token paths are exported."
GET,/api/nodes/:id/thumbnail,member,raw route,request-guest,boundary-asserted,boundary-asserted; observed-request-only,tests/requests.test.ts:274:36; tests/security-audit-matrix.test.ts:89:36; tests/security-audit-matrix.test.ts,"authentication boundary: HTTP 401; assertion passed | Request observed in completed test suite; assertion and purpose not inferred: HTTP status counts {""401"": 5}","Disposable Fastify injection; missing resource IDs exercise global hooks, not resource ownership or valid payload processing. | May be fixture setup, valid feature/control or malformed request. Preload actor is best-effort at request start; share-bearer paths, revoked cookies and helper/network calls are not reliably classified. No payloads, credentials, fixture usernames or concrete token paths are exported."
GET,/api/nodes/:id/thumbnail,member,raw route,nearby-guest,boundary-asserted,boundary-asserted; observed-request-only,tests/security-audit-matrix.test.ts; tests/security-audit-matrix.test.ts:89:36,"authentication boundary: HTTP 401; assertion passed | Request observed in completed test suite; assertion and purpose not inferred: HTTP status counts {""401"": 1}","Disposable Fastify injection; missing resource IDs exercise global hooks, not resource ownership or valid payload processing. | May be fixture setup, valid feature/control or malformed request. Preload actor is best-effort at request start; share-bearer paths, revoked cookies and helper/network calls are not reliably classified. No payloads, credentials, fixture usernames or concrete token paths are exported."
GET,/api/nodes/:id/thumbnail,member,raw route,same-network-stranger,boundary-asserted,boundary-asserted; observed-request-only,tests/security-audit-matrix.test.ts; tests/security-audit-matrix.test.ts:89:36,"authentication boundary: HTTP 401; assertion passed | Request observed in completed test suite; assertion and purpose not inferred: HTTP status counts {""401"": 1}","Disposable Fastify injection; missing resource IDs exercise global hooks, not resource ownership or valid payload processing. | May be fixture setup, valid feature/control or malformed request. Preload actor is best-effort at request start; share-bearer paths, revoked cookies and helper/network calls are not reliably classified. No payloads, credentials, fixture usernames or concrete token paths are exported."
GET,/api/nodes/:id/thumbnail,member,raw route,cross-site-browser,not-checked,not-checked,,No attributed endpoint/actor evidence: Not checked,No claim of runtime testing or source review for this cell; may be outside intended authority.
GET,/api/nodes/:id/thumbnail,member,raw route,session-without-csrf,not-checked,not-checked,,No attributed endpoint/actor evidence: Not checked,No claim of runtime testing or source review for this cell; may be outside intended authority.
GET,/api/nodes/:id/thumbnail,member,raw route,rebound-host,boundary-asserted,boundary-asserted,tests/security-audit-matrix.test.ts,Host validation: HTTP 403; assertion passed,"Disposable Fastify injection; missing resource IDs exercise global hooks, not resource ownership or valid payload processing."
GET,/api/nodes/:id/thumbnail,member,raw route,revoked-member,not-checked,not-checked,,No attributed endpoint/actor evidence: Not checked,No claim of runtime testing or source review for this cell; may be outside intended authority.
GET,/api/nodes/:id/thumbnail,member,raw route,authentication-bearer,not-checked,not-checked,,No attributed endpoint/actor evidence: Not checked,No claim of runtime testing or source review for this cell; may be outside intended authority.
GET,/api/nodes/:id/thumbnail,member,raw route,local-helper,not-checked,not-checked,,No attributed endpoint/actor evidence: Not checked,No claim of runtime testing or source review for this cell; may be outside intended authority.
HEAD,/api/nodes/:id/thumbnail,member,raw route,anonymous,boundary-asserted,boundary-asserted; observed-request-only,tests/security-audit-matrix.test.ts; tests/security-audit-matrix.test.ts:116:37; tests/security-audit-matrix.test.ts:89:36,"authentication boundary: HTTP 401; assertion passed | Request observed in completed test suite; assertion and purpose not inferred: HTTP status counts {""401"": 2, ""403"": 1}","Disposable Fastify injection; missing resource IDs exercise global hooks, not resource ownership or valid payload processing. | May be fixture setup, valid feature/control or malformed request. Preload actor is best-effort at request start; share-bearer paths, revoked cookies and helper/network calls are not reliably classified. No payloads, credentials, fixture usernames or concrete token paths are exported."
HEAD,/api/nodes/:id/thumbnail,member,raw route,forged-session,boundary-asserted,boundary-asserted,tests/security-audit-matrix.test.ts,authentication boundary: HTTP 401; assertion passed,"Disposable Fastify injection; missing resource IDs exercise global hooks, not resource ownership or valid payload processing."
HEAD,/api/nodes/:id/thumbnail,member,raw route,ordinary-member,not-checked,not-checked,,No attributed endpoint/actor evidence: Not checked,No claim of runtime testing or source review for this cell; may be outside intended authority.
HEAD,/api/nodes/:id/thumbnail,member,raw route,other-member,boundary-asserted,boundary-asserted,tests/security-audit-content.test.ts:129,"Foreign concrete resource IDs cannot read, mutate, bulk-operate, reuse uploads or close another tab: 404; no secret/hash/filename disclosure; mixed bulk operation leaves own item unchanged",Disposable test instance; this assertion covers the named scenario only.
HEAD,/api/nodes/:id/thumbnail,member,raw route,administrator,boundary-asserted,boundary-asserted; observed-request-only,tests/security-audit-admin-content.test.ts:33:46; tests/security-audit-admin-content.test.ts:34,"Administrator identity cannot directly browse another member's private content: 404; private payload absent | Request observed in completed test suite; assertion and purpose not inferred: HTTP status counts {""404"": 1}","Disposable test instance; this assertion covers the named scenario only. | May be fixture setup, valid feature/control or malformed request. Preload actor is best-effort at request start; share-bearer paths, revoked cookies and helper/network calls are not reliably classified. No payloads, credentials, fixture usernames or concrete token paths are exported."
HEAD,/api/nodes/:id/thumbnail,member,raw route,share-holder,boundary-asserted,boundary-asserted; observed-request-only,tests/security-audit-matrix.test.ts; tests/security-audit-matrix.test.ts:89:36,"authentication boundary: HTTP 401; assertion passed | Request observed in completed test suite; assertion and purpose not inferred: HTTP status counts {""401"": 1}","Disposable Fastify injection; missing resource IDs exercise global hooks, not resource ownership or valid payload processing. | May be fixture setup, valid feature/control or malformed request. Preload actor is best-effort at request start; share-bearer paths, revoked cookies and helper/network calls are not reliably classified. No payloads, credentials, fixture usernames or concrete token paths are exported."
HEAD,/api/nodes/:id/thumbnail,member,raw route,request-guest,boundary-asserted,boundary-asserted; observed-request-only,tests/security-audit-matrix.test.ts; tests/security-audit-matrix.test.ts:89:36,"authentication boundary: HTTP 401; assertion passed | Request observed in completed test suite; assertion and purpose not inferred: HTTP status counts {""401"": 1}","Disposable Fastify injection; missing resource IDs exercise global hooks, not resource ownership or valid payload processing. | May be fixture setup, valid feature/control or malformed request. Preload actor is best-effort at request start; share-bearer paths, revoked cookies and helper/network calls are not reliably classified. No payloads, credentials, fixture usernames or concrete token paths are exported."
HEAD,/api/nodes/:id/thumbnail,member,raw route,nearby-guest,boundary-asserted,boundary-asserted; observed-request-only,tests/security-audit-matrix.test.ts; tests/security-audit-matrix.test.ts:89:36,"authentication boundary: HTTP 401; assertion passed | Request observed in completed test suite; assertion and purpose not inferred: HTTP status counts {""401"": 1}","Disposable Fastify injection; missing resource IDs exercise global hooks, not resource ownership or valid payload processing. | May be fixture setup, valid feature/control or malformed request. Preload actor is best-effort at request start; share-bearer paths, revoked cookies and helper/network calls are not reliably classified. No payloads, credentials, fixture usernames or concrete token paths are exported."
HEAD,/api/nodes/:id/thumbnail,member,raw route,same-network-stranger,boundary-asserted,boundary-asserted; observed-request-only,tests/security-audit-matrix.test.ts; tests/security-audit-matrix.test.ts:89:36,"authentication boundary: HTTP 401; assertion passed | Request observed in completed test suite; assertion and purpose not inferred: HTTP status counts {""401"": 1}","Disposable Fastify injection; missing resource IDs exercise global hooks, not resource ownership or valid payload processing. | May be fixture setup, valid feature/control or malformed request. Preload actor is best-effort at request start; share-bearer paths, revoked cookies and helper/network calls are not reliably classified. No payloads, credentials, fixture usernames or concrete token paths are exported."
HEAD,/api/nodes/:id/thumbnail,member,raw route,cross-site-browser,not-checked,not-checked,,No attributed endpoint/actor evidence: Not checked,No claim of runtime testing or source review for this cell; may be outside intended authority.
HEAD,/api/nodes/:id/thumbnail,member,raw route,session-without-csrf,not-checked,not-checked,,No attributed endpoint/actor evidence: Not checked,No claim of runtime testing or source review for this cell; may be outside intended authority.
HEAD,/api/nodes/:id/thumbnail,member,raw route,rebound-host,boundary-asserted,boundary-asserted,tests/security-audit-matrix.test.ts,Host validation: HTTP 403; assertion passed,"Disposable Fastify injection; missing resource IDs exercise global hooks, not resource ownership or valid payload processing."
HEAD,/api/nodes/:id/thumbnail,member,raw route,revoked-member,not-checked,not-checked,,No attributed endpoint/actor evidence: Not checked,No claim of runtime testing or source review for this cell; may be outside intended authority.
HEAD,/api/nodes/:id/thumbnail,member,raw route,authentication-bearer,not-checked,not-checked,,No attributed endpoint/actor evidence: Not checked,No claim of runtime testing or source review for this cell; may be outside intended authority.
HEAD,/api/nodes/:id/thumbnail,member,raw route,local-helper,not-checked,not-checked,,No attributed endpoint/actor evidence: Not checked,No claim of runtime testing or source review for this cell; may be outside intended authority.
GET,/api/nearby,member,api.nearby.get,anonymous,boundary-asserted,boundary-asserted; observed-request-only,tests/security-audit-auth-direct.test.ts:36:17; tests/security-audit-matrix.test.ts:116:37; tests/security-audit-matrix.test.ts:89:36; tests/security-audit-matrix.test.ts,"authentication boundary: HTTP 401; assertion passed | Request observed in completed test suite; assertion and purpose not inferred: HTTP status counts {""401"": 3, ""403"": 1}","Disposable Fastify injection; missing resource IDs exercise global hooks, not resource ownership or valid payload processing. | May be fixture setup, valid feature/control or malformed request. Preload actor is best-effort at request start; share-bearer paths, revoked cookies and helper/network calls are not reliably classified. No payloads, credentials, fixture usernames or concrete token paths are exported."
GET,/api/nearby,member,api.nearby.get,forged-session,boundary-asserted,boundary-asserted,tests/security-audit-matrix.test.ts,authentication boundary: HTTP 401; assertion passed,"Disposable Fastify injection; missing resource IDs exercise global hooks, not resource ownership or valid payload processing."
GET,/api/nearby,member,api.nearby.get,ordinary-member,security-property-asserted,security-property-asserted; observed-request-only,tests/nearby.test.ts:108:29; tests/nearby.test.ts:117:34; tests/nearby.test.ts:118:29; tests/nearby.test.ts:119:33; tests/nearby.test.ts:126:34; tests/nearby.test.ts:134:30; tests/nearby.test.ts:177:46; tests/nearby.test.ts:179:34; tests/nearby.test.ts:196:27; tests/nearby.test.ts:237:30; tests/nearby.test.ts:246:30; tests/nearby.test.ts:54:33; tests/nearby.test.ts:68:32; tests/nearby.test.ts:85:49; tests/nearby.test.ts:90:36; tests/nearby.test.ts:120,"Directory hides invisible members and members on other public networks: Peers empty after hide or network change; present same-network control succeeds | Request observed in completed test suite; assertion and purpose not inferred: HTTP status counts {""200"": 16}","Disposable test instance; this assertion covers the named scenario only. | May be fixture setup, valid feature/control or malformed request. Preload actor is best-effort at request start; share-bearer paths, revoked cookies and helper/network calls are not reliably classified. No payloads, credentials, fixture usernames or concrete token paths are exported."
GET,/api/nearby,member,api.nearby.get,other-member,security-property-asserted,security-property-asserted,tests/nearby.test.ts:120; tests/nearby.test.ts:200,Directory hides invisible members and members on other public networks: Peers empty after hide or network change; present same-network control succeeds | Another member's guest is excluded from unrelated member directory: Foreign guest ID absent,Disposable test instance; this assertion covers the named scenario only.
GET,/api/nearby,member,api.nearby.get,administrator,not-checked,not-checked,,No attributed endpoint/actor evidence: Not checked,No claim of runtime testing or source review for this cell; may be outside intended authority.
GET,/api/nearby,member,api.nearby.get,share-holder,boundary-asserted,boundary-asserted; observed-request-only,tests/security-audit-matrix.test.ts; tests/security-audit-matrix.test.ts:89:36,"authentication boundary: HTTP 401; assertion passed | Request observed in completed test suite; assertion and purpose not inferred: HTTP status counts {""401"": 1}","Disposable Fastify injection; missing resource IDs exercise global hooks, not resource ownership or valid payload processing. | May be fixture setup, valid feature/control or malformed request. Preload actor is best-effort at request start; share-bearer paths, revoked cookies and helper/network calls are not reliably classified. No payloads, credentials, fixture usernames or concrete token paths are exported."
GET,/api/nearby,member,api.nearby.get,request-guest,boundary-asserted,boundary-asserted; observed-request-only,tests/security-audit-matrix.test.ts; tests/security-audit-matrix.test.ts:89:36,"authentication boundary: HTTP 401; assertion passed | Request observed in completed test suite; assertion and purpose not inferred: HTTP status counts {""401"": 1}","Disposable Fastify injection; missing resource IDs exercise global hooks, not resource ownership or valid payload processing. | May be fixture setup, valid feature/control or malformed request. Preload actor is best-effort at request start; share-bearer paths, revoked cookies and helper/network calls are not reliably classified. No payloads, credentials, fixture usernames or concrete token paths are exported."
GET,/api/nearby,member,api.nearby.get,nearby-guest,boundary-asserted,boundary-asserted; observed-request-only,tests/security-audit-matrix.test.ts; tests/security-audit-matrix.test.ts:89:36,"authentication boundary: HTTP 401; assertion passed | Request observed in completed test suite; assertion and purpose not inferred: HTTP status counts {""401"": 1}","Disposable Fastify injection; missing resource IDs exercise global hooks, not resource ownership or valid payload processing. | May be fixture setup, valid feature/control or malformed request. Preload actor is best-effort at request start; share-bearer paths, revoked cookies and helper/network calls are not reliably classified. No payloads, credentials, fixture usernames or concrete token paths are exported."
GET,/api/nearby,member,api.nearby.get,same-network-stranger,boundary-asserted,boundary-asserted; observed-request-only,tests/security-audit-matrix.test.ts; tests/security-audit-matrix.test.ts:89:36,"authentication boundary: HTTP 401; assertion passed | Request observed in completed test suite; assertion and purpose not inferred: HTTP status counts {""401"": 1}","Disposable Fastify injection; missing resource IDs exercise global hooks, not resource ownership or valid payload processing. | May be fixture setup, valid feature/control or malformed request. Preload actor is best-effort at request start; share-bearer paths, revoked cookies and helper/network calls are not reliably classified. No payloads, credentials, fixture usernames or concrete token paths are exported."
GET,/api/nearby,member,api.nearby.get,cross-site-browser,not-checked,not-checked,,No attributed endpoint/actor evidence: Not checked,No claim of runtime testing or source review for this cell; may be outside intended authority.
GET,/api/nearby,member,api.nearby.get,session-without-csrf,not-checked,not-checked,,No attributed endpoint/actor evidence: Not checked,No claim of runtime testing or source review for this cell; may be outside intended authority.
GET,/api/nearby,member,api.nearby.get,rebound-host,boundary-asserted,boundary-asserted,tests/security-audit-matrix.test.ts,Host validation: HTTP 403; assertion passed,"Disposable Fastify injection; missing resource IDs exercise global hooks, not resource ownership or valid payload processing."
GET,/api/nearby,member,api.nearby.get,revoked-member,not-checked,not-checked,,No attributed endpoint/actor evidence: Not checked,No claim of runtime testing or source review for this cell; may be outside intended authority.
GET,/api/nearby,member,api.nearby.get,authentication-bearer,not-checked,not-checked,,No attributed endpoint/actor evidence: Not checked,No claim of runtime testing or source review for this cell; may be outside intended authority.
GET,/api/nearby,member,api.nearby.get,local-helper,not-checked,not-checked,,No attributed endpoint/actor evidence: Not checked,No claim of runtime testing or source review for this cell; may be outside intended authority.
HEAD,/api/nearby,member,api.nearby.get,anonymous,boundary-asserted,boundary-asserted; observed-request-only,tests/security-audit-matrix.test.ts; tests/security-audit-matrix.test.ts:116:37; tests/security-audit-matrix.test.ts:89:36,"authentication boundary: HTTP 401; assertion passed | Request observed in completed test suite; assertion and purpose not inferred: HTTP status counts {""401"": 2, ""403"": 1}","Disposable Fastify injection; missing resource IDs exercise global hooks, not resource ownership or valid payload processing. | May be fixture setup, valid feature/control or malformed request. Preload actor is best-effort at request start; share-bearer paths, revoked cookies and helper/network calls are not reliably classified. No payloads, credentials, fixture usernames or concrete token paths are exported."
HEAD,/api/nearby,member,api.nearby.get,forged-session,boundary-asserted,boundary-asserted,tests/security-audit-matrix.test.ts,authentication boundary: HTTP 401; assertion passed,"Disposable Fastify injection; missing resource IDs exercise global hooks, not resource ownership or valid payload processing."
HEAD,/api/nearby,member,api.nearby.get,ordinary-member,not-checked,not-checked,,No attributed endpoint/actor evidence: Not checked,No claim of runtime testing or source review for this cell; may be outside intended authority.
HEAD,/api/nearby,member,api.nearby.get,other-member,not-checked,not-checked,,No attributed endpoint/actor evidence: Not checked,No claim of runtime testing or source review for this cell; may be outside intended authority.
HEAD,/api/nearby,member,api.nearby.get,administrator,not-checked,not-checked,,No attributed endpoint/actor evidence: Not checked,No claim of runtime testing or source review for this cell; may be outside intended authority.
HEAD,/api/nearby,member,api.nearby.get,share-holder,boundary-asserted,boundary-asserted; observed-request-only,tests/security-audit-matrix.test.ts; tests/security-audit-matrix.test.ts:89:36,"authentication boundary: HTTP 401; assertion passed | Request observed in completed test suite; assertion and purpose not inferred: HTTP status counts {""401"": 1}","Disposable Fastify injection; missing resource IDs exercise global hooks, not resource ownership or valid payload processing. | May be fixture setup, valid feature/control or malformed request. Preload actor is best-effort at request start; share-bearer paths, revoked cookies and helper/network calls are not reliably classified. No payloads, credentials, fixture usernames or concrete token paths are exported."
HEAD,/api/nearby,member,api.nearby.get,request-guest,boundary-asserted,boundary-asserted; observed-request-only,tests/security-audit-matrix.test.ts; tests/security-audit-matrix.test.ts:89:36,"authentication boundary: HTTP 401; assertion passed | Request observed in completed test suite; assertion and purpose not inferred: HTTP status counts {""401"": 1}","Disposable Fastify injection; missing resource IDs exercise global hooks, not resource ownership or valid payload processing. | May be fixture setup, valid feature/control or malformed request. Preload actor is best-effort at request start; share-bearer paths, revoked cookies and helper/network calls are not reliably classified. No payloads, credentials, fixture usernames or concrete token paths are exported."
HEAD,/api/nearby,member,api.nearby.get,nearby-guest,boundary-asserted,boundary-asserted; observed-request-only,tests/security-audit-matrix.test.ts; tests/security-audit-matrix.test.ts:89:36,"authentication boundary: HTTP 401; assertion passed | Request observed in completed test suite; assertion and purpose not inferred: HTTP status counts {""401"": 1}","Disposable Fastify injection; missing resource IDs exercise global hooks, not resource ownership or valid payload processing. | May be fixture setup, valid feature/control or malformed request. Preload actor is best-effort at request start; share-bearer paths, revoked cookies and helper/network calls are not reliably classified. No payloads, credentials, fixture usernames or concrete token paths are exported."
HEAD,/api/nearby,member,api.nearby.get,same-network-stranger,boundary-asserted,boundary-asserted; observed-request-only,tests/security-audit-matrix.test.ts; tests/security-audit-matrix.test.ts:89:36,"authentication boundary: HTTP 401; assertion passed | Request observed in completed test suite; assertion and purpose not inferred: HTTP status counts {""401"": 1}","Disposable Fastify injection; missing resource IDs exercise global hooks, not resource ownership or valid payload processing. | May be fixture setup, valid feature/control or malformed request. Preload actor is best-effort at request start; share-bearer paths, revoked cookies and helper/network calls are not reliably classified. No payloads, credentials, fixture usernames or concrete token paths are exported."
HEAD,/api/nearby,member,api.nearby.get,cross-site-browser,not-checked,not-checked,,No attributed endpoint/actor evidence: Not checked,No claim of runtime testing or source review for this cell; may be outside intended authority.
HEAD,/api/nearby,member,api.nearby.get,session-without-csrf,not-checked,not-checked,,No attributed endpoint/actor evidence: Not checked,No claim of runtime testing or source review for this cell; may be outside intended authority.
HEAD,/api/nearby,member,api.nearby.get,rebound-host,boundary-asserted,boundary-asserted,tests/security-audit-matrix.test.ts,Host validation: HTTP 403; assertion passed,"Disposable Fastify injection; missing resource IDs exercise global hooks, not resource ownership or valid payload processing."
HEAD,/api/nearby,member,api.nearby.get,revoked-member,not-checked,not-checked,,No attributed endpoint/actor evidence: Not checked,No claim of runtime testing or source review for this cell; may be outside intended authority.
HEAD,/api/nearby,member,api.nearby.get,authentication-bearer,not-checked,not-checked,,No attributed endpoint/actor evidence: Not checked,No claim of runtime testing or source review for this cell; may be outside intended authority.
HEAD,/api/nearby,member,api.nearby.get,local-helper,not-checked,not-checked,,No attributed endpoint/actor evidence: Not checked,No claim of runtime testing or source review for this cell; may be outside intended authority.
POST,/api/nearby/presence,member,api.nearby.present,anonymous,boundary-asserted,boundary-asserted; observed-request-only,tests/security-audit-auth-direct.test.ts:36:17; tests/security-audit-matrix.test.ts:101:39; tests/security-audit-matrix.test.ts:116:37; tests/security-audit-matrix.test.ts:89:36; tests/security-audit-matrix.test.ts,"authentication boundary: HTTP 401; assertion passed | Request observed in completed test suite; assertion and purpose not inferred: HTTP status counts {""401"": 3, ""403"": 3}","Disposable Fastify injection; missing resource IDs exercise global hooks, not resource ownership or valid payload processing. | May be fixture setup, valid feature/control or malformed request. Preload actor is best-effort at request start; share-bearer paths, revoked cookies and helper/network calls are not reliably classified. No payloads, credentials, fixture usernames or concrete token paths are exported."
POST,/api/nearby/presence,member,api.nearby.present,forged-session,boundary-asserted,boundary-asserted,tests/security-audit-matrix.test.ts,authentication boundary: HTTP 401; assertion passed,"Disposable Fastify injection; missing resource IDs exercise global hooks, not resource ownership or valid payload processing."
POST,/api/nearby/presence,member,api.nearby.present,ordinary-member,boundary-asserted,boundary-asserted; observed-request-only,tests/nearby.test.ts:125:15; tests/nearby.test.ts:132:16; tests/nearby.test.ts:133:15; tests/nearby.test.ts:22:16; tests/nearby.test.ts:63:32; tests/security-audit-auth-direct.test.ts:36:17; tests/security-audit-auth-direct.test.ts:370:20; tests/security-audit-auth-direct.test.ts:388:19; tests/nearby.test.ts:67,"Tab without an open member event stream cannot claim Nearby presence: 409 | Request observed in completed test suite; assertion and purpose not inferred: HTTP status counts {""200"": 13, ""409"": 2}","Disposable test instance; this assertion covers the named scenario only. | May be fixture setup, valid feature/control or malformed request. Preload actor is best-effort at request start; share-bearer paths, revoked cookies and helper/network calls are not reliably classified. No payloads, credentials, fixture usernames or concrete token paths are exported."
POST,/api/nearby/presence,member,api.nearby.present,other-member,boundary-asserted,boundary-asserted,tests/security-audit-auth-direct.test.ts:376,Another session's stream/tab cannot establish presence: 409,Disposable test instance; this assertion covers the named scenario only.
POST,/api/nearby/presence,member,api.nearby.present,administrator,not-checked,not-checked,,No attributed endpoint/actor evidence: Not checked,No claim of runtime testing or source review for this cell; may be outside intended authority.
POST,/api/nearby/presence,member,api.nearby.present,share-holder,boundary-asserted,boundary-asserted; observed-request-only,tests/security-audit-matrix.test.ts; tests/security-audit-matrix.test.ts:89:36,"authentication boundary: HTTP 401; assertion passed | Request observed in completed test suite; assertion and purpose not inferred: HTTP status counts {""401"": 1}","Disposable Fastify injection; missing resource IDs exercise global hooks, not resource ownership or valid payload processing. | May be fixture setup, valid feature/control or malformed request. Preload actor is best-effort at request start; share-bearer paths, revoked cookies and helper/network calls are not reliably classified. No payloads, credentials, fixture usernames or concrete token paths are exported."
POST,/api/nearby/presence,member,api.nearby.present,request-guest,boundary-asserted,boundary-asserted; observed-request-only,tests/security-audit-matrix.test.ts; tests/security-audit-matrix.test.ts:89:36,"authentication boundary: HTTP 403; assertion passed | Request observed in completed test suite; assertion and purpose not inferred: HTTP status counts {""403"": 1}","Disposable Fastify injection; missing resource IDs exercise global hooks, not resource ownership or valid payload processing. | May be fixture setup, valid feature/control or malformed request. Preload actor is best-effort at request start; share-bearer paths, revoked cookies and helper/network calls are not reliably classified. No payloads, credentials, fixture usernames or concrete token paths are exported."
POST,/api/nearby/presence,member,api.nearby.present,nearby-guest,boundary-asserted,boundary-asserted; observed-request-only,tests/security-audit-matrix.test.ts; tests/security-audit-matrix.test.ts:89:36,"authentication boundary: HTTP 401; assertion passed | Request observed in completed test suite; assertion and purpose not inferred: HTTP status counts {""401"": 1}","Disposable Fastify injection; missing resource IDs exercise global hooks, not resource ownership or valid payload processing. | May be fixture setup, valid feature/control or malformed request. Preload actor is best-effort at request start; share-bearer paths, revoked cookies and helper/network calls are not reliably classified. No payloads, credentials, fixture usernames or concrete token paths are exported."
POST,/api/nearby/presence,member,api.nearby.present,same-network-stranger,boundary-asserted,boundary-asserted; observed-request-only,tests/security-audit-matrix.test.ts; tests/security-audit-matrix.test.ts:89:36,"authentication boundary: HTTP 401; assertion passed | Request observed in completed test suite; assertion and purpose not inferred: HTTP status counts {""401"": 1}","Disposable Fastify injection; missing resource IDs exercise global hooks, not resource ownership or valid payload processing. | May be fixture setup, valid feature/control or malformed request. Preload actor is best-effort at request start; share-bearer paths, revoked cookies and helper/network calls are not reliably classified. No payloads, credentials, fixture usernames or concrete token paths are exported."
POST,/api/nearby/presence,member,api.nearby.present,cross-site-browser,boundary-asserted,boundary-asserted,tests/security-audit-matrix.test.ts,origin: HTTP 403; assertion passed | sec-fetch-site: HTTP 403; assertion passed,"Disposable Fastify injection; missing resource IDs exercise global hooks, not resource ownership or valid payload processing."
POST,/api/nearby/presence,member,api.nearby.present,session-without-csrf,boundary-asserted,boundary-asserted,tests/security-audit-matrix.test.ts,CSRF token: HTTP 403; assertion passed,"Disposable Fastify injection; missing resource IDs exercise global hooks, not resource ownership or valid payload processing."
POST,/api/nearby/presence,member,api.nearby.present,rebound-host,boundary-asserted,boundary-asserted,tests/security-audit-matrix.test.ts,Host validation: HTTP 403; assertion passed,"Disposable Fastify injection; missing resource IDs exercise global hooks, not resource ownership or valid payload processing."
POST,/api/nearby/presence,member,api.nearby.present,revoked-member,not-checked,not-checked,,No attributed endpoint/actor evidence: Not checked,No claim of runtime testing or source review for this cell; may be outside intended authority.
POST,/api/nearby/presence,member,api.nearby.present,authentication-bearer,not-checked,not-checked,,No attributed endpoint/actor evidence: Not checked,No claim of runtime testing or source review for this cell; may be outside intended authority.
POST,/api/nearby/presence,member,api.nearby.present,local-helper,not-checked,not-checked,,No attributed endpoint/actor evidence: Not checked,No claim of runtime testing or source review for this cell; may be outside intended authority.
POST,/api/nearby/signal,member,api.nearby.signal,anonymous,boundary-asserted,boundary-asserted; observed-request-only,tests/security-audit-auth-direct.test.ts:36:17; tests/security-audit-matrix.test.ts:101:39; tests/security-audit-matrix.test.ts:116:37; tests/security-audit-matrix.test.ts:89:36; tests/security-audit-matrix.test.ts,"authentication boundary: HTTP 401; assertion passed | Request observed in completed test suite; assertion and purpose not inferred: HTTP status counts {""401"": 3, ""403"": 3}","Disposable Fastify injection; missing resource IDs exercise global hooks, not resource ownership or valid payload processing. | May be fixture setup, valid feature/control or malformed request. Preload actor is best-effort at request start; share-bearer paths, revoked cookies and helper/network calls are not reliably classified. No payloads, credentials, fixture usernames or concrete token paths are exported."
POST,/api/nearby/signal,member,api.nearby.signal,forged-session,boundary-asserted,boundary-asserted,tests/security-audit-matrix.test.ts,authentication boundary: HTTP 401; assertion passed,"Disposable Fastify injection; missing resource IDs exercise global hooks, not resource ownership or valid payload processing."
POST,/api/nearby/signal,member,api.nearby.signal,ordinary-member,observed-request-only,observed-request-only,tests/nearby.test.ts:113:16; tests/nearby.test.ts:120:24; tests/nearby.test.ts:127:24; tests/nearby.test.ts:190:16; tests/nearby.test.ts:195:23; tests/nearby.test.ts:70:18; tests/nearby.test.ts:80:18; tests/nearby.test.ts:86:26; tests/security-audit-auth-direct.test.ts:36:17,"Request observed in completed test suite; assertion and purpose not inferred: HTTP status counts {""200"": 5, ""404"": 6}","May be fixture setup, valid feature/control or malformed request. Preload actor is best-effort at request start; share-bearer paths, revoked cookies and helper/network calls are not reliably classified. No payloads, credentials, fixture usernames or concrete token paths are exported."
POST,/api/nearby/signal,member,api.nearby.signal,other-member,boundary-asserted,boundary-asserted,tests/security-audit-auth-direct.test.ts:385,Hidden or remote-network member cannot receive local signaling: 404; 200 same-network control,Disposable test instance; this assertion covers the named scenario only.
POST,/api/nearby/signal,member,api.nearby.signal,administrator,not-checked,not-checked,,No attributed endpoint/actor evidence: Not checked,No claim of runtime testing or source review for this cell; may be outside intended authority.
POST,/api/nearby/signal,member,api.nearby.signal,share-holder,boundary-asserted,boundary-asserted; observed-request-only,tests/security-audit-matrix.test.ts; tests/security-audit-matrix.test.ts:89:36,"authentication boundary: HTTP 401; assertion passed | Request observed in completed test suite; assertion and purpose not inferred: HTTP status counts {""401"": 1}","Disposable Fastify injection; missing resource IDs exercise global hooks, not resource ownership or valid payload processing. | May be fixture setup, valid feature/control or malformed request. Preload actor is best-effort at request start; share-bearer paths, revoked cookies and helper/network calls are not reliably classified. No payloads, credentials, fixture usernames or concrete token paths are exported."
POST,/api/nearby/signal,member,api.nearby.signal,request-guest,boundary-asserted,boundary-asserted; observed-request-only,tests/security-audit-matrix.test.ts; tests/security-audit-matrix.test.ts:89:36,"authentication boundary: HTTP 403; assertion passed | Request observed in completed test suite; assertion and purpose not inferred: HTTP status counts {""403"": 1}","Disposable Fastify injection; missing resource IDs exercise global hooks, not resource ownership or valid payload processing. | May be fixture setup, valid feature/control or malformed request. Preload actor is best-effort at request start; share-bearer paths, revoked cookies and helper/network calls are not reliably classified. No payloads, credentials, fixture usernames or concrete token paths are exported."
POST,/api/nearby/signal,member,api.nearby.signal,nearby-guest,boundary-asserted,boundary-asserted; observed-request-only,tests/security-audit-matrix.test.ts; tests/security-audit-matrix.test.ts:89:36,"authentication boundary: HTTP 401; assertion passed | Request observed in completed test suite; assertion and purpose not inferred: HTTP status counts {""401"": 1}","Disposable Fastify injection; missing resource IDs exercise global hooks, not resource ownership or valid payload processing. | May be fixture setup, valid feature/control or malformed request. Preload actor is best-effort at request start; share-bearer paths, revoked cookies and helper/network calls are not reliably classified. No payloads, credentials, fixture usernames or concrete token paths are exported."
POST,/api/nearby/signal,member,api.nearby.signal,same-network-stranger,boundary-asserted,boundary-asserted; observed-request-only,tests/security-audit-matrix.test.ts; tests/security-audit-matrix.test.ts:89:36,"authentication boundary: HTTP 401; assertion passed | Request observed in completed test suite; assertion and purpose not inferred: HTTP status counts {""401"": 1}","Disposable Fastify injection; missing resource IDs exercise global hooks, not resource ownership or valid payload processing. | May be fixture setup, valid feature/control or malformed request. Preload actor is best-effort at request start; share-bearer paths, revoked cookies and helper/network calls are not reliably classified. No payloads, credentials, fixture usernames or concrete token paths are exported."
POST,/api/nearby/signal,member,api.nearby.signal,cross-site-browser,boundary-asserted,boundary-asserted,tests/security-audit-matrix.test.ts,origin: HTTP 403; assertion passed | sec-fetch-site: HTTP 403; assertion passed,"Disposable Fastify injection; missing resource IDs exercise global hooks, not resource ownership or valid payload processing."
POST,/api/nearby/signal,member,api.nearby.signal,session-without-csrf,boundary-asserted,boundary-asserted,tests/security-audit-matrix.test.ts,CSRF token: HTTP 403; assertion passed,"Disposable Fastify injection; missing resource IDs exercise global hooks, not resource ownership or valid payload processing."
POST,/api/nearby/signal,member,api.nearby.signal,rebound-host,boundary-asserted,boundary-asserted,tests/security-audit-matrix.test.ts,Host validation: HTTP 403; assertion passed,"Disposable Fastify injection; missing resource IDs exercise global hooks, not resource ownership or valid payload processing."
POST,/api/nearby/signal,member,api.nearby.signal,revoked-member,not-checked,not-checked,,No attributed endpoint/actor evidence: Not checked,No claim of runtime testing or source review for this cell; may be outside intended authority.
POST,/api/nearby/signal,member,api.nearby.signal,authentication-bearer,not-checked,not-checked,,No attributed endpoint/actor evidence: Not checked,No claim of runtime testing or source review for this cell; may be outside intended authority.
POST,/api/nearby/signal,member,api.nearby.signal,local-helper,not-checked,not-checked,,No attributed endpoint/actor evidence: Not checked,No claim of runtime testing or source review for this cell; may be outside intended authority.
POST,/api/nearby/invite,member,api.nearby.invite,anonymous,boundary-asserted,boundary-asserted; observed-request-only,tests/security-audit-auth-direct.test.ts:36:17; tests/security-audit-matrix.test.ts:101:39; tests/security-audit-matrix.test.ts:116:37; tests/security-audit-matrix.test.ts:89:36; tests/security-audit-matrix.test.ts,"authentication boundary: HTTP 401; assertion passed | Request observed in completed test suite; assertion and purpose not inferred: HTTP status counts {""401"": 3, ""403"": 3}","Disposable Fastify injection; missing resource IDs exercise global hooks, not resource ownership or valid payload processing. | May be fixture setup, valid feature/control or malformed request. Preload actor is best-effort at request start; share-bearer paths, revoked cookies and helper/network calls are not reliably classified. No payloads, credentials, fixture usernames or concrete token paths are exported."
POST,/api/nearby/invite,member,api.nearby.invite,forged-session,boundary-asserted,boundary-asserted,tests/security-audit-matrix.test.ts,authentication boundary: HTTP 401; assertion passed,"Disposable Fastify injection; missing resource IDs exercise global hooks, not resource ownership or valid payload processing."
POST,/api/nearby/invite,member,api.nearby.invite,ordinary-member,security-property-asserted,security-property-asserted; observed-request-only,tests/nearby.test.ts:152:31; tests/nearby.test.ts:153:33; tests/nearby.test.ts:219:31; tests/nearby.test.ts:242:29; tests/nearby.test.ts:247:32; tests/security-audit-auth-direct.test.ts:396:32; tests/security-audit-matrix.test.ts:49:35; tests/nearby.test.ts:154,"Issuing an already-live Nearby invitation reuses the existing capability: Repeated issuance exactly matches existing invitation | Request observed in completed test suite; assertion and purpose not inferred: HTTP status counts {""200"": 7}","May be fixture setup, valid feature/control or malformed request. Preload actor is best-effort at request start; share-bearer paths, revoked cookies and helper/network calls are not reliably classified. No payloads, credentials, fixture usernames or concrete token paths are exported. | Own-member single-live-invitation invariant; no cross-member invitation ownership scenario claimed."
POST,/api/nearby/invite,member,api.nearby.invite,other-member,not-checked,not-checked,,No attributed endpoint/actor evidence: Not checked,No claim of runtime testing or source review for this cell; may be outside intended authority.
POST,/api/nearby/invite,member,api.nearby.invite,administrator,not-checked,not-checked,,No attributed endpoint/actor evidence: Not checked,No claim of runtime testing or source review for this cell; may be outside intended authority.
POST,/api/nearby/invite,member,api.nearby.invite,share-holder,boundary-asserted,boundary-asserted; observed-request-only,tests/security-audit-matrix.test.ts; tests/security-audit-matrix.test.ts:89:36,"authentication boundary: HTTP 401; assertion passed | Request observed in completed test suite; assertion and purpose not inferred: HTTP status counts {""401"": 1}","Disposable Fastify injection; missing resource IDs exercise global hooks, not resource ownership or valid payload processing. | May be fixture setup, valid feature/control or malformed request. Preload actor is best-effort at request start; share-bearer paths, revoked cookies and helper/network calls are not reliably classified. No payloads, credentials, fixture usernames or concrete token paths are exported."
POST,/api/nearby/invite,member,api.nearby.invite,request-guest,boundary-asserted,boundary-asserted; observed-request-only,tests/security-audit-matrix.test.ts; tests/security-audit-matrix.test.ts:89:36,"authentication boundary: HTTP 403; assertion passed | Request observed in completed test suite; assertion and purpose not inferred: HTTP status counts {""403"": 1}","Disposable Fastify injection; missing resource IDs exercise global hooks, not resource ownership or valid payload processing. | May be fixture setup, valid feature/control or malformed request. Preload actor is best-effort at request start; share-bearer paths, revoked cookies and helper/network calls are not reliably classified. No payloads, credentials, fixture usernames or concrete token paths are exported."
POST,/api/nearby/invite,member,api.nearby.invite,nearby-guest,boundary-asserted,boundary-asserted; observed-request-only,tests/security-audit-matrix.test.ts; tests/security-audit-matrix.test.ts:89:36,"authentication boundary: HTTP 401; assertion passed | Request observed in completed test suite; assertion and purpose not inferred: HTTP status counts {""401"": 1}","Disposable Fastify injection; missing resource IDs exercise global hooks, not resource ownership or valid payload processing. | May be fixture setup, valid feature/control or malformed request. Preload actor is best-effort at request start; share-bearer paths, revoked cookies and helper/network calls are not reliably classified. No payloads, credentials, fixture usernames or concrete token paths are exported."
POST,/api/nearby/invite,member,api.nearby.invite,same-network-stranger,boundary-asserted,boundary-asserted; observed-request-only,tests/security-audit-matrix.test.ts; tests/security-audit-matrix.test.ts:89:36,"authentication boundary: HTTP 401; assertion passed | Request observed in completed test suite; assertion and purpose not inferred: HTTP status counts {""401"": 1}","Disposable Fastify injection; missing resource IDs exercise global hooks, not resource ownership or valid payload processing. | May be fixture setup, valid feature/control or malformed request. Preload actor is best-effort at request start; share-bearer paths, revoked cookies and helper/network calls are not reliably classified. No payloads, credentials, fixture usernames or concrete token paths are exported."
POST,/api/nearby/invite,member,api.nearby.invite,cross-site-browser,boundary-asserted,boundary-asserted,tests/security-audit-matrix.test.ts,origin: HTTP 403; assertion passed | sec-fetch-site: HTTP 403; assertion passed,"Disposable Fastify injection; missing resource IDs exercise global hooks, not resource ownership or valid payload processing."
POST,/api/nearby/invite,member,api.nearby.invite,session-without-csrf,boundary-asserted,boundary-asserted,tests/security-audit-matrix.test.ts,CSRF token: HTTP 403; assertion passed,"Disposable Fastify injection; missing resource IDs exercise global hooks, not resource ownership or valid payload processing."
POST,/api/nearby/invite,member,api.nearby.invite,rebound-host,boundary-asserted,boundary-asserted,tests/security-audit-matrix.test.ts,Host validation: HTTP 403; assertion passed,"Disposable Fastify injection; missing resource IDs exercise global hooks, not resource ownership or valid payload processing."
POST,/api/nearby/invite,member,api.nearby.invite,revoked-member,not-checked,not-checked,,No attributed endpoint/actor evidence: Not checked,No claim of runtime testing or source review for this cell; may be outside intended authority.
POST,/api/nearby/invite,member,api.nearby.invite,authentication-bearer,not-checked,not-checked,,No attributed endpoint/actor evidence: Not checked,No claim of runtime testing or source review for this cell; may be outside intended authority.
POST,/api/nearby/invite,member,api.nearby.invite,local-helper,not-checked,not-checked,,No attributed endpoint/actor evidence: Not checked,No claim of runtime testing or source review for this cell; may be outside intended authority.
PATCH,/api/nearby/invite,member,api.nearby.extendInvite,anonymous,boundary-asserted,boundary-asserted; observed-request-only,tests/security-audit-auth-direct.test.ts:36:17; tests/security-audit-matrix.test.ts:101:39; tests/security-audit-matrix.test.ts:116:37; tests/security-audit-matrix.test.ts:89:36; tests/security-audit-matrix.test.ts,"authentication boundary: HTTP 401; assertion passed | Request observed in completed test suite; assertion and purpose not inferred: HTTP status counts {""401"": 3, ""403"": 3}","Disposable Fastify injection; missing resource IDs exercise global hooks, not resource ownership or valid payload processing. | May be fixture setup, valid feature/control or malformed request. Preload actor is best-effort at request start; share-bearer paths, revoked cookies and helper/network calls are not reliably classified. No payloads, credentials, fixture usernames or concrete token paths are exported."
PATCH,/api/nearby/invite,member,api.nearby.extendInvite,forged-session,boundary-asserted,boundary-asserted,tests/security-audit-matrix.test.ts,authentication boundary: HTTP 401; assertion passed,"Disposable Fastify injection; missing resource IDs exercise global hooks, not resource ownership or valid payload processing."
PATCH,/api/nearby/invite,member,api.nearby.extendInvite,ordinary-member,boundary-asserted,boundary-asserted; observed-request-only,tests/nearby.test.ts:229:33; tests/nearby.test.ts:238:24; tests/security-audit-auth-direct.test.ts:397:31; tests/nearby.test.ts:231,"Ended invitation cannot be extended as active: 410 | Request observed in completed test suite; assertion and purpose not inferred: HTTP status counts {""200"": 2, ""410"": 1}","Disposable test instance; this assertion covers the named scenario only. | May be fixture setup, valid feature/control or malformed request. Preload actor is best-effort at request start; share-bearer paths, revoked cookies and helper/network calls are not reliably classified. No payloads, credentials, fixture usernames or concrete token paths are exported."
PATCH,/api/nearby/invite,member,api.nearby.extendInvite,other-member,not-checked,not-checked,,No attributed endpoint/actor evidence: Not checked,No claim of runtime testing or source review for this cell; may be outside intended authority.
PATCH,/api/nearby/invite,member,api.nearby.extendInvite,administrator,not-checked,not-checked,,No attributed endpoint/actor evidence: Not checked,No claim of runtime testing or source review for this cell; may be outside intended authority.
PATCH,/api/nearby/invite,member,api.nearby.extendInvite,share-holder,boundary-asserted,boundary-asserted; observed-request-only,tests/security-audit-matrix.test.ts; tests/security-audit-matrix.test.ts:89:36,"authentication boundary: HTTP 401; assertion passed | Request observed in completed test suite; assertion and purpose not inferred: HTTP status counts {""401"": 1}","Disposable Fastify injection; missing resource IDs exercise global hooks, not resource ownership or valid payload processing. | May be fixture setup, valid feature/control or malformed request. Preload actor is best-effort at request start; share-bearer paths, revoked cookies and helper/network calls are not reliably classified. No payloads, credentials, fixture usernames or concrete token paths are exported."
PATCH,/api/nearby/invite,member,api.nearby.extendInvite,request-guest,boundary-asserted,boundary-asserted; observed-request-only,tests/security-audit-matrix.test.ts; tests/security-audit-matrix.test.ts:89:36,"authentication boundary: HTTP 403; assertion passed | Request observed in completed test suite; assertion and purpose not inferred: HTTP status counts {""403"": 1}","Disposable Fastify injection; missing resource IDs exercise global hooks, not resource ownership or valid payload processing. | May be fixture setup, valid feature/control or malformed request. Preload actor is best-effort at request start; share-bearer paths, revoked cookies and helper/network calls are not reliably classified. No payloads, credentials, fixture usernames or concrete token paths are exported."
PATCH,/api/nearby/invite,member,api.nearby.extendInvite,nearby-guest,boundary-asserted,boundary-asserted; observed-request-only,tests/security-audit-matrix.test.ts; tests/security-audit-matrix.test.ts:89:36,"authentication boundary: HTTP 401; assertion passed | Request observed in completed test suite; assertion and purpose not inferred: HTTP status counts {""401"": 1}","Disposable Fastify injection; missing resource IDs exercise global hooks, not resource ownership or valid payload processing. | May be fixture setup, valid feature/control or malformed request. Preload actor is best-effort at request start; share-bearer paths, revoked cookies and helper/network calls are not reliably classified. No payloads, credentials, fixture usernames or concrete token paths are exported."
PATCH,/api/nearby/invite,member,api.nearby.extendInvite,same-network-stranger,boundary-asserted,boundary-asserted; observed-request-only,tests/security-audit-matrix.test.ts; tests/security-audit-matrix.test.ts:89:36,"authentication boundary: HTTP 401; assertion passed | Request observed in completed test suite; assertion and purpose not inferred: HTTP status counts {""401"": 1}","Disposable Fastify injection; missing resource IDs exercise global hooks, not resource ownership or valid payload processing. | May be fixture setup, valid feature/control or malformed request. Preload actor is best-effort at request start; share-bearer paths, revoked cookies and helper/network calls are not reliably classified. No payloads, credentials, fixture usernames or concrete token paths are exported."
PATCH,/api/nearby/invite,member,api.nearby.extendInvite,cross-site-browser,boundary-asserted,boundary-asserted,tests/security-audit-matrix.test.ts,origin: HTTP 403; assertion passed | sec-fetch-site: HTTP 403; assertion passed,"Disposable Fastify injection; missing resource IDs exercise global hooks, not resource ownership or valid payload processing."
PATCH,/api/nearby/invite,member,api.nearby.extendInvite,session-without-csrf,boundary-asserted,boundary-asserted,tests/security-audit-matrix.test.ts,CSRF token: HTTP 403; assertion passed,"Disposable Fastify injection; missing resource IDs exercise global hooks, not resource ownership or valid payload processing."
PATCH,/api/nearby/invite,member,api.nearby.extendInvite,rebound-host,boundary-asserted,boundary-asserted,tests/security-audit-matrix.test.ts,Host validation: HTTP 403; assertion passed,"Disposable Fastify injection; missing resource IDs exercise global hooks, not resource ownership or valid payload processing."
PATCH,/api/nearby/invite,member,api.nearby.extendInvite,revoked-member,not-checked,not-checked,,No attributed endpoint/actor evidence: Not checked,No claim of runtime testing or source review for this cell; may be outside intended authority.
PATCH,/api/nearby/invite,member,api.nearby.extendInvite,authentication-bearer,not-checked,not-checked,,No attributed endpoint/actor evidence: Not checked,No claim of runtime testing or source review for this cell; may be outside intended authority.
PATCH,/api/nearby/invite,member,api.nearby.extendInvite,local-helper,not-checked,not-checked,,No attributed endpoint/actor evidence: Not checked,No claim of runtime testing or source review for this cell; may be outside intended authority.
DELETE,/api/nearby/invite,member,api.nearby.endInvite,anonymous,boundary-asserted,boundary-asserted; observed-request-only,tests/security-audit-auth-direct.test.ts:36:17; tests/security-audit-matrix.test.ts:101:39; tests/security-audit-matrix.test.ts:116:37; tests/security-audit-matrix.test.ts:89:36; tests/security-audit-matrix.test.ts,"authentication boundary: HTTP 401; assertion passed | Request observed in completed test suite; assertion and purpose not inferred: HTTP status counts {""401"": 3, ""403"": 3}","Disposable Fastify injection; missing resource IDs exercise global hooks, not resource ownership or valid payload processing. | May be fixture setup, valid feature/control or malformed request. Preload actor is best-effort at request start; share-bearer paths, revoked cookies and helper/network calls are not reliably classified. No payloads, credentials, fixture usernames or concrete token paths are exported."
DELETE,/api/nearby/invite,member,api.nearby.endInvite,forged-session,boundary-asserted,boundary-asserted,tests/security-audit-matrix.test.ts,authentication boundary: HTTP 401; assertion passed,"Disposable Fastify injection; missing resource IDs exercise global hooks, not resource ownership or valid payload processing."
DELETE,/api/nearby/invite,member,api.nearby.endInvite,ordinary-member,security-property-asserted,security-property-asserted; observed-request-only,tests/nearby.test.ts:233:16; tests/security-audit-auth-direct.test.ts:472:17; tests/nearby.test.ts:235,"Ending own Nearby invitation revokes existing guest event access and token/code availability: Open stream receives expired; old metadata/pickup 404; own directory invitation null | Request observed in completed test suite; assertion and purpose not inferred: HTTP status counts {""200"": 2}","Disposable test instance; this assertion covers the named scenario only. | May be fixture setup, valid feature/control or malformed request. Preload actor is best-effort at request start; share-bearer paths, revoked cookies and helper/network calls are not reliably classified. No payloads, credentials, fixture usernames or concrete token paths are exported."
DELETE,/api/nearby/invite,member,api.nearby.endInvite,other-member,not-checked,not-checked,,No attributed endpoint/actor evidence: Not checked,No claim of runtime testing or source review for this cell; may be outside intended authority.
DELETE,/api/nearby/invite,member,api.nearby.endInvite,administrator,not-checked,not-checked,,No attributed endpoint/actor evidence: Not checked,No claim of runtime testing or source review for this cell; may be outside intended authority.
DELETE,/api/nearby/invite,member,api.nearby.endInvite,share-holder,boundary-asserted,boundary-asserted; observed-request-only,tests/security-audit-matrix.test.ts; tests/security-audit-matrix.test.ts:89:36,"authentication boundary: HTTP 401; assertion passed | Request observed in completed test suite; assertion and purpose not inferred: HTTP status counts {""401"": 1}","Disposable Fastify injection; missing resource IDs exercise global hooks, not resource ownership or valid payload processing. | May be fixture setup, valid feature/control or malformed request. Preload actor is best-effort at request start; share-bearer paths, revoked cookies and helper/network calls are not reliably classified. No payloads, credentials, fixture usernames or concrete token paths are exported."
DELETE,/api/nearby/invite,member,api.nearby.endInvite,request-guest,boundary-asserted,boundary-asserted; observed-request-only,tests/security-audit-matrix.test.ts; tests/security-audit-matrix.test.ts:89:36,"authentication boundary: HTTP 403; assertion passed | Request observed in completed test suite; assertion and purpose not inferred: HTTP status counts {""403"": 1}","Disposable Fastify injection; missing resource IDs exercise global hooks, not resource ownership or valid payload processing. | May be fixture setup, valid feature/control or malformed request. Preload actor is best-effort at request start; share-bearer paths, revoked cookies and helper/network calls are not reliably classified. No payloads, credentials, fixture usernames or concrete token paths are exported."
DELETE,/api/nearby/invite,member,api.nearby.endInvite,nearby-guest,boundary-asserted,boundary-asserted; observed-request-only,tests/security-audit-matrix.test.ts; tests/security-audit-matrix.test.ts:89:36,"authentication boundary: HTTP 401; assertion passed | Request observed in completed test suite; assertion and purpose not inferred: HTTP status counts {""401"": 1}","Disposable Fastify injection; missing resource IDs exercise global hooks, not resource ownership or valid payload processing. | May be fixture setup, valid feature/control or malformed request. Preload actor is best-effort at request start; share-bearer paths, revoked cookies and helper/network calls are not reliably classified. No payloads, credentials, fixture usernames or concrete token paths are exported."
DELETE,/api/nearby/invite,member,api.nearby.endInvite,same-network-stranger,boundary-asserted,boundary-asserted; observed-request-only,tests/security-audit-matrix.test.ts; tests/security-audit-matrix.test.ts:89:36,"authentication boundary: HTTP 401; assertion passed | Request observed in completed test suite; assertion and purpose not inferred: HTTP status counts {""401"": 1}","Disposable Fastify injection; missing resource IDs exercise global hooks, not resource ownership or valid payload processing. | May be fixture setup, valid feature/control or malformed request. Preload actor is best-effort at request start; share-bearer paths, revoked cookies and helper/network calls are not reliably classified. No payloads, credentials, fixture usernames or concrete token paths are exported."
DELETE,/api/nearby/invite,member,api.nearby.endInvite,cross-site-browser,boundary-asserted,boundary-asserted,tests/security-audit-matrix.test.ts,origin: HTTP 403; assertion passed | sec-fetch-site: HTTP 403; assertion passed,"Disposable Fastify injection; missing resource IDs exercise global hooks, not resource ownership or valid payload processing."
DELETE,/api/nearby/invite,member,api.nearby.endInvite,session-without-csrf,boundary-asserted,boundary-asserted,tests/security-audit-matrix.test.ts,CSRF token: HTTP 403; assertion passed,"Disposable Fastify injection; missing resource IDs exercise global hooks, not resource ownership or valid payload processing."
DELETE,/api/nearby/invite,member,api.nearby.endInvite,rebound-host,boundary-asserted,boundary-asserted,tests/security-audit-matrix.test.ts,Host validation: HTTP 403; assertion passed,"Disposable Fastify injection; missing resource IDs exercise global hooks, not resource ownership or valid payload processing."
DELETE,/api/nearby/invite,member,api.nearby.endInvite,revoked-member,not-checked,not-checked,,No attributed endpoint/actor evidence: Not checked,No claim of runtime testing or source review for this cell; may be outside intended authority.
DELETE,/api/nearby/invite,member,api.nearby.endInvite,authentication-bearer,not-checked,not-checked,,No attributed endpoint/actor evidence: Not checked,No claim of runtime testing or source review for this cell; may be outside intended authority.
DELETE,/api/nearby/invite,member,api.nearby.endInvite,local-helper,not-checked,not-checked,,No attributed endpoint/actor evidence: Not checked,No claim of runtime testing or source review for this cell; may be outside intended authority.
DELETE,/api/nearby/guests/:id,member,api.nearby.removeGuest,anonymous,boundary-asserted,boundary-asserted; observed-request-only,tests/security-audit-auth-direct.test.ts:36:17; tests/security-audit-matrix.test.ts:101:39; tests/security-audit-matrix.test.ts:116:37; tests/security-audit-matrix.test.ts:89:36; tests/security-audit-matrix.test.ts,"authentication boundary: HTTP 401; assertion passed | Request observed in completed test suite; assertion and purpose not inferred: HTTP status counts {""401"": 3, ""403"": 3}","Disposable Fastify injection; missing resource IDs exercise global hooks, not resource ownership or valid payload processing. | May be fixture setup, valid feature/control or malformed request. Preload actor is best-effort at request start; share-bearer paths, revoked cookies and helper/network calls are not reliably classified. No payloads, credentials, fixture usernames or concrete token paths are exported."
DELETE,/api/nearby/guests/:id,member,api.nearby.removeGuest,forged-session,boundary-asserted,boundary-asserted,tests/security-audit-matrix.test.ts,authentication boundary: HTTP 401; assertion passed,"Disposable Fastify injection; missing resource IDs exercise global hooks, not resource ownership or valid payload processing."
DELETE,/api/nearby/guests/:id,member,api.nearby.removeGuest,ordinary-member,observed-request-only,observed-request-only,tests/nearby.test.ts:205:16; tests/security-audit-auth-direct.test.ts:36:17; tests/security-audit-auth-direct.test.ts:455:17,"Request observed in completed test suite; assertion and purpose not inferred: HTTP status counts {""200"": 2, ""404"": 1}","May be fixture setup, valid feature/control or malformed request. Preload actor is best-effort at request start; share-bearer paths, revoked cookies and helper/network calls are not reliably classified. No payloads, credentials, fixture usernames or concrete token paths are exported."
DELETE,/api/nearby/guests/:id,member,api.nearby.removeGuest,other-member,boundary-asserted,boundary-asserted,tests/security-audit-auth-direct.test.ts:449,Foreign member cannot remove owner's guest: 404,Disposable test instance; this assertion covers the named scenario only.
DELETE,/api/nearby/guests/:id,member,api.nearby.removeGuest,administrator,not-checked,not-checked,,No attributed endpoint/actor evidence: Not checked,No claim of runtime testing or source review for this cell; may be outside intended authority.
DELETE,/api/nearby/guests/:id,member,api.nearby.removeGuest,share-holder,boundary-asserted,boundary-asserted; observed-request-only,tests/security-audit-matrix.test.ts; tests/security-audit-matrix.test.ts:89:36,"authentication boundary: HTTP 401; assertion passed | Request observed in completed test suite; assertion and purpose not inferred: HTTP status counts {""401"": 1}","Disposable Fastify injection; missing resource IDs exercise global hooks, not resource ownership or valid payload processing. | May be fixture setup, valid feature/control or malformed request. Preload actor is best-effort at request start; share-bearer paths, revoked cookies and helper/network calls are not reliably classified. No payloads, credentials, fixture usernames or concrete token paths are exported."
DELETE,/api/nearby/guests/:id,member,api.nearby.removeGuest,request-guest,boundary-asserted,boundary-asserted; observed-request-only,tests/security-audit-matrix.test.ts; tests/security-audit-matrix.test.ts:89:36,"authentication boundary: HTTP 403; assertion passed | Request observed in completed test suite; assertion and purpose not inferred: HTTP status counts {""403"": 1}","Disposable Fastify injection; missing resource IDs exercise global hooks, not resource ownership or valid payload processing. | May be fixture setup, valid feature/control or malformed request. Preload actor is best-effort at request start; share-bearer paths, revoked cookies and helper/network calls are not reliably classified. No payloads, credentials, fixture usernames or concrete token paths are exported."
DELETE,/api/nearby/guests/:id,member,api.nearby.removeGuest,nearby-guest,boundary-asserted,boundary-asserted; observed-request-only,tests/security-audit-matrix.test.ts; tests/security-audit-matrix.test.ts:89:36,"authentication boundary: HTTP 401; assertion passed | Request observed in completed test suite; assertion and purpose not inferred: HTTP status counts {""401"": 1}","Disposable Fastify injection; missing resource IDs exercise global hooks, not resource ownership or valid payload processing. | May be fixture setup, valid feature/control or malformed request. Preload actor is best-effort at request start; share-bearer paths, revoked cookies and helper/network calls are not reliably classified. No payloads, credentials, fixture usernames or concrete token paths are exported."
DELETE,/api/nearby/guests/:id,member,api.nearby.removeGuest,same-network-stranger,boundary-asserted,boundary-asserted; observed-request-only,tests/security-audit-matrix.test.ts; tests/security-audit-matrix.test.ts:89:36,"authentication boundary: HTTP 401; assertion passed | Request observed in completed test suite; assertion and purpose not inferred: HTTP status counts {""401"": 1}","Disposable Fastify injection; missing resource IDs exercise global hooks, not resource ownership or valid payload processing. | May be fixture setup, valid feature/control or malformed request. Preload actor is best-effort at request start; share-bearer paths, revoked cookies and helper/network calls are not reliably classified. No payloads, credentials, fixture usernames or concrete token paths are exported."
DELETE,/api/nearby/guests/:id,member,api.nearby.removeGuest,cross-site-browser,boundary-asserted,boundary-asserted,tests/security-audit-matrix.test.ts,origin: HTTP 403; assertion passed | sec-fetch-site: HTTP 403; assertion passed,"Disposable Fastify injection; missing resource IDs exercise global hooks, not resource ownership or valid payload processing."
DELETE,/api/nearby/guests/:id,member,api.nearby.removeGuest,session-without-csrf,boundary-asserted,boundary-asserted,tests/security-audit-matrix.test.ts,CSRF token: HTTP 403; assertion passed,"Disposable Fastify injection; missing resource IDs exercise global hooks, not resource ownership or valid payload processing."
DELETE,/api/nearby/guests/:id,member,api.nearby.removeGuest,rebound-host,boundary-asserted,boundary-asserted,tests/security-audit-matrix.test.ts,Host validation: HTTP 403; assertion passed,"Disposable Fastify injection; missing resource IDs exercise global hooks, not resource ownership or valid payload processing."
DELETE,/api/nearby/guests/:id,member,api.nearby.removeGuest,revoked-member,not-checked,not-checked,,No attributed endpoint/actor evidence: Not checked,No claim of runtime testing or source review for this cell; may be outside intended authority.
DELETE,/api/nearby/guests/:id,member,api.nearby.removeGuest,authentication-bearer,not-checked,not-checked,,No attributed endpoint/actor evidence: Not checked,No claim of runtime testing or source review for this cell; may be outside intended authority.
DELETE,/api/nearby/guests/:id,member,api.nearby.removeGuest,local-helper,not-checked,not-checked,,No attributed endpoint/actor evidence: Not checked,No claim of runtime testing or source review for this cell; may be outside intended authority.
GET,/api/n/:token,public,api.nearby.guest,anonymous,security-property-asserted,security-property-asserted; allowed-control-asserted; observed-request-only,tests/nearby.test.ts:158:34; tests/security-audit-auth-direct.test.ts:36:17; tests/security-audit-auth-direct.test.ts:399:34; tests/security-audit-matrix.test.ts:116:37; tests/security-audit-public-head.test.ts:370,"Expected authorized/public status control: valid public Nearby metadata: HTTP 200; real HEAD has zero body bytes; GET authorization status matches | Unjoined/foreign guest sees no self identity or peers: 200; self null and peers empty | Request observed in completed test suite; assertion and purpose not inferred: HTTP status counts {""200"": 2, ""403"": 1, ""404"": 1}","Disposable test instance; this assertion covers the named scenario only. | May be fixture setup, valid feature/control or malformed request. Preload actor is best-effort at request start; share-bearer paths, revoked cookies and helper/network calls are not reliably classified. No payloads, credentials, fixture usernames or concrete token paths are exported. | Real ephemeral HTTP for every HEAD and SSE GET; other GET counterparts use disposable harness injection. Named bearer/grant lifecycle case only; no deployed authenticated actors."
GET,/api/n/:token,public,api.nearby.guest,forged-session,not-checked,not-checked,,No attributed endpoint/actor evidence: Not checked,No claim of runtime testing or source review for this cell; may be outside intended authority.
GET,/api/n/:token,public,api.nearby.guest,ordinary-member,not-checked,not-checked,,No attributed endpoint/actor evidence: Not checked,No claim of runtime testing or source review for this cell; may be outside intended authority.
GET,/api/n/:token,public,api.nearby.guest,other-member,not-checked,not-checked,,No attributed endpoint/actor evidence: Not checked,No claim of runtime testing or source review for this cell; may be outside intended authority.
GET,/api/n/:token,public,api.nearby.guest,administrator,not-checked,not-checked,,No attributed endpoint/actor evidence: Not checked,No claim of runtime testing or source review for this cell; may be outside intended authority.
GET,/api/n/:token,public,api.nearby.guest,share-holder,not-checked,not-checked,,No attributed endpoint/actor evidence: Not checked,No claim of runtime testing or source review for this cell; may be outside intended authority.
GET,/api/n/:token,public,api.nearby.guest,request-guest,not-checked,not-checked,,No attributed endpoint/actor evidence: Not checked,No claim of runtime testing or source review for this cell; may be outside intended authority.
GET,/api/n/:token,public,api.nearby.guest,nearby-guest,boundary-asserted,boundary-asserted; security-property-asserted; allowed-control-asserted; observed-request-only,tests/nearby.test.ts:202:35; tests/nearby.test.ts:207:31; tests/nearby.test.ts:235:25; tests/nearby.test.ts:245:25; tests/security-audit-auth-direct.test.ts:408; tests/security-audit-auth-direct.test.ts:489; tests/security-audit-public-head.test.ts:370,"Unjoined Nearby bearer holder cannot enumerate host devices: 200; self null and peers empty | Ended Nearby token cannot reopen invitation: 404 | Expected authorized/public status control: valid public Nearby metadata: HTTP 200; real HEAD has zero body bytes; GET authorization status matches | Unjoined/foreign guest sees no self identity or peers: 200; self null and peers empty | Resource/capability boundary: invalid token with a valid unrelated guest cookie: HTTP 404; real HEAD has zero body bytes and no sensitive resource/upload headers; GET authorization status matches | Expected authorized/public status control: revoked guest still sees only public code state: HTTP 200; real HEAD has zero body bytes; GET authorization status matches | Resource/capability boundary: expired Nearby code: HTTP 410; real HEAD has zero body bytes and no sensitive resource/upload headers; GET authorization status matches | Resource/capability boundary: ended/deleted Nearby code: HTTP 404; real HEAD has zero body bytes and no sensitive resource/upload headers; GET authorization status matches | Request observed in completed test suite; assertion and purpose not inferred: HTTP status counts {""200"": 2, ""404"": 1, ""410"": 1}","Disposable test instance; this assertion covers the named scenario only. | May be fixture setup, valid feature/control or malformed request. Preload actor is best-effort at request start; share-bearer paths, revoked cookies and helper/network calls are not reliably classified. No payloads, credentials, fixture usernames or concrete token paths are exported. | Real ephemeral HTTP for every HEAD and SSE GET; other GET counterparts use disposable harness injection. Named bearer/grant lifecycle case only; no deployed authenticated actors."
GET,/api/n/:token,public,api.nearby.guest,same-network-stranger,not-checked,not-checked,,No attributed endpoint/actor evidence: Not checked,No claim of runtime testing or source review for this cell; may be outside intended authority.
GET,/api/n/:token,public,api.nearby.guest,cross-site-browser,not-checked,not-checked,,No attributed endpoint/actor evidence: Not checked,No claim of runtime testing or source review for this cell; may be outside intended authority.
GET,/api/n/:token,public,api.nearby.guest,session-without-csrf,not-checked,not-checked,,No attributed endpoint/actor evidence: Not checked,No claim of runtime testing or source review for this cell; may be outside intended authority.
GET,/api/n/:token,public,api.nearby.guest,rebound-host,boundary-asserted,boundary-asserted,tests/security-audit-matrix.test.ts,Host validation: HTTP 403; assertion passed,"Disposable Fastify injection; missing resource IDs exercise global hooks, not resource ownership or valid payload processing."
GET,/api/n/:token,public,api.nearby.guest,revoked-member,not-checked,not-checked,,No attributed endpoint/actor evidence: Not checked,No claim of runtime testing or source review for this cell; may be outside intended authority.
GET,/api/n/:token,public,api.nearby.guest,authentication-bearer,not-checked,not-checked,,No attributed endpoint/actor evidence: Not checked,No claim of runtime testing or source review for this cell; may be outside intended authority.
GET,/api/n/:token,public,api.nearby.guest,local-helper,not-checked,not-checked,,No attributed endpoint/actor evidence: Not checked,No claim of runtime testing or source review for this cell; may be outside intended authority.
HEAD,/api/n/:token,public,api.nearby.guest,anonymous,allowed-control-asserted,allowed-control-asserted; observed-request-only,tests/security-audit-matrix.test.ts:116:37; tests/security-audit-public-head.test.ts:370,"Expected authorized/public status control: valid public Nearby metadata: HTTP 200; real HEAD has zero body bytes; GET authorization status matches | Request observed in completed test suite; assertion and purpose not inferred: HTTP status counts {""403"": 1}","May be fixture setup, valid feature/control or malformed request. Preload actor is best-effort at request start; share-bearer paths, revoked cookies and helper/network calls are not reliably classified. No payloads, credentials, fixture usernames or concrete token paths are exported. | Real ephemeral HTTP for every HEAD and SSE GET; other GET counterparts use disposable harness injection. Named bearer/grant lifecycle case only; no deployed authenticated actors."
HEAD,/api/n/:token,public,api.nearby.guest,forged-session,not-checked,not-checked,,No attributed endpoint/actor evidence: Not checked,No claim of runtime testing or source review for this cell; may be outside intended authority.
HEAD,/api/n/:token,public,api.nearby.guest,ordinary-member,not-checked,not-checked,,No attributed endpoint/actor evidence: Not checked,No claim of runtime testing or source review for this cell; may be outside intended authority.
HEAD,/api/n/:token,public,api.nearby.guest,other-member,not-checked,not-checked,,No attributed endpoint/actor evidence: Not checked,No claim of runtime testing or source review for this cell; may be outside intended authority.
HEAD,/api/n/:token,public,api.nearby.guest,administrator,not-checked,not-checked,,No attributed endpoint/actor evidence: Not checked,No claim of runtime testing or source review for this cell; may be outside intended authority.
HEAD,/api/n/:token,public,api.nearby.guest,share-holder,not-checked,not-checked,,No attributed endpoint/actor evidence: Not checked,No claim of runtime testing or source review for this cell; may be outside intended authority.
HEAD,/api/n/:token,public,api.nearby.guest,request-guest,not-checked,not-checked,,No attributed endpoint/actor evidence: Not checked,No claim of runtime testing or source review for this cell; may be outside intended authority.
HEAD,/api/n/:token,public,api.nearby.guest,nearby-guest,boundary-asserted,boundary-asserted; allowed-control-asserted,tests/security-audit-public-head.test.ts:370,Expected authorized/public status control: valid public Nearby metadata: HTTP 200; real HEAD has zero body bytes; GET authorization status matches | Resource/capability boundary: invalid token with a valid unrelated guest cookie: HTTP 404; real HEAD has zero body bytes and no sensitive resource/upload headers; GET authorization status matches | Expected authorized/public status control: revoked guest still sees only public code state: HTTP 200; real HEAD has zero body bytes; GET authorization status matches | Resource/capability boundary: expired Nearby code: HTTP 410; real HEAD has zero body bytes and no sensitive resource/upload headers; GET authorization status matches | Resource/capability boundary: ended/deleted Nearby code: HTTP 404; real HEAD has zero body bytes and no sensitive resource/upload headers; GET authorization status matches,Real ephemeral HTTP for every HEAD and SSE GET; other GET counterparts use disposable harness injection. Named bearer/grant lifecycle case only; no deployed authenticated actors.
HEAD,/api/n/:token,public,api.nearby.guest,same-network-stranger,not-checked,not-checked,,No attributed endpoint/actor evidence: Not checked,No claim of runtime testing or source review for this cell; may be outside intended authority.
HEAD,/api/n/:token,public,api.nearby.guest,cross-site-browser,not-checked,not-checked,,No attributed endpoint/actor evidence: Not checked,No claim of runtime testing or source review for this cell; may be outside intended authority.
HEAD,/api/n/:token,public,api.nearby.guest,session-without-csrf,not-checked,not-checked,,No attributed endpoint/actor evidence: Not checked,No claim of runtime testing or source review for this cell; may be outside intended authority.
HEAD,/api/n/:token,public,api.nearby.guest,rebound-host,boundary-asserted,boundary-asserted,tests/security-audit-matrix.test.ts,Host validation: HTTP 403; assertion passed,"Disposable Fastify injection; missing resource IDs exercise global hooks, not resource ownership or valid payload processing."
HEAD,/api/n/:token,public,api.nearby.guest,revoked-member,not-checked,not-checked,,No attributed endpoint/actor evidence: Not checked,No claim of runtime testing or source review for this cell; may be outside intended authority.
HEAD,/api/n/:token,public,api.nearby.guest,authentication-bearer,not-checked,not-checked,,No attributed endpoint/actor evidence: Not checked,No claim of runtime testing or source review for this cell; may be outside intended authority.
HEAD,/api/n/:token,public,api.nearby.guest,local-helper,not-checked,not-checked,,No attributed endpoint/actor evidence: Not checked,No claim of runtime testing or source review for this cell; may be outside intended authority.
POST,/api/n/:token/join,public,api.nearby.join,anonymous,observed-request-only,observed-request-only,tests/nearby.test.ts:166:32; tests/nearby.test.ts:221:32; tests/security-audit-auth-direct.test.ts:402:32; tests/security-audit-matrix.test.ts:101:39; tests/security-audit-matrix.test.ts:116:37; tests/security-audit-matrix.test.ts:51:23,"Request observed in completed test suite; assertion and purpose not inferred: HTTP status counts {""200"": 4, ""403"": 3}","May be fixture setup, valid feature/control or malformed request. Preload actor is best-effort at request start; share-bearer paths, revoked cookies and helper/network calls are not reliably classified. No payloads, credentials, fixture usernames or concrete token paths are exported."
POST,/api/n/:token/join,public,api.nearby.join,forged-session,not-checked,not-checked,,No attributed endpoint/actor evidence: Not checked,No claim of runtime testing or source review for this cell; may be outside intended authority.
POST,/api/n/:token/join,public,api.nearby.join,ordinary-member,not-checked,not-checked,,No attributed endpoint/actor evidence: Not checked,No claim of runtime testing or source review for this cell; may be outside intended authority.
POST,/api/n/:token/join,public,api.nearby.join,other-member,not-checked,not-checked,,No attributed endpoint/actor evidence: Not checked,No claim of runtime testing or source review for this cell; may be outside intended authority.
POST,/api/n/:token/join,public,api.nearby.join,administrator,not-checked,not-checked,,No attributed endpoint/actor evidence: Not checked,No claim of runtime testing or source review for this cell; may be outside intended authority.
POST,/api/n/:token/join,public,api.nearby.join,share-holder,not-checked,not-checked,,No attributed endpoint/actor evidence: Not checked,No claim of runtime testing or source review for this cell; may be outside intended authority.
POST,/api/n/:token/join,public,api.nearby.join,request-guest,not-checked,not-checked,,No attributed endpoint/actor evidence: Not checked,No claim of runtime testing or source review for this cell; may be outside intended authority.
POST,/api/n/:token/join,public,api.nearby.join,nearby-guest,security-property-asserted,security-property-asserted; observed-request-only,tests/nearby.test.ts:175; tests/security-audit-auth-direct.test.ts:464:34,"Guest admission sanitizes display name and limits directory to the inviting member's devices: Bidi/whitespace removed; only host device returned | Request observed in completed test suite; assertion and purpose not inferred: HTTP status counts {""200"": 1}","Disposable test instance; this assertion covers the named scenario only. | May be fixture setup, valid feature/control or malformed request. Preload actor is best-effort at request start; share-bearer paths, revoked cookies and helper/network calls are not reliably classified. No payloads, credentials, fixture usernames or concrete token paths are exported."
POST,/api/n/:token/join,public,api.nearby.join,same-network-stranger,not-checked,not-checked,,No attributed endpoint/actor evidence: Not checked,No claim of runtime testing or source review for this cell; may be outside intended authority.
POST,/api/n/:token/join,public,api.nearby.join,cross-site-browser,boundary-asserted,boundary-asserted,tests/security-audit-matrix.test.ts,origin: HTTP 403; assertion passed | sec-fetch-site: HTTP 403; assertion passed,"Disposable Fastify injection; missing resource IDs exercise global hooks, not resource ownership or valid payload processing."
POST,/api/n/:token/join,public,api.nearby.join,session-without-csrf,not-checked,not-checked,,No attributed endpoint/actor evidence: Not checked,No claim of runtime testing or source review for this cell; may be outside intended authority.
POST,/api/n/:token/join,public,api.nearby.join,rebound-host,boundary-asserted,boundary-asserted,tests/security-audit-matrix.test.ts,Host validation: HTTP 403; assertion passed,"Disposable Fastify injection; missing resource IDs exercise global hooks, not resource ownership or valid payload processing."
POST,/api/n/:token/join,public,api.nearby.join,revoked-member,not-checked,not-checked,,No attributed endpoint/actor evidence: Not checked,No claim of runtime testing or source review for this cell; may be outside intended authority.
POST,/api/n/:token/join,public,api.nearby.join,authentication-bearer,not-checked,not-checked,,No attributed endpoint/actor evidence: Not checked,No claim of runtime testing or source review for this cell; may be outside intended authority.
POST,/api/n/:token/join,public,api.nearby.join,local-helper,not-checked,not-checked,,No attributed endpoint/actor evidence: Not checked,No claim of runtime testing or source review for this cell; may be outside intended authority.
DELETE,/api/n/:token/join,public,api.nearby.leave,anonymous,observed-request-only,observed-request-only,tests/security-audit-auth-direct.test.ts:36:17; tests/security-audit-matrix.test.ts:101:39; tests/security-audit-matrix.test.ts:116:37,"Request observed in completed test suite; assertion and purpose not inferred: HTTP status counts {""401"": 1, ""403"": 3}","May be fixture setup, valid feature/control or malformed request. Preload actor is best-effort at request start; share-bearer paths, revoked cookies and helper/network calls are not reliably classified. No payloads, credentials, fixture usernames or concrete token paths are exported."
DELETE,/api/n/:token/join,public,api.nearby.leave,forged-session,not-checked,not-checked,,No attributed endpoint/actor evidence: Not checked,No claim of runtime testing or source review for this cell; may be outside intended authority.
DELETE,/api/n/:token/join,public,api.nearby.leave,ordinary-member,not-checked,not-checked,,No attributed endpoint/actor evidence: Not checked,No claim of runtime testing or source review for this cell; may be outside intended authority.
DELETE,/api/n/:token/join,public,api.nearby.leave,other-member,not-checked,not-checked,,No attributed endpoint/actor evidence: Not checked,No claim of runtime testing or source review for this cell; may be outside intended authority.
DELETE,/api/n/:token/join,public,api.nearby.leave,administrator,not-checked,not-checked,,No attributed endpoint/actor evidence: Not checked,No claim of runtime testing or source review for this cell; may be outside intended authority.
DELETE,/api/n/:token/join,public,api.nearby.leave,share-holder,not-checked,not-checked,,No attributed endpoint/actor evidence: Not checked,No claim of runtime testing or source review for this cell; may be outside intended authority.
DELETE,/api/n/:token/join,public,api.nearby.leave,request-guest,not-checked,not-checked,,No attributed endpoint/actor evidence: Not checked,No claim of runtime testing or source review for this cell; may be outside intended authority.
DELETE,/api/n/:token/join,public,api.nearby.leave,nearby-guest,boundary-asserted,boundary-asserted; observed-request-only,tests/security-audit-auth-direct.test.ts:36:17; tests/security-audit-auth-direct.test.ts:487,"Guest leave credential is invalid after leave: 200 once; 401 replay | Request observed in completed test suite; assertion and purpose not inferred: HTTP status counts {""200"": 1}","Disposable test instance; this assertion covers the named scenario only. | May be fixture setup, valid feature/control or malformed request. Preload actor is best-effort at request start; share-bearer paths, revoked cookies and helper/network calls are not reliably classified. No payloads, credentials, fixture usernames or concrete token paths are exported."
DELETE,/api/n/:token/join,public,api.nearby.leave,same-network-stranger,not-checked,not-checked,,No attributed endpoint/actor evidence: Not checked,No claim of runtime testing or source review for this cell; may be outside intended authority.
DELETE,/api/n/:token/join,public,api.nearby.leave,cross-site-browser,boundary-asserted,boundary-asserted,tests/security-audit-matrix.test.ts,origin: HTTP 403; assertion passed | sec-fetch-site: HTTP 403; assertion passed,"Disposable Fastify injection; missing resource IDs exercise global hooks, not resource ownership or valid payload processing."
DELETE,/api/n/:token/join,public,api.nearby.leave,session-without-csrf,not-checked,not-checked,,No attributed endpoint/actor evidence: Not checked,No claim of runtime testing or source review for this cell; may be outside intended authority.
DELETE,/api/n/:token/join,public,api.nearby.leave,rebound-host,boundary-asserted,boundary-asserted,tests/security-audit-matrix.test.ts,Host validation: HTTP 403; assertion passed,"Disposable Fastify injection; missing resource IDs exercise global hooks, not resource ownership or valid payload processing."
DELETE,/api/n/:token/join,public,api.nearby.leave,revoked-member,not-checked,not-checked,,No attributed endpoint/actor evidence: Not checked,No claim of runtime testing or source review for this cell; may be outside intended authority.
DELETE,/api/n/:token/join,public,api.nearby.leave,authentication-bearer,not-checked,not-checked,,No attributed endpoint/actor evidence: Not checked,No claim of runtime testing or source review for this cell; may be outside intended authority.
DELETE,/api/n/:token/join,public,api.nearby.leave,local-helper,not-checked,not-checked,,No attributed endpoint/actor evidence: Not checked,No claim of runtime testing or source review for this cell; may be outside intended authority.
POST,/api/n/:token/signal,public,api.nearby.guestSignal,anonymous,observed-request-only,observed-request-only,tests/security-audit-matrix.test.ts:101:39; tests/security-audit-matrix.test.ts:116:37,"Request observed in completed test suite; assertion and purpose not inferred: HTTP status counts {""403"": 3}","May be fixture setup, valid feature/control or malformed request. Preload actor is best-effort at request start; share-bearer paths, revoked cookies and helper/network calls are not reliably classified. No payloads, credentials, fixture usernames or concrete token paths are exported."
POST,/api/n/:token/signal,public,api.nearby.guestSignal,forged-session,not-checked,not-checked,,No attributed endpoint/actor evidence: Not checked,No claim of runtime testing or source review for this cell; may be outside intended authority.
POST,/api/n/:token/signal,public,api.nearby.guestSignal,ordinary-member,not-checked,not-checked,,No attributed endpoint/actor evidence: Not checked,No claim of runtime testing or source review for this cell; may be outside intended authority.
POST,/api/n/:token/signal,public,api.nearby.guestSignal,other-member,not-checked,not-checked,,No attributed endpoint/actor evidence: Not checked,No claim of runtime testing or source review for this cell; may be outside intended authority.
POST,/api/n/:token/signal,public,api.nearby.guestSignal,administrator,not-checked,not-checked,,No attributed endpoint/actor evidence: Not checked,No claim of runtime testing or source review for this cell; may be outside intended authority.
POST,/api/n/:token/signal,public,api.nearby.guestSignal,share-holder,not-checked,not-checked,,No attributed endpoint/actor evidence: Not checked,No claim of runtime testing or source review for this cell; may be outside intended authority.
POST,/api/n/:token/signal,public,api.nearby.guestSignal,request-guest,not-checked,not-checked,,No attributed endpoint/actor evidence: Not checked,No claim of runtime testing or source review for this cell; may be outside intended authority.
POST,/api/n/:token/signal,public,api.nearby.guestSignal,nearby-guest,boundary-asserted,boundary-asserted; observed-request-only,tests/nearby.test.ts:185:25; tests/nearby.test.ts:187:17; tests/nearby.test.ts:194:25; tests/security-audit-auth-direct.test.ts:36:17; tests/security-audit-auth-direct.test.ts:421,"Guest signaling requires its CSRF, host scope, bounded SDP and live cookie: 403 missing CSRF; 404 foreign host; 400 oversize; 401 revoked; 200 allowed | Request observed in completed test suite; assertion and purpose not inferred: HTTP status counts {""200"": 2, ""400"": 1, ""401"": 1, ""403"": 3, ""404"": 2}","Disposable test instance; this assertion covers the named scenario only. | May be fixture setup, valid feature/control or malformed request. Preload actor is best-effort at request start; share-bearer paths, revoked cookies and helper/network calls are not reliably classified. No payloads, credentials, fixture usernames or concrete token paths are exported."
POST,/api/n/:token/signal,public,api.nearby.guestSignal,same-network-stranger,not-checked,not-checked,,No attributed endpoint/actor evidence: Not checked,No claim of runtime testing or source review for this cell; may be outside intended authority.
POST,/api/n/:token/signal,public,api.nearby.guestSignal,cross-site-browser,boundary-asserted,boundary-asserted,tests/security-audit-auth-direct.test.ts:424; tests/security-audit-matrix.test.ts,origin: HTTP 403; assertion passed | sec-fetch-site: HTTP 403; assertion passed | Nearby guest signal rejects cross-origin request with guest credentials: 403,"Disposable Fastify injection; missing resource IDs exercise global hooks, not resource ownership or valid payload processing. | Disposable test instance; this assertion covers the named scenario only."
POST,/api/n/:token/signal,public,api.nearby.guestSignal,session-without-csrf,not-checked,not-checked,,No attributed endpoint/actor evidence: Not checked,No claim of runtime testing or source review for this cell; may be outside intended authority.
POST,/api/n/:token/signal,public,api.nearby.guestSignal,rebound-host,boundary-asserted,boundary-asserted,tests/security-audit-matrix.test.ts,Host validation: HTTP 403; assertion passed,"Disposable Fastify injection; missing resource IDs exercise global hooks, not resource ownership or valid payload processing."
POST,/api/n/:token/signal,public,api.nearby.guestSignal,revoked-member,not-checked,not-checked,,No attributed endpoint/actor evidence: Not checked,No claim of runtime testing or source review for this cell; may be outside intended authority.
POST,/api/n/:token/signal,public,api.nearby.guestSignal,authentication-bearer,not-checked,not-checked,,No attributed endpoint/actor evidence: Not checked,No claim of runtime testing or source review for this cell; may be outside intended authority.
POST,/api/n/:token/signal,public,api.nearby.guestSignal,local-helper,not-checked,not-checked,,No attributed endpoint/actor evidence: Not checked,No claim of runtime testing or source review for this cell; may be outside intended authority.
GET,/api/n/:token/events,raw,raw route,anonymous,boundary-asserted,boundary-asserted; observed-request-only,tests/security-audit-auth-direct.test.ts:73:35; tests/security-audit-matrix.test.ts:116:37; tests/security-audit-auth-direct.test.ts:74; tests/security-audit-public-head.test.ts:370,"Missing member credential or invalid bearer cannot open private event stream: 401/404 | Resource/capability boundary: code holder without guest cookie: HTTP 401; real HEAD has zero body bytes and no sensitive resource/upload headers; GET authorization status matches | Request observed in completed test suite; assertion and purpose not inferred: HTTP status counts {""403"": 1, ""404"": 1}","Invalid synthetic bearer only; this assertion does not exercise a valid guest grant or automatic HEAD. | May be fixture setup, valid feature/control or malformed request. Preload actor is best-effort at request start; share-bearer paths, revoked cookies and helper/network calls are not reliably classified. No payloads, credentials, fixture usernames or concrete token paths are exported. | Real ephemeral HTTP for every HEAD and SSE GET; other GET counterparts use disposable harness injection. Named bearer/grant lifecycle case only; no deployed authenticated actors."
GET,/api/n/:token/events,raw,raw route,forged-session,not-checked,not-checked,,No attributed endpoint/actor evidence: Not checked,No claim of runtime testing or source review for this cell; may be outside intended authority.
GET,/api/n/:token/events,raw,raw route,ordinary-member,not-checked,not-checked,,No attributed endpoint/actor evidence: Not checked,No claim of runtime testing or source review for this cell; may be outside intended authority.
GET,/api/n/:token/events,raw,raw route,other-member,not-checked,not-checked,,No attributed endpoint/actor evidence: Not checked,No claim of runtime testing or source review for this cell; may be outside intended authority.
GET,/api/n/:token/events,raw,raw route,administrator,not-checked,not-checked,,No attributed endpoint/actor evidence: Not checked,No claim of runtime testing or source review for this cell; may be outside intended authority.
GET,/api/n/:token/events,raw,raw route,share-holder,not-checked,not-checked,,No attributed endpoint/actor evidence: Not checked,No claim of runtime testing or source review for this cell; may be outside intended authority.
GET,/api/n/:token/events,raw,raw route,request-guest,not-checked,not-checked,,No attributed endpoint/actor evidence: Not checked,No claim of runtime testing or source review for this cell; may be outside intended authority.
GET,/api/n/:token/events,raw,raw route,nearby-guest,boundary-asserted,boundary-asserted; security-property-asserted; allowed-control-asserted,tests/security-audit-auth-direct.test.ts:477; tests/security-audit-public-head.test.ts:370,Already-open guest event stream closes after owner removes guest: SSE closed | Expected authorized/public status control: matching Nearby guest: HTTP 200; real HEAD has zero body bytes; GET authorization status matches | Resource/capability boundary: foreign cookie cannot open another code's stream: HTTP 401; real HEAD has zero body bytes and no sensitive resource/upload headers; GET authorization status matches | Resource/capability boundary: invalid token with a valid unrelated guest cookie: HTTP 404; real HEAD has zero body bytes and no sensitive resource/upload headers; GET authorization status matches | Resource/capability boundary: revoked guest cannot open stream: HTTP 401; real HEAD has zero body bytes and no sensitive resource/upload headers; GET authorization status matches | Resource/capability boundary: expired Nearby code: HTTP 410; real HEAD has zero body bytes and no sensitive resource/upload headers; GET authorization status matches | Resource/capability boundary: ended/deleted Nearby code: HTTP 404; real HEAD has zero body bytes and no sensitive resource/upload headers; GET authorization status matches,Real ephemeral HTTP for every HEAD and SSE GET; other GET counterparts use disposable harness injection. Named bearer/grant lifecycle case only; no deployed authenticated actors. | Stream established with live guest cookie and later revoked; not a new GET or HEAD after revocation.
GET,/api/n/:token/events,raw,raw route,same-network-stranger,not-checked,not-checked,,No attributed endpoint/actor evidence: Not checked,No claim of runtime testing or source review for this cell; may be outside intended authority.
GET,/api/n/:token/events,raw,raw route,cross-site-browser,not-checked,not-checked,,No attributed endpoint/actor evidence: Not checked,No claim of runtime testing or source review for this cell; may be outside intended authority.
GET,/api/n/:token/events,raw,raw route,session-without-csrf,not-checked,not-checked,,No attributed endpoint/actor evidence: Not checked,No claim of runtime testing or source review for this cell; may be outside intended authority.
GET,/api/n/:token/events,raw,raw route,rebound-host,boundary-asserted,boundary-asserted,tests/security-audit-matrix.test.ts,Host validation: HTTP 403; assertion passed,"Disposable Fastify injection; missing resource IDs exercise global hooks, not resource ownership or valid payload processing."
GET,/api/n/:token/events,raw,raw route,revoked-member,not-checked,not-checked,,No attributed endpoint/actor evidence: Not checked,No claim of runtime testing or source review for this cell; may be outside intended authority.
GET,/api/n/:token/events,raw,raw route,authentication-bearer,not-checked,not-checked,,No attributed endpoint/actor evidence: Not checked,No claim of runtime testing or source review for this cell; may be outside intended authority.
GET,/api/n/:token/events,raw,raw route,local-helper,not-checked,not-checked,,No attributed endpoint/actor evidence: Not checked,No claim of runtime testing or source review for this cell; may be outside intended authority.
HEAD,/api/n/:token/events,raw,raw route,anonymous,boundary-asserted,boundary-asserted; observed-request-only,tests/security-audit-matrix.test.ts:116:37; tests/security-audit-public-head.test.ts:370,"Resource/capability boundary: code holder without guest cookie: HTTP 401; real HEAD has zero body bytes and no sensitive resource/upload headers; GET authorization status matches | Request observed in completed test suite; assertion and purpose not inferred: HTTP status counts {""403"": 1}","May be fixture setup, valid feature/control or malformed request. Preload actor is best-effort at request start; share-bearer paths, revoked cookies and helper/network calls are not reliably classified. No payloads, credentials, fixture usernames or concrete token paths are exported. | Real ephemeral HTTP for every HEAD and SSE GET; other GET counterparts use disposable harness injection. Named bearer/grant lifecycle case only; no deployed authenticated actors."
HEAD,/api/n/:token/events,raw,raw route,forged-session,not-checked,not-checked,,No attributed endpoint/actor evidence: Not checked,No claim of runtime testing or source review for this cell; may be outside intended authority.
HEAD,/api/n/:token/events,raw,raw route,ordinary-member,not-checked,not-checked,,No attributed endpoint/actor evidence: Not checked,No claim of runtime testing or source review for this cell; may be outside intended authority.
HEAD,/api/n/:token/events,raw,raw route,other-member,not-checked,not-checked,,No attributed endpoint/actor evidence: Not checked,No claim of runtime testing or source review for this cell; may be outside intended authority.
HEAD,/api/n/:token/events,raw,raw route,administrator,not-checked,not-checked,,No attributed endpoint/actor evidence: Not checked,No claim of runtime testing or source review for this cell; may be outside intended authority.
HEAD,/api/n/:token/events,raw,raw route,share-holder,not-checked,not-checked,,No attributed endpoint/actor evidence: Not checked,No claim of runtime testing or source review for this cell; may be outside intended authority.
HEAD,/api/n/:token/events,raw,raw route,request-guest,not-checked,not-checked,,No attributed endpoint/actor evidence: Not checked,No claim of runtime testing or source review for this cell; may be outside intended authority.
HEAD,/api/n/:token/events,raw,raw route,nearby-guest,boundary-asserted,boundary-asserted; allowed-control-asserted,tests/security-audit-public-head.test.ts:370,Expected authorized/public status control: matching Nearby guest: HTTP 200; real HEAD has zero body bytes; GET authorization status matches | Resource/capability boundary: foreign cookie cannot open another code's stream: HTTP 401; real HEAD has zero body bytes and no sensitive resource/upload headers; GET authorization status matches | Resource/capability boundary: invalid token with a valid unrelated guest cookie: HTTP 404; real HEAD has zero body bytes and no sensitive resource/upload headers; GET authorization status matches | Resource/capability boundary: revoked guest cannot open stream: HTTP 401; real HEAD has zero body bytes and no sensitive resource/upload headers; GET authorization status matches | Resource/capability boundary: expired Nearby code: HTTP 410; real HEAD has zero body bytes and no sensitive resource/upload headers; GET authorization status matches | Resource/capability boundary: ended/deleted Nearby code: HTTP 404; real HEAD has zero body bytes and no sensitive resource/upload headers; GET authorization status matches,Real ephemeral HTTP for every HEAD and SSE GET; other GET counterparts use disposable harness injection. Named bearer/grant lifecycle case only; no deployed authenticated actors.
HEAD,/api/n/:token/events,raw,raw route,same-network-stranger,not-checked,not-checked,,No attributed endpoint/actor evidence: Not checked,No claim of runtime testing or source review for this cell; may be outside intended authority.
HEAD,/api/n/:token/events,raw,raw route,cross-site-browser,not-checked,not-checked,,No attributed endpoint/actor evidence: Not checked,No claim of runtime testing or source review for this cell; may be outside intended authority.
HEAD,/api/n/:token/events,raw,raw route,session-without-csrf,not-checked,not-checked,,No attributed endpoint/actor evidence: Not checked,No claim of runtime testing or source review for this cell; may be outside intended authority.
HEAD,/api/n/:token/events,raw,raw route,rebound-host,boundary-asserted,boundary-asserted,tests/security-audit-matrix.test.ts,Host validation: HTTP 403; assertion passed,"Disposable Fastify injection; missing resource IDs exercise global hooks, not resource ownership or valid payload processing."
HEAD,/api/n/:token/events,raw,raw route,revoked-member,not-checked,not-checked,,No attributed endpoint/actor evidence: Not checked,No claim of runtime testing or source review for this cell; may be outside intended authority.
HEAD,/api/n/:token/events,raw,raw route,authentication-bearer,not-checked,not-checked,,No attributed endpoint/actor evidence: Not checked,No claim of runtime testing or source review for this cell; may be outside intended authority.
HEAD,/api/n/:token/events,raw,raw route,local-helper,not-checked,not-checked,,No attributed endpoint/actor evidence: Not checked,No claim of runtime testing or source review for this cell; may be outside intended authority.
POST,/api/pickup,public,api.pickup.resolve,anonymous,boundary-asserted,boundary-asserted; security-property-asserted; observed-request-only,tests/admin.test.ts:104:49; tests/admin.test.ts:111:52; tests/auth.test.ts:304:49; tests/auth.test.ts:325:52; tests/links.test.ts:115:39; tests/links.test.ts:127:36; tests/links.test.ts:132:38; tests/links.test.ts:137:39; tests/links.test.ts:138:39; tests/links.test.ts:141:28; tests/links.test.ts:322:41; tests/nearby.test.ts:155:34; tests/requests.test.ts:387:52; tests/requests.test.ts:38:34; tests/requests.test.ts:43:41; tests/requests.test.ts:729:39; tests/security-audit-matrix.test.ts:101:39; tests/security-audit-matrix.test.ts:116:37; tests/links.test.ts:149; tests/links.test.ts:322; tests/pickup-codes.test.ts:391; tests/requests.test.ts:43,"Wrong pickup codes are bounded per address and globally: 404/429; valid-code control tested | Expired pickup codes count as failed attempts: 404 then 429 | Closing an upload request invalidates pickup code: 410 | Failed numeric security upgrade refuses numeric lookup while bearer URLs stay usable: 503 numeric lookup; bearer controls continue to work | Request observed in completed test suite; assertion and purpose not inferred: HTTP status counts {""200"": 19, ""403"": 3, ""404"": 15, ""410"": 3, ""429"": 5}","Disposable test instance; this assertion covers the named scenario only. | May be fixture setup, valid feature/control or malformed request. Preload actor is best-effort at request start; share-bearer paths, revoked cookies and helper/network calls are not reliably classified. No payloads, credentials, fixture usernames or concrete token paths are exported."
POST,/api/pickup,public,api.pickup.resolve,forged-session,not-checked,not-checked,,No attributed endpoint/actor evidence: Not checked,No claim of runtime testing or source review for this cell; may be outside intended authority.
POST,/api/pickup,public,api.pickup.resolve,ordinary-member,not-checked,not-checked,,No attributed endpoint/actor evidence: Not checked,No claim of runtime testing or source review for this cell; may be outside intended authority.
POST,/api/pickup,public,api.pickup.resolve,other-member,not-checked,not-checked,,No attributed endpoint/actor evidence: Not checked,No claim of runtime testing or source review for this cell; may be outside intended authority.
POST,/api/pickup,public,api.pickup.resolve,administrator,not-checked,not-checked,,No attributed endpoint/actor evidence: Not checked,No claim of runtime testing or source review for this cell; may be outside intended authority.
POST,/api/pickup,public,api.pickup.resolve,share-holder,observed-request-only,observed-request-only,tests/links.test.ts:172:41,"Request observed in completed test suite; assertion and purpose not inferred: HTTP status counts {""404"": 2}","May be fixture setup, valid feature/control or malformed request. Preload actor is best-effort at request start; share-bearer paths, revoked cookies and helper/network calls are not reliably classified. No payloads, credentials, fixture usernames or concrete token paths are exported."
POST,/api/pickup,public,api.pickup.resolve,request-guest,not-checked,not-checked,,No attributed endpoint/actor evidence: Not checked,No claim of runtime testing or source review for this cell; may be outside intended authority.
POST,/api/pickup,public,api.pickup.resolve,nearby-guest,observed-request-only,observed-request-only,tests/nearby.test.ts:236:25,"Request observed in completed test suite; assertion and purpose not inferred: HTTP status counts {""404"": 1}","May be fixture setup, valid feature/control or malformed request. Preload actor is best-effort at request start; share-bearer paths, revoked cookies and helper/network calls are not reliably classified. No payloads, credentials, fixture usernames or concrete token paths are exported."
POST,/api/pickup,public,api.pickup.resolve,same-network-stranger,not-checked,not-checked,,No attributed endpoint/actor evidence: Not checked,No claim of runtime testing or source review for this cell; may be outside intended authority.
POST,/api/pickup,public,api.pickup.resolve,cross-site-browser,boundary-asserted,boundary-asserted,tests/security-audit-matrix.test.ts,origin: HTTP 403; assertion passed | sec-fetch-site: HTTP 403; assertion passed,"Disposable Fastify injection; missing resource IDs exercise global hooks, not resource ownership or valid payload processing."
POST,/api/pickup,public,api.pickup.resolve,session-without-csrf,not-checked,not-checked,,No attributed endpoint/actor evidence: Not checked,No claim of runtime testing or source review for this cell; may be outside intended authority.
POST,/api/pickup,public,api.pickup.resolve,rebound-host,boundary-asserted,boundary-asserted,tests/security-audit-matrix.test.ts,Host validation: HTTP 403; assertion passed,"Disposable Fastify injection; missing resource IDs exercise global hooks, not resource ownership or valid payload processing."
POST,/api/pickup,public,api.pickup.resolve,revoked-member,not-checked,not-checked,,No attributed endpoint/actor evidence: Not checked,No claim of runtime testing or source review for this cell; may be outside intended authority.
POST,/api/pickup,public,api.pickup.resolve,authentication-bearer,boundary-asserted,boundary-asserted,tests/auth.test.ts:326,Consumed numeric sign-in code cannot be replayed or resolved: 410; malformed sign-in code also 410,Disposable test instance; this assertion covers the named scenario only.
POST,/api/pickup,public,api.pickup.resolve,local-helper,not-checked,not-checked,,No attributed endpoint/actor evidence: Not checked,No claim of runtime testing or source review for this cell; may be outside intended authority.
GET,/api/pickup/config,public,api.pickup.config,anonymous,security-property-asserted,security-property-asserted; allowed-control-asserted; observed-request-only,tests/pickup-codes.test.ts:390; tests/security-audit-matrix.test.ts:116:37; tests/security-audit-public-head.test.ts:541,"Failed numeric-code security upgrade is exposed as unavailable public resolution state: numericCodeResolutionUnavailable true | Expected authorized/public status control: public static metadata: HTTP 200; real HEAD has zero body bytes; GET authorization status matches | Request observed in completed test suite; assertion and purpose not inferred: HTTP status counts {""403"": 1}","Failure is injected at code generation; config response field asserted. No HEAD inference. | May be fixture setup, valid feature/control or malformed request. Preload actor is best-effort at request start; share-bearer paths, revoked cookies and helper/network calls are not reliably classified. No payloads, credentials, fixture usernames or concrete token paths are exported. | Real ephemeral HTTP for every HEAD and SSE GET; other GET counterparts use disposable harness injection. Named bearer/grant lifecycle case only; no deployed authenticated actors."
GET,/api/pickup/config,public,api.pickup.config,forged-session,not-checked,not-checked,,No attributed endpoint/actor evidence: Not checked,No claim of runtime testing or source review for this cell; may be outside intended authority.
GET,/api/pickup/config,public,api.pickup.config,ordinary-member,not-checked,not-checked,,No attributed endpoint/actor evidence: Not checked,No claim of runtime testing or source review for this cell; may be outside intended authority.
GET,/api/pickup/config,public,api.pickup.config,other-member,not-checked,not-checked,,No attributed endpoint/actor evidence: Not checked,No claim of runtime testing or source review for this cell; may be outside intended authority.
GET,/api/pickup/config,public,api.pickup.config,administrator,not-checked,not-checked,,No attributed endpoint/actor evidence: Not checked,No claim of runtime testing or source review for this cell; may be outside intended authority.
GET,/api/pickup/config,public,api.pickup.config,share-holder,not-checked,not-checked,,No attributed endpoint/actor evidence: Not checked,No claim of runtime testing or source review for this cell; may be outside intended authority.
GET,/api/pickup/config,public,api.pickup.config,request-guest,not-checked,not-checked,,No attributed endpoint/actor evidence: Not checked,No claim of runtime testing or source review for this cell; may be outside intended authority.
GET,/api/pickup/config,public,api.pickup.config,nearby-guest,not-checked,not-checked,,No attributed endpoint/actor evidence: Not checked,No claim of runtime testing or source review for this cell; may be outside intended authority.
GET,/api/pickup/config,public,api.pickup.config,same-network-stranger,not-checked,not-checked,,No attributed endpoint/actor evidence: Not checked,No claim of runtime testing or source review for this cell; may be outside intended authority.
GET,/api/pickup/config,public,api.pickup.config,cross-site-browser,not-checked,not-checked,,No attributed endpoint/actor evidence: Not checked,No claim of runtime testing or source review for this cell; may be outside intended authority.
GET,/api/pickup/config,public,api.pickup.config,session-without-csrf,not-checked,not-checked,,No attributed endpoint/actor evidence: Not checked,No claim of runtime testing or source review for this cell; may be outside intended authority.
GET,/api/pickup/config,public,api.pickup.config,rebound-host,boundary-asserted,boundary-asserted,tests/security-audit-matrix.test.ts,Host validation: HTTP 403; assertion passed,"Disposable Fastify injection; missing resource IDs exercise global hooks, not resource ownership or valid payload processing."
GET,/api/pickup/config,public,api.pickup.config,revoked-member,not-checked,not-checked,,No attributed endpoint/actor evidence: Not checked,No claim of runtime testing or source review for this cell; may be outside intended authority.
GET,/api/pickup/config,public,api.pickup.config,authentication-bearer,not-checked,not-checked,,No attributed endpoint/actor evidence: Not checked,No claim of runtime testing or source review for this cell; may be outside intended authority.
GET,/api/pickup/config,public,api.pickup.config,local-helper,not-checked,not-checked,,No attributed endpoint/actor evidence: Not checked,No claim of runtime testing or source review for this cell; may be outside intended authority.
HEAD,/api/pickup/config,public,api.pickup.config,anonymous,allowed-control-asserted,allowed-control-asserted; observed-request-only,tests/security-audit-matrix.test.ts:116:37; tests/security-audit-public-head.test.ts:541,"Expected authorized/public status control: public static metadata: HTTP 200; real HEAD has zero body bytes; GET authorization status matches | Request observed in completed test suite; assertion and purpose not inferred: HTTP status counts {""403"": 1}","May be fixture setup, valid feature/control or malformed request. Preload actor is best-effort at request start; share-bearer paths, revoked cookies and helper/network calls are not reliably classified. No payloads, credentials, fixture usernames or concrete token paths are exported. | Real ephemeral HTTP for every HEAD and SSE GET; other GET counterparts use disposable harness injection. Named bearer/grant lifecycle case only; no deployed authenticated actors."
HEAD,/api/pickup/config,public,api.pickup.config,forged-session,not-checked,not-checked,,No attributed endpoint/actor evidence: Not checked,No claim of runtime testing or source review for this cell; may be outside intended authority.
HEAD,/api/pickup/config,public,api.pickup.config,ordinary-member,not-checked,not-checked,,No attributed endpoint/actor evidence: Not checked,No claim of runtime testing or source review for this cell; may be outside intended authority.
HEAD,/api/pickup/config,public,api.pickup.config,other-member,not-checked,not-checked,,No attributed endpoint/actor evidence: Not checked,No claim of runtime testing or source review for this cell; may be outside intended authority.
HEAD,/api/pickup/config,public,api.pickup.config,administrator,not-checked,not-checked,,No attributed endpoint/actor evidence: Not checked,No claim of runtime testing or source review for this cell; may be outside intended authority.
HEAD,/api/pickup/config,public,api.pickup.config,share-holder,not-checked,not-checked,,No attributed endpoint/actor evidence: Not checked,No claim of runtime testing or source review for this cell; may be outside intended authority.
HEAD,/api/pickup/config,public,api.pickup.config,request-guest,not-checked,not-checked,,No attributed endpoint/actor evidence: Not checked,No claim of runtime testing or source review for this cell; may be outside intended authority.
HEAD,/api/pickup/config,public,api.pickup.config,nearby-guest,not-checked,not-checked,,No attributed endpoint/actor evidence: Not checked,No claim of runtime testing or source review for this cell; may be outside intended authority.
HEAD,/api/pickup/config,public,api.pickup.config,same-network-stranger,not-checked,not-checked,,No attributed endpoint/actor evidence: Not checked,No claim of runtime testing or source review for this cell; may be outside intended authority.
HEAD,/api/pickup/config,public,api.pickup.config,cross-site-browser,not-checked,not-checked,,No attributed endpoint/actor evidence: Not checked,No claim of runtime testing or source review for this cell; may be outside intended authority.
HEAD,/api/pickup/config,public,api.pickup.config,session-without-csrf,not-checked,not-checked,,No attributed endpoint/actor evidence: Not checked,No claim of runtime testing or source review for this cell; may be outside intended authority.
HEAD,/api/pickup/config,public,api.pickup.config,rebound-host,boundary-asserted,boundary-asserted,tests/security-audit-matrix.test.ts,Host validation: HTTP 403; assertion passed,"Disposable Fastify injection; missing resource IDs exercise global hooks, not resource ownership or valid payload processing."
HEAD,/api/pickup/config,public,api.pickup.config,revoked-member,not-checked,not-checked,,No attributed endpoint/actor evidence: Not checked,No claim of runtime testing or source review for this cell; may be outside intended authority.
HEAD,/api/pickup/config,public,api.pickup.config,authentication-bearer,not-checked,not-checked,,No attributed endpoint/actor evidence: Not checked,No claim of runtime testing or source review for this cell; may be outside intended authority.
HEAD,/api/pickup/config,public,api.pickup.config,local-helper,not-checked,not-checked,,No attributed endpoint/actor evidence: Not checked,No claim of runtime testing or source review for this cell; may be outside intended authority.
POST,/api/pickup/current,member,api.pickup.current,anonymous,boundary-asserted,boundary-asserted; observed-request-only,tests/security-audit-matrix.test.ts; tests/security-audit-matrix.test.ts:101:39; tests/security-audit-matrix.test.ts:116:37; tests/security-audit-matrix.test.ts:89:36,"authentication boundary: HTTP 401; assertion passed | Request observed in completed test suite; assertion and purpose not inferred: HTTP status counts {""401"": 2, ""403"": 3}","Disposable Fastify injection; missing resource IDs exercise global hooks, not resource ownership or valid payload processing. | May be fixture setup, valid feature/control or malformed request. Preload actor is best-effort at request start; share-bearer paths, revoked cookies and helper/network calls are not reliably classified. No payloads, credentials, fixture usernames or concrete token paths are exported."
POST,/api/pickup/current,member,api.pickup.current,forged-session,boundary-asserted,boundary-asserted,tests/security-audit-matrix.test.ts,authentication boundary: HTTP 401; assertion passed,"Disposable Fastify injection; missing resource IDs exercise global hooks, not resource ownership or valid payload processing."
POST,/api/pickup/current,member,api.pickup.current,ordinary-member,security-property-asserted,security-property-asserted,tests/pickup-codes.test.ts:568,Expired owner-only code refresh returns no active code without consuming public guessing budget: Seventy refresh controls return code=null; valid public code still resolves,Own expired link only; no foreign owner refresh scenario claimed.
POST,/api/pickup/current,member,api.pickup.current,other-member,not-checked,not-checked,,No attributed endpoint/actor evidence: Not checked,No claim of runtime testing or source review for this cell; may be outside intended authority.
POST,/api/pickup/current,member,api.pickup.current,administrator,security-property-asserted,security-property-asserted,tests/pickup-codes.test.ts:396,Owner code refresh cannot return a numeric code while numeric resolution is unavailable: 200 code=null,Own administrator-owned link only; no foreign owner refresh scenario claimed.
POST,/api/pickup/current,member,api.pickup.current,share-holder,boundary-asserted,boundary-asserted; observed-request-only,tests/security-audit-matrix.test.ts; tests/security-audit-matrix.test.ts:89:36,"authentication boundary: HTTP 401; assertion passed | Request observed in completed test suite; assertion and purpose not inferred: HTTP status counts {""401"": 1}","Disposable Fastify injection; missing resource IDs exercise global hooks, not resource ownership or valid payload processing. | May be fixture setup, valid feature/control or malformed request. Preload actor is best-effort at request start; share-bearer paths, revoked cookies and helper/network calls are not reliably classified. No payloads, credentials, fixture usernames or concrete token paths are exported."
POST,/api/pickup/current,member,api.pickup.current,request-guest,boundary-asserted,boundary-asserted; observed-request-only,tests/security-audit-matrix.test.ts; tests/security-audit-matrix.test.ts:89:36,"authentication boundary: HTTP 403; assertion passed | Request observed in completed test suite; assertion and purpose not inferred: HTTP status counts {""403"": 1}","Disposable Fastify injection; missing resource IDs exercise global hooks, not resource ownership or valid payload processing. | May be fixture setup, valid feature/control or malformed request. Preload actor is best-effort at request start; share-bearer paths, revoked cookies and helper/network calls are not reliably classified. No payloads, credentials, fixture usernames or concrete token paths are exported."
POST,/api/pickup/current,member,api.pickup.current,nearby-guest,boundary-asserted,boundary-asserted; observed-request-only,tests/security-audit-matrix.test.ts; tests/security-audit-matrix.test.ts:89:36,"authentication boundary: HTTP 401; assertion passed | Request observed in completed test suite; assertion and purpose not inferred: HTTP status counts {""401"": 1}","Disposable Fastify injection; missing resource IDs exercise global hooks, not resource ownership or valid payload processing. | May be fixture setup, valid feature/control or malformed request. Preload actor is best-effort at request start; share-bearer paths, revoked cookies and helper/network calls are not reliably classified. No payloads, credentials, fixture usernames or concrete token paths are exported."
POST,/api/pickup/current,member,api.pickup.current,same-network-stranger,boundary-asserted,boundary-asserted; observed-request-only,tests/security-audit-matrix.test.ts; tests/security-audit-matrix.test.ts:89:36,"authentication boundary: HTTP 401; assertion passed | Request observed in completed test suite; assertion and purpose not inferred: HTTP status counts {""401"": 1}","Disposable Fastify injection; missing resource IDs exercise global hooks, not resource ownership or valid payload processing. | May be fixture setup, valid feature/control or malformed request. Preload actor is best-effort at request start; share-bearer paths, revoked cookies and helper/network calls are not reliably classified. No payloads, credentials, fixture usernames or concrete token paths are exported."
POST,/api/pickup/current,member,api.pickup.current,cross-site-browser,boundary-asserted,boundary-asserted,tests/security-audit-matrix.test.ts,origin: HTTP 403; assertion passed | sec-fetch-site: HTTP 403; assertion passed,"Disposable Fastify injection; missing resource IDs exercise global hooks, not resource ownership or valid payload processing."
POST,/api/pickup/current,member,api.pickup.current,session-without-csrf,boundary-asserted,boundary-asserted,tests/security-audit-matrix.test.ts,CSRF token: HTTP 403; assertion passed,"Disposable Fastify injection; missing resource IDs exercise global hooks, not resource ownership or valid payload processing."
POST,/api/pickup/current,member,api.pickup.current,rebound-host,boundary-asserted,boundary-asserted,tests/security-audit-matrix.test.ts,Host validation: HTTP 403; assertion passed,"Disposable Fastify injection; missing resource IDs exercise global hooks, not resource ownership or valid payload processing."
POST,/api/pickup/current,member,api.pickup.current,revoked-member,not-checked,not-checked,,No attributed endpoint/actor evidence: Not checked,No claim of runtime testing or source review for this cell; may be outside intended authority.
POST,/api/pickup/current,member,api.pickup.current,authentication-bearer,not-checked,not-checked,,No attributed endpoint/actor evidence: Not checked,No claim of runtime testing or source review for this cell; may be outside intended authority.
POST,/api/pickup/current,member,api.pickup.current,local-helper,not-checked,not-checked,,No attributed endpoint/actor evidence: Not checked,No claim of runtime testing or source review for this cell; may be outside intended authority.
OPTIONS,/uploads/:id,raw,raw route,anonymous,observed-request-only,observed-request-only,tests/security-audit-matrix.test.ts:116:37,"Request observed in completed test suite; assertion and purpose not inferred: HTTP status counts {""403"": 1}","May be fixture setup, valid feature/control or malformed request. Preload actor is best-effort at request start; share-bearer paths, revoked cookies and helper/network calls are not reliably classified. No payloads, credentials, fixture usernames or concrete token paths are exported."
OPTIONS,/uploads/:id,raw,raw route,forged-session,not-checked,not-checked,,No attributed endpoint/actor evidence: Not checked,No claim of runtime testing or source review for this cell; may be outside intended authority.
OPTIONS,/uploads/:id,raw,raw route,ordinary-member,not-checked,not-checked,,No attributed endpoint/actor evidence: Not checked,No claim of runtime testing or source review for this cell; may be outside intended authority.
OPTIONS,/uploads/:id,raw,raw route,other-member,not-checked,not-checked,,No attributed endpoint/actor evidence: Not checked,No claim of runtime testing or source review for this cell; may be outside intended authority.
OPTIONS,/uploads/:id,raw,raw route,administrator,not-checked,not-checked,,No attributed endpoint/actor evidence: Not checked,No claim of runtime testing or source review for this cell; may be outside intended authority.
OPTIONS,/uploads/:id,raw,raw route,share-holder,not-checked,not-checked,,No attributed endpoint/actor evidence: Not checked,No claim of runtime testing or source review for this cell; may be outside intended authority.
OPTIONS,/uploads/:id,raw,raw route,request-guest,not-checked,not-checked,,No attributed endpoint/actor evidence: Not checked,No claim of runtime testing or source review for this cell; may be outside intended authority.
OPTIONS,/uploads/:id,raw,raw route,nearby-guest,not-checked,not-checked,,No attributed endpoint/actor evidence: Not checked,No claim of runtime testing or source review for this cell; may be outside intended authority.
OPTIONS,/uploads/:id,raw,raw route,same-network-stranger,not-checked,not-checked,,No attributed endpoint/actor evidence: Not checked,No claim of runtime testing or source review for this cell; may be outside intended authority.
OPTIONS,/uploads/:id,raw,raw route,cross-site-browser,not-checked,not-checked,,No attributed endpoint/actor evidence: Not checked,No claim of runtime testing or source review for this cell; may be outside intended authority.
OPTIONS,/uploads/:id,raw,raw route,session-without-csrf,not-checked,not-checked,,No attributed endpoint/actor evidence: Not checked,No claim of runtime testing or source review for this cell; may be outside intended authority.
OPTIONS,/uploads/:id,raw,raw route,rebound-host,boundary-asserted,boundary-asserted,tests/security-audit-matrix.test.ts,Host validation: HTTP 403; assertion passed,"Disposable Fastify injection; missing resource IDs exercise global hooks, not resource ownership or valid payload processing."
OPTIONS,/uploads/:id,raw,raw route,revoked-member,not-checked,not-checked,,No attributed endpoint/actor evidence: Not checked,No claim of runtime testing or source review for this cell; may be outside intended authority.
OPTIONS,/uploads/:id,raw,raw route,authentication-bearer,not-checked,not-checked,,No attributed endpoint/actor evidence: Not checked,No claim of runtime testing or source review for this cell; may be outside intended authority.
OPTIONS,/uploads/:id,raw,raw route,local-helper,not-checked,not-checked,,No attributed endpoint/actor evidence: Not checked,No claim of runtime testing or source review for this cell; may be outside intended authority.
HEAD,/uploads/:id,raw,raw route,anonymous,boundary-asserted,boundary-asserted; observed-request-only,tests/security-audit-matrix.test.ts:116:37; tests/security-audit-public-head.test.ts:249,"Resource/capability boundary: no upload credential: HTTP 401; real HEAD has zero body bytes and no sensitive resource/upload headers | Request observed in completed test suite; assertion and purpose not inferred: HTTP status counts {""403"": 1}","May be fixture setup, valid feature/control or malformed request. Preload actor is best-effort at request start; share-bearer paths, revoked cookies and helper/network calls are not reliably classified. No payloads, credentials, fixture usernames or concrete token paths are exported. | Real ephemeral HTTP for every HEAD and SSE GET; other GET counterparts use disposable harness injection. Named bearer/grant lifecycle case only; no deployed authenticated actors."
HEAD,/uploads/:id,raw,raw route,forged-session,not-checked,not-checked,,No attributed endpoint/actor evidence: Not checked,No claim of runtime testing or source review for this cell; may be outside intended authority.
HEAD,/uploads/:id,raw,raw route,ordinary-member,security-property-asserted,security-property-asserted; observed-request-only,tests/security-audit-content.test.ts:625; tests/transfers.test.ts:292:31,"Malformed, stale and oversize tus offsets cannot overwrite committed bytes: 400/409/413; offsets 0 then 3; race preserves abcdef | Request observed in completed test suite; assertion and purpose not inferred: HTTP status counts {""410"": 1}","Disposable test instance; this assertion covers the named scenario only. | May be fixture setup, valid feature/control or malformed request. Preload actor is best-effort at request start; share-bearer paths, revoked cookies and helper/network calls are not reliably classified. No payloads, credentials, fixture usernames or concrete token paths are exported."
HEAD,/uploads/:id,raw,raw route,other-member,boundary-asserted,boundary-asserted,tests/security-audit-content.test.ts:129,"Foreign concrete resource IDs cannot read, mutate, bulk-operate, reuse uploads or close another tab: 404; no secret/hash/filename disclosure; mixed bulk operation leaves own item unchanged",Disposable test instance; this assertion covers the named scenario only.
HEAD,/uploads/:id,raw,raw route,administrator,not-checked,not-checked,,No attributed endpoint/actor evidence: Not checked,No claim of runtime testing or source review for this cell; may be outside intended authority.
HEAD,/uploads/:id,raw,raw route,share-holder,not-checked,not-checked,,No attributed endpoint/actor evidence: Not checked,No claim of runtime testing or source review for this cell; may be outside intended authority.
HEAD,/uploads/:id,raw,raw route,request-guest,boundary-asserted,boundary-asserted; allowed-control-asserted,tests/security-audit-content.test.ts:303; tests/security-audit-public-head.test.ts:249,One request guest cannot access another guest's uploads or cancel transfer: 404 | Expected authorized/public status control: matching grant owns the upload: HTTP 200; real HEAD has zero body bytes | Resource/capability boundary: foreign grant cannot inspect upload offset/length: HTTP 404; real HEAD has zero body bytes and no sensitive resource/upload headers | Resource/capability boundary: invalid upload identifier: HTTP 404; real HEAD has zero body bytes and no sensitive resource/upload headers | Resource/capability boundary: expired grant cannot inspect upload: HTTP 401; real HEAD has zero body bytes and no sensitive resource/upload headers,Disposable test instance; this assertion covers the named scenario only. | Real ephemeral HTTP for every HEAD and SSE GET; other GET counterparts use disposable harness injection. Named bearer/grant lifecycle case only; no deployed authenticated actors.
HEAD,/uploads/:id,raw,raw route,nearby-guest,not-checked,not-checked,,No attributed endpoint/actor evidence: Not checked,No claim of runtime testing or source review for this cell; may be outside intended authority.
HEAD,/uploads/:id,raw,raw route,same-network-stranger,not-checked,not-checked,,No attributed endpoint/actor evidence: Not checked,No claim of runtime testing or source review for this cell; may be outside intended authority.
HEAD,/uploads/:id,raw,raw route,cross-site-browser,not-checked,not-checked,,No attributed endpoint/actor evidence: Not checked,No claim of runtime testing or source review for this cell; may be outside intended authority.
HEAD,/uploads/:id,raw,raw route,session-without-csrf,not-checked,not-checked,,No attributed endpoint/actor evidence: Not checked,No claim of runtime testing or source review for this cell; may be outside intended authority.
HEAD,/uploads/:id,raw,raw route,rebound-host,boundary-asserted,boundary-asserted,tests/security-audit-matrix.test.ts,Host validation: HTTP 403; assertion passed,"Disposable Fastify injection; missing resource IDs exercise global hooks, not resource ownership or valid payload processing."
HEAD,/uploads/:id,raw,raw route,revoked-member,not-checked,not-checked,,No attributed endpoint/actor evidence: Not checked,No claim of runtime testing or source review for this cell; may be outside intended authority.
HEAD,/uploads/:id,raw,raw route,authentication-bearer,not-checked,not-checked,,No attributed endpoint/actor evidence: Not checked,No claim of runtime testing or source review for this cell; may be outside intended authority.
HEAD,/uploads/:id,raw,raw route,local-helper,not-checked,not-checked,,No attributed endpoint/actor evidence: Not checked,No claim of runtime testing or source review for this cell; may be outside intended authority.
PATCH,/uploads/:id,raw,raw route,anonymous,observed-request-only,observed-request-only,tests/security-audit-matrix.test.ts:101:39; tests/security-audit-matrix.test.ts:116:37,"Request observed in completed test suite; assertion and purpose not inferred: HTTP status counts {""403"": 3}","May be fixture setup, valid feature/control or malformed request. Preload actor is best-effort at request start; share-bearer paths, revoked cookies and helper/network calls are not reliably classified. No payloads, credentials, fixture usernames or concrete token paths are exported."
PATCH,/uploads/:id,raw,raw route,forged-session,not-checked,not-checked,,No attributed endpoint/actor evidence: Not checked,No claim of runtime testing or source review for this cell; may be outside intended authority.
PATCH,/uploads/:id,raw,raw route,ordinary-member,security-property-asserted,security-property-asserted; allowed-control-asserted; observed-request-only,tests/admin.test.ts:23:5; tests/deliveries.test.ts:118:24; tests/deliveries.test.ts:148:24; tests/deliveries.test.ts:190:24; tests/deliveries.test.ts:198:32; tests/deliveries.test.ts:211:31; tests/deliveries.test.ts:222:24; tests/deliveries.test.ts:242:24; tests/deliveries.test.ts:272:25; tests/deliveries.test.ts:298:24; tests/deliveries.test.ts:45:24; tests/library.test.ts:109:19; tests/library.test.ts:110:17; tests/library.test.ts:111:21; tests/library.test.ts:180:19; tests/library.test.ts:183:20; tests/library.test.ts:210:21; tests/library.test.ts:255:18; tests/library.test.ts:292:25; tests/library.test.ts:307:22; tests/library.test.ts:313:17; tests/library.test.ts:343:18; tests/library.test.ts:355:19; tests/library.test.ts:35:19; tests/library.test.ts:415:18; tests/library.test.ts:420:5; tests/library.test.ts:452:18; tests/library.test.ts:454:20; tests/library.test.ts:458:20; tests/library.test.ts:67:20; tests/library.test.ts:76:20; tests/library.test.ts:81:19; tests/library.test.ts:97:11; tests/link-options.test.ts:186:24; tests/link-options.test.ts:23:22; tests/links.test.ts:110:24; tests/links.test.ts:21:22; tests/links.test.ts:271:24; tests/links.test.ts:68:31; tests/requests.test.ts:237:31; tests/requests.test.ts:516:5; tests/security-audit-admin-content.test.ts:11:19; tests/setup.test.ts:286:20; tests/transfers.test.ts:244:25; tests/transfers.test.ts:245:25; tests/transfers.test.ts:256:25; tests/transfers.test.ts:261:11; tests/transfers.test.ts:269:22; tests/transfers.test.ts:286:11; tests/transfers.test.ts:287:11; tests/transfers.test.ts:315:11; tests/transfers.test.ts:320:31; tests/transfers.test.ts:340:14; tests/transfers.test.ts:371:11; tests/transfers.test.ts:379:25; tests/transfers.test.ts:393:11; tests/security-audit-content.test.ts:625; tests/security-audit-content.test.ts:745,"Malformed, stale and oversize tus offsets cannot overwrite committed bytes: 400/409/413; offsets 0 then 3; race preserves abcdef | Real HTTP PATCH can publish bytes for a live session: 204; one ready node | Request observed in completed test suite; assertion and purpose not inferred: HTTP status counts {""204"": 70, ""404"": 2, ""409"": 1, ""410"": 2}","Disposable test instance; this assertion covers the named scenario only. | May be fixture setup, valid feature/control or malformed request. Preload actor is best-effort at request start; share-bearer paths, revoked cookies and helper/network calls are not reliably classified. No payloads, credentials, fixture usernames or concrete token paths are exported."
PATCH,/uploads/:id,raw,raw route,other-member,boundary-asserted,boundary-asserted,tests/security-audit-content.test.ts:129,"Foreign concrete resource IDs cannot read, mutate, bulk-operate, reuse uploads or close another tab: 404; no secret/hash/filename disclosure; mixed bulk operation leaves own item unchanged",Disposable test instance; this assertion covers the named scenario only.
PATCH,/uploads/:id,raw,raw route,administrator,observed-request-only,observed-request-only,tests/admin.test.ts:242:25,"Request observed in completed test suite; assertion and purpose not inferred: HTTP status counts {""204"": 1}","May be fixture setup, valid feature/control or malformed request. Preload actor is best-effort at request start; share-bearer paths, revoked cookies and helper/network calls are not reliably classified. No payloads, credentials, fixture usernames or concrete token paths are exported."
PATCH,/uploads/:id,raw,raw route,share-holder,not-checked,not-checked,,No attributed endpoint/actor evidence: Not checked,No claim of runtime testing or source review for this cell; may be outside intended authority.
PATCH,/uploads/:id,raw,raw route,request-guest,boundary-asserted,boundary-asserted; observed-request-only,tests/requests.test.ts:212:25; tests/requests.test.ts:213:25; tests/requests.test.ts:247:25; tests/requests.test.ts:292:25; tests/requests.test.ts:301:24; tests/requests.test.ts:322:25; tests/requests.test.ts:339:25; tests/requests.test.ts:423:25; tests/requests.test.ts:554:25; tests/requests.test.ts:558:25; tests/requests.test.ts:74:23; tests/transfers.test.ts:426:25; tests/requests.test.ts:251; tests/security-audit-content.test.ts:303; tests/security-audit-content.test.ts:330,"One request guest cannot access another guest's uploads or cancel transfer: 404 | Closing request denies outstanding guest work and new grants: PATCH 401; start/transfer 410 | Same-request guest credentials cannot act on another guest's transfer/upload: 404 for each cross-grant operation | Request observed in completed test suite; assertion and purpose not inferred: HTTP status counts {""204"": 437, ""401"": 3, ""404"": 1}","Disposable test instance; this assertion covers the named scenario only. | May be fixture setup, valid feature/control or malformed request. Preload actor is best-effort at request start; share-bearer paths, revoked cookies and helper/network calls are not reliably classified. No payloads, credentials, fixture usernames or concrete token paths are exported."
PATCH,/uploads/:id,raw,raw route,nearby-guest,not-checked,not-checked,,No attributed endpoint/actor evidence: Not checked,No claim of runtime testing or source review for this cell; may be outside intended authority.
PATCH,/uploads/:id,raw,raw route,same-network-stranger,not-checked,not-checked,,No attributed endpoint/actor evidence: Not checked,No claim of runtime testing or source review for this cell; may be outside intended authority.
PATCH,/uploads/:id,raw,raw route,cross-site-browser,boundary-asserted,boundary-asserted,tests/security-audit-matrix.test.ts,origin: HTTP 403; assertion passed | sec-fetch-site: HTTP 403; assertion passed,"Disposable Fastify injection; missing resource IDs exercise global hooks, not resource ownership or valid payload processing."
PATCH,/uploads/:id,raw,raw route,session-without-csrf,not-checked,not-checked,,No attributed endpoint/actor evidence: Not checked,No claim of runtime testing or source review for this cell; may be outside intended authority.
PATCH,/uploads/:id,raw,raw route,rebound-host,boundary-asserted,boundary-asserted,tests/security-audit-matrix.test.ts,Host validation: HTTP 403; assertion passed,"Disposable Fastify injection; missing resource IDs exercise global hooks, not resource ownership or valid payload processing."
PATCH,/uploads/:id,raw,raw route,revoked-member,boundary-asserted,boundary-asserted,tests/security-audit-account-lifecycle.test.ts:360; tests/security-audit-content.test.ts:745,Real HTTP PATCH cannot publish bytes after originating-session signout during staging: 401; no ready node | Revocation after file-close/prefix-close/directory-sync cannot commit offset or uploaded-byte accounting: 401; committed offset/accounting unchanged; authorized resume 204 replaces tail,Disposable test instance; this assertion covers the named scenario only.
PATCH,/uploads/:id,raw,raw route,authentication-bearer,not-checked,not-checked,,No attributed endpoint/actor evidence: Not checked,No claim of runtime testing or source review for this cell; may be outside intended authority.
PATCH,/uploads/:id,raw,raw route,local-helper,not-checked,not-checked,,No attributed endpoint/actor evidence: Not checked,No claim of runtime testing or source review for this cell; may be outside intended authority.
